s_no,tender_id,tender_refno,department,tender_title,end_date,documents,dept,filter_status,filter_reason
1,137010,GS(785/26),EDUCATION DEPARTMENT,"Bhupendra Narayan Mandal University, Madhepura, Biharhas been established under the Department of Higher Education, Government of Bihar. TheBhupendra Narayan Mandal University, Madhepura, Bihar intendents to purchase IT related equipment’s for Internal office uses.",2026-08-13 13:00,,,no,Hard-reject: civil/electrical/administrative signal 'it related equipment' — not a Meril product.
2,137285,R/02/TMBU/Store/152/2026,EDUCATION DEPARTMENT,"Request for Proposal (RFP) For Supply, Installation, and Commissioning of Heavy Duty Laser Multifunction Printer & Desktop Computer  through e-Procurement",2026-08-13 13:00,,,no,Hard-reject: civil/electrical/administrative signal 'desktop computer' — not a Meril product.
3,136396,NIT 7/BCD/ARA/2026-27,Building Construction Department,"Construction of approach road in Mandal Kara, Ara",2026-08-13 15:00,,,no,"The tender is for road construction, which is unrelated to surgical or diagnostic products."
4,136479,LetterNo. 2847 Dated 10.07.2026,Directorate of Horticulture,"SHORT e-TENDER / REQUEST FOR PROPOSAL Empanelment of OEMs / Authorized Agencies for Supply, Installation, Commissioning, Training, Warranty Support and Maintenance of Solar Crop Dryers of Multiple Capacities across Bihar.",2026-08-13 15:00,,,no,"The tender is for solar crop dryers, which are agricultural equipment unrelated to Meril's surgical or diagnostic product lines."
5,136484,LetterNo. 2859 Dated 11.07.2026,Directorate of Horticulture,"Short Tender for Selection of Agency for Operation & Maintenance, Crop Management, Nursery Production, Demonstration, Training and Handholding of Centre of Excellence on Vegetables including Aeroponics and Hydroponics Facility, Chandi, Nalanda, Bihar.",2026-08-13 15:00,,,no,Hard-reject: civil/electrical/administrative signal 'nala' — not a Meril product.
6,136804,NIT07/2026-27,Urban Development and Housing Department,"Design, Build, construct, install, commissioning of compost plant of 05 TPD for wet waste along with operation and maintenance of plant for 5 years EPC mode of Nagar Panchayat,Sarmera.",2026-08-13 15:00,,,no,Hard-reject: civil/electrical/administrative signal 'compost plant' — not a Meril product.
7,137181,Short EoI Notice No.- 01/2026-27 Dated 31/07/2026.,Water Resources Department,Selection of Agency for Consultancy Services for Preparation of Environmental Impact Assessment Report for Irrigation through pipe distribution network in Punpun Irrigation project.,2026-08-13 15:00,,,no,Hard-reject: civil/electrical/administrative signal 'irrigation' — not a Meril product.
8,137328,RE NIT 07/2026-27 SN. 01,Urban Development and Housing Department,BHARWARA NAGAR PANCHAYAT ANTARGAT WARD SANKHYA 7 ME CHHOTU RAM KE GHR SE UPENDR RAM KE GHR TAK PCC SADAK NIRMAN KARY,2026-08-13 15:00,,,no,"The tender describes a road construction project between houses, with no medical, surgical, or diagnostic context."
9,137334,RE NIT 07/2026-27 SN. 05,Urban Development and Housing Department,BHARWARA NAGAR PANCHAYAT ANTARGAT WARD SANKHYA 06 ME JAALE ATARBEL PATH (GHARDAUR) SE BINOD SAH KE GHR TAK MITTIKARAN TATHA PCC SADAK NIRMAN KARY,2026-08-13 15:00,,,no,The description refers to road construction work (PCC road) with no medical or diagnostic context.
10,137335,RE NIT 07/2026-27 SN. 06,Urban Development and Housing Department,NAGAR PANCHAYAT BHARWARA ANTARGAT WARD SANKHYA 10 ME RAMLAKHAN SAH KE GHR SE MAHAKAL CHAUK TAK PCC SADAK NIRMAN KARY,2026-08-13 15:00,,,no,The description is for road construction (PCC road work) with no medical or diagnostic context.
11,137336,RE NIT 07/2026-27 SN. 08,Urban Development and Housing Department,NAGAR PANCHAYAT BHARWARA ANTARGAT WARD SANKHYA 01 ME HAJARI SAH KE GHR SE LEKR LALI THAKUR KE DUKAN TAK AIWAM MUKESH THAKUR KE DUKAN SE SUNIL THAKUR KE CHAY DUKAN TAK PCC SADAK AIWAM NALA DHAKKAN SAHIT NIRMAN KARY,2026-08-13 15:00,,,no,Hard-reject: civil/electrical/administrative signal 'nala' — not a Meril product.
12,137337,RE NIT 07/2026-27 SN. 07,Urban Development and Housing Department,BHARWARA NAGAR PANCHAYAT ANTARGAT WARD SANKHYA 04 ME KESWAW ACADEMY SE PANKAJ JWELLERS TAK PCC SADAK AIWAM RCC NALA NIRMAN KARY,2026-08-13 15:00,,,no,Hard-reject: civil/electrical/administrative signal 'nala' — not a Meril product.
13,137330,RE NIT 07/2026-27 SN. 02,Urban Development and Housing Department,BHARWARA NAGAR PANCHAYAT ANTARGAT WARD SANKHYA -03 ME JAHAGIR KHAN KE GHR SE MUNNA ANSARI KE GHR TAK RCC NAALI AIWAM PCC SADAK NIRMAN KARY,2026-08-13 15:00,,,no,"The tender describes construction of RCC pipe and PCC road, which is civil infrastructure work unrelated to medical or diagnostic products."
14,137331,RE NIT 07/2026-27 SN. 03,Urban Development and Housing Department,BHARWARA NAGAR PANCHAYAT ANTARGAT WARD SANKHYA 02 ME GUPTA MEDIKAL SE SABIR DARJI KE DUKAN TAK RCC NALA SLAIB SAHIT NIRMAN KARY,2026-08-13 15:00,,,no,Hard-reject: civil/electrical/administrative signal 'nala' — not a Meril product.
15,137332,RE NIT 07/2026-27 SN. 04,Urban Development and Housing Department,BHARWARA NAGAR PANCHAYAT ANTARGAT WARD SANKHYA 08 ME SHAUKAT ALI JI KE GHR SE BADRE ALAM KE GHR TAK PCC SADAK AIWAM SLAIB SAHIT RCC NAALI NIRMAN KARY,2026-08-13 15:00,,,no,"The description refers to road and RCC conduit construction, not medical or diagnostic supplies."
16,137080,NIT No- 03/2026-2027 (Group - 4,Bihar Urban Infrastructure Development Corporation Ltd.,Construction work of Hume pipe drain from the house of Shri Ved Prakash ji towards the house of Shri Jaidev Prasad near Mirzapur Nohta bridge in Nagar Parishad Fatuha Ward No. 26,2026-08-13 15:30,,,no,Hard-reject: civil/electrical/administrative signal 'hume pipe' — not a Meril product.
17,137078,NIT No- 03/2026-2027 (Group - 2,Bihar Urban Infrastructure Development Corporation Ltd.,"Construction of a PCC road and hume pipe nala  in ward -12, Mohalla- atation road, from sri manoj kumar house to sri suman ji house  under  the Fatuha Municipal Council.",2026-08-13 15:30,,,no,Hard-reject: civil/electrical/administrative signal 'pcc road' — not a Meril product.
18,137079,NIT No- 03/2026-2027 (Group - 3,Bihar Urban Infrastructure Development Corporation Ltd.,"Construction of a PCC road and hume pipe nala  in ward -15,Mirjapur nohhta  from sri ashok ji house to sri madhusudan ravidas house   under  the Fatuha Municipal Council.",2026-08-13 15:30,,,no,Hard-reject: civil/electrical/administrative signal 'pcc road' — not a Meril product.
19,137081,NIT No- 03/2026-2027 (Group - 5,Bihar Urban Infrastructure Development Corporation Ltd.,"Ward No. 27, Sonaru Patel Nagar PCC road construction work from Shri Sunil Kumar's house towards Shri Sunil Singh's house",2026-08-13 15:30,,,no,Hard-reject: civil/electrical/administrative signal 'road construction' — not a Meril product.
20,137077,NIT No- 03/2026-2027 (Group - 1,Bihar Urban Infrastructure Development Corporation Ltd.,"Construction of a PCC road from the house of Mr. Nand Kishore Tantik in ward No.4, Moihalla Sammaspur, towards the house of Mr. Ganori Rai   the Fatuha Municipal Council.",2026-08-13 15:30,,,no,Hard-reject: civil/electrical/administrative signal 'pcc road' — not a Meril product.
22,137124,"NIT -06/2026-27/Dumraon, GR- 02",Urban Development and Housing Department,"Construction of a covered RCC drain and PCC road from Ram Vilas's house to the central drain, near the Mahakal Temple in Ward No. 33 of Dumraon Municipal Council.",2026-08-13 16:00,,,no,Hard-reject: civil/electrical/administrative signal 'pcc road' — not a Meril product.
23,136477,PR- 162/2026,Bihar School Examination Board,"Setup and Commissioning of e-Studio (e-Podium, Interactive Panel, Camera with all accessories, Server & storage) for Online Classes at BSEB, Patna",2026-08-13 16:00,,,no,"The tender is for setting up e‑Studio audio‑visual equipment for online classes, which is unrelated to surgical or diagnostic products."
24,136774,NIT No: 07 /2026-27,Urban Development and Housing Department,"Nagar Panchayat Bikram , invites online proposals for Selection of Agencies for Providing Outsourced Manpower for Performing and Managing Day to Day Activities related to sanitation work for Nagar Panchayat Bikram , Patna.",2026-08-13 17:00,,,no,"The tender is for outsourced sanitation manpower services, which is unrelated to surgical or diagnostic products."
25,137131,NIT-10/SBD/2026-27/GR-01,Bihar Police Building Construction Corporation,"CONSTRUCTION OF POLICE STATION BUILDING (G + 3 STRUCTURE), OUT HOUSE AT DHARAMPURA POLICE STATION IN THE DISTRICT OF ROHTAS - WITH ELECTRIFICATION",2026-08-13 17:00,,,no,"The tender is for construction of a police station building and electrification, unrelated to medical or diagnostic products."
26,137132,NIT-10/SBD/2026-27/GR-02,Bihar Police Building Construction Corporation,CONSTRUCTION OF OFFICE BUILDING OF S.P. MOTIHARI IN THE DISTRICT OF MOTIHARI WITH ELECTRIFICATION,2026-08-13 17:00,,,no,"The tender concerns construction of an office building and electrification, unrelated to medical or diagnostic products."
27,137133,NIT-10/SBD/2026-27/GR-03,Bihar Police Building Construction Corporation,CONSTRUCTION OF RIVER POLICE STATION BUILDING (G+1) AT RIVER POLICE STATION IN THE DISTRICT OF BAGAHA WITH ELECTRIFICATION,2026-08-13 17:00,,,no,"The tender is for construction of a police station building, which is civil infrastructure unrelated to medical or diagnostic products."
28,137134,NIT-10/SBD/2026-27/GR-04,Bihar Police Building Construction Corporation,CONSTRUCTION OF POLICE STATION BUILDING (G+1 STRUCTURE) OF NADI THANA AT DARBHANGA IN THE DISTRICT OF DARBHANGA WITH ELECTRIFICATION,2026-08-13 17:00,,,no,"Tender concerns construction of a police station building with electrification, which is unrelated to medical, surgical, or diagnostic products."
29,137136,NIT-10/SBD/2026-27/GR-05,Bihar Police Building Construction Corporation,CONSTRUCTION OF DIVISIONAL FIRE STATION BUILDING (G+3 STRUCTURE) WITH ELECTRIFICATION AT MADHUBANI IN THE DISTRICT OF MADHUBANI,2026-08-13 17:00,,,no,"The tender is for construction of a fire station building, which is unrelated to medical or diagnostic products."
30,137309,NIT/BSEDC/02-12/2026-27 Date: 06.08.2026,Bihar State Electronic Development Corporation,"Request for Proposal for Selection of Agency/Authorized Partner For ""Supply, Installation, Configuration and 5 Years Comprehensive Warranty & Support of Apple iPad Tablets for e-Cabinet Application, Cabinet Department, Government of Bihar""",2026-08-13 17:00,,,no,"The tender is for Apple iPad tablets for an e‑Cabinet application, which is an IT equipment procurement unrelated to medical or diagnostic products."
31,135314,"Pra-15-45/2026,lt 3640 Dated-07-07-2026",Food & Consumer Protection Department,"Selection of an Agency for Scanning, Digitization, Uploading, Backup, and Secure Storage of Records of the District Consumer Redressal Commissions (DCRCs) and the State Consumer Redressal Commission (SCRC), Bihar, Patna.",2026-08-13 17:00,,,no,"The tender is for scanning, digitization, and storage services, unrelated to medical or diagnostic products."
32,137126,NIT04/2026-27 SANITATION KASBA RETENDER,Urban Development and Housing Department,Selection of Agencies for Providing Outsourced Manpower for Performing and Managing Day to Day Activities related to sanitation work for Nagar Parishad Kasba (Purnea).,2026-08-13 17:00,,,no,"Tender is for outsourced sanitation manpower services, unrelated to medical or diagnostic products."
33,137087,NIT-07/2026-27/BIHARIGANJ,Urban Development and Housing Department,Selection of Agency for Implementation of Municipal e-Governance System covering all Properties in the Municipal Area of Nagar Panchayat Bihariganj.,2026-08-13 18:00,,,no,"The tender is for a municipal e‑governance system, which is unrelated to any surgical/endoscopy or diagnostic products."
34,136401,BSCL/DPR/2026/95,Urban Development and Housing Department,Selection of Consultants for Preparation of Detailed Project Report for various projects of Bhagalpur Smart City Limited.,2026-08-13 23:00,,,no,"The tender is for consulting services to prepare project reports for smart city projects, unrelated to medical or diagnostic products."
35,136666,PR- 165/2026,Bihar School Examination Board,"Selection of agency for design, development, implementation and maintenance of a real time interactive one to one learning support platform (24X7) for students of class 9th to 12th in model school of Bihar",2026-08-14 11:00,,,no,"The tender is for an educational learning platform, which is unrelated to medical, surgical, or diagnostic products."
36,136633,01/BCD/ARWAL/2026-27,Building Construction Department,Construction of District Registration Office Arwal under Arwal district including electrical work For The Year 2026-27.,2026-08-14 15:00,,,no,"Tender is for construction and electrical work of a district registration office, unrelated to medical or diagnostic products."
37,136757,NIT06/2026-27,Urban Development and Housing Department,"Design Build, construct, install, and commissioning of Material Recovery Facility (MRF) of 05 TPD for dry waste along with operation and maintenance of the plant for 5 years",2026-08-14 15:00,,,no,"The tender is for design, construction, and operation of a waste material recovery facility, which is unrelated to medical, surgical, or diagnostic products."
38,136326,NIT-04/2026-27/GR - 03/NIRMALI,Urban Development and Housing Department,DETAILED ESITMTE FOR THE CONSTRUCTION OF DRAIN WITH COVER FROM THE HOUSE OF SHIVJEE SAH TO NIRMAL BABA BHAWAN & FROM THE HOUSE OF DURGA SAFI TO THE HOUSE OF SANJEEV SAFI IN WARD NO - 03 UNDER NAGAR PANCHAYAT NIRMALI (SUPAUL),2026-08-14 15:00,,,no,"The tender is for civil construction of a drainage system, unrelated to medical or diagnostic products."
39,136327,NIT-04/2026-27/GR - 04/NIRMALI,Urban Development and Housing Department,DETAILED ESITMTE FOR THE RAISING OF PCC ROAD & DRAIN FROM THE HOUSE OF RAMRATAN SAH TO THE HOUSE OF LALBABU DAS IN WARD NO -05 UNDER NAGAR PANCHAYAT NIRMALI (SUPAUL),2026-08-14 15:00,,,no,Hard-reject: civil/electrical/administrative signal 'pcc road' — not a Meril product.
40,136331,NIT-04/2026-27/GR - 05/NIRMALI,Urban Development and Housing Department,DETAILED ESITMTE FOR THE RAISING OF PCC ROAD FROM THE HOUSE OF UPENDRA SINGH TO THE LAND OF MUNNA SAH VIA THE HOUSE OF GULETEN MANDAL IN WARD NO - 12 UNDER NAGAR PANCHAYAT NIRMALI (SUPAUL),2026-08-14 15:00,,,no,Hard-reject: civil/electrical/administrative signal 'pcc road' — not a Meril product.
41,136335,NIT-04/2026-27/GR - 06/NIRMALI,Urban Development and Housing Department,DETAILED ESITMTE FOR THE CONSTRUCTION OF PUKKA DRAIN FROM WITH COVER FROM THE LAND OF MUNNA SAH TO THE HOUSE OF UPENDRA SINGH VIA THE HOUSE OF GULETEN MANDAL IN WARD NO - 12 UNDER NAGAR PANCHAYAT NIRMALI (SUPAUL),2026-08-14 15:00,,,no,"The tender concerns civil construction of a drainage system, unrelated to medical or diagnostic products."
42,136336,NIT-04/2026-27/GR - 07/NIRMALI,Urban Development and Housing Department,DETAILED ESITMTE FOR THE CONSTRUCTION OF PCC ROAD FROM NORTHERN RING BAND TO THE HOUSE OF ROYJEE VIA THE HOUSE OF JANAK MANDAL IN WARD NO -01 UNDER NAGAR PANCHAYAT NIRMALI (SUPAUL),2026-08-14 15:00,,,no,Hard-reject: civil/electrical/administrative signal 'pcc road' — not a Meril product.
43,136423,NIT-04/2026-27/GR - 08/NIRMALI,Urban Development and Housing Department,DETAILED ESITMTE FOR THE EARTH FILLING FROM WESTERN RAILWAY UNDER PASS TO THE HOUSE OF DILIP SAH IN WARD NO -07 UNDER NAGAR PANCHAYAT NIRMALI (SUPAUL),2026-08-14 15:00,,,no,"The tender concerns civil earth‑filling work for a house, not medical or diagnostic products."
44,136425,NIT-04/2026-27/GR - 09/NIRMALI,Urban Development and Housing Department,DETAILED ESITMTE FOR THE CONSTRUCTION OF PCC ROAD FROM THE HHOUSE OF ASHA JHA TO THE HOUSE OF CHALITRA SHARMA IN WARD NO -07  UNDER NAGAR PANCHAYAT NIRMALI (SUPAUL),2026-08-14 15:00,,,no,Hard-reject: civil/electrical/administrative signal 'pcc road' — not a Meril product.
45,136426,NIT-04/2026-27/GR - 10/NIRMALI,Urban Development and Housing Department,DETAILED ESITMTE FOR THE CONSTRUCTION OF PAVER ROAD BEAUTIFICATION IN EASTERN SIDE (OFFICE CAMPUS) OF NAGAR PANCHAYAT IN WARD NO -05  UNDER NAGAR PANCHAYAT NIRMALI (SUPAUL),2026-08-14 15:00,,,no,"The tender is for construction of a paver road beautification, which is civil infrastructure and unrelated to medical, surgical, or diagnostic products."
46,136427,NIT-04/2026-27/GR - 11/NIRMALI,Urban Development and Housing Department,DETAILED ESITMTE FOR THE RAISING OF PCC ROAD & DRAIN FROM THE HOUSE OF BHUPENDRA YADAV TO THE HOUSE OF ARUN YADAV IN WARD NO -09  UNDER NAGAR PANCHAYAT NIRMALI (SUPAUL),2026-08-14 15:00,,,no,Hard-reject: civil/electrical/administrative signal 'pcc road' — not a Meril product.
47,136429,NIT-04/2026-27/GR - 12/NIRMALI,Urban Development and Housing Department,DETAILED ESITMTE AND ABSTRACT OF COST OF CONSTRUCTION OF DRAIN & ROAD FROM MD NAUSHAD HOUSE TO MAIN ROAD IN WARD NO -08  UNDER NAGAR PANCHAYAT NIRMALI (SUPAUL),2026-08-14 15:00,,,no,"The tender concerns construction of a drain and road, which is unrelated to medical, surgical, or diagnostic products."
48,136431,NIT-04/2026-27/GR - 13/NIRMALI,Urban Development and Housing Department,DETAILED ESITMTE AND ABSTRACT OF COST OF CONSTRUCTION OF DRAIN FROM BIRENDRA SINGH HOUSE TO KAILASH RAY IN WARD NO -06  UNDER NAGAR PANCHAYAT NIRMALI (SUPAUL),2026-08-14 15:00,,,no,"The tender is for construction of a drainage system, which is civil infrastructure unrelated to medical or diagnostic products."
49,136432,NIT-04/2026-27/GR - 14/NIRMALI,Urban Development and Housing Department,DETAILED ESITMTE AND ABSTRACT OF COST OF CONSTRUCTION OF DRAIN FROM SANJAY MANDAL HOUSE TO HEMNARAYAN SINGH HOUSE IN WARD NO -06 UNDER NAGAR PANCHAYAT NIRMALI (SUPAUL),2026-08-14 15:00,,,no,"The tender concerns construction of a drainage system, which is civil infrastructure and unrelated to medical or diagnostic products."
50,136434,NIT-04/2026-27/GR - 15/NIRMALI,Urban Development and Housing Department,DETAILED ESITMTE AND ABSTRACT OF COST OF CONSTRUCTION OF DRAIN FROM VIMAL RAY HOUSE TO RAMUDGAR KAMAT IN WARD NO -06 UNDER NAGAR PANCHAYAT NIRMALI (SUPAUL),2026-08-14 15:00,,,no,"The tender pertains to civil construction of a drainage system, not medical or diagnostic products."
52,136436,NIT-04/2026-27/GR - 17/NIRMALI,Urban Development and Housing Department,DETAILED ESITMTE AND ABSTRACT OF COST OF CONSTRUCTION OF DRAIN & ROAD FROM LAXMAN DAS HOUSE TO DEVA DAS IN WARD NO-06 UNDER NAGAR PANCHAYAT NIRMALI (SUPAUL),2026-08-14 15:00,,,no,"The tender concerns construction of a drain and road, unrelated to medical or diagnostic products."
53,136438,NIT-04/2026-27/GR - 18/NIRMALI,Urban Development and Housing Department,DETAILED ESITMTE AND ABSTRACT OF COST OF CONSTRUCTION OF DRAIN & ROAD FROM INDU KUMARI HOUSE TO PANKAJ MANDAL HOUSE  IN WARD NO-04 UNDER NAGAR PANCHAYAT NIRMALI (SUPAUL),2026-08-14 15:00,,,no,"The tender concerns civil construction of a drain and road, which is unrelated to surgical or diagnostic products."
54,136439,NIT-04/2026-27/GR - 19/NIRMALI,Urban Development and Housing Department,DETAILED ESITMTE AND ABSTRACT OF COST OF CONSTRUCTION OF DRAIN & ROAD FROM VINOD SAH HOUSE  OF BANKUL SADAY IN WARD NO-04 UNDER NAGAR PANCHAYAT NIRMALI (SUPAUL),2026-08-14 15:00,,,no,"Tender is for construction of drain and road, unrelated to medical or diagnostic products."
55,136441,NIT-04/2026-27/GR - 20/NIRMALI,Urban Development and Housing Department,DETAILED ESITMTE AND ABSTRACT OF COST OF CONSTRUCTION OF DRAIN  FROM BHAGWAT MANDAL HOUSE  OF VINOD SAH IN WARD NO-02  UNDER NAGAR PANCHAYAT NIRMALI (SUPAUL),2026-08-14 15:00,,,no,"The tender concerns construction of a drainage system, which is a civil infrastructure project unrelated to medical or diagnostic products."
56,136442,NIT-04/2026-27/GR - 21/NIRMALI,Urban Development and Housing Department,DETAILED ESITMTE AND ABSTRACT OF COST OF CONSTRUCTION OF DRAIN & ROAD FROM SHARWAN YADAV  HOUSE TO MAIN ROAD DARBHANGI RAM HOUSE IN WARD NO-02  UNDER NAGAR PANCHAYAT NIRMALI (SUPAUL),2026-08-14 15:00,,,no,"The tender is for construction of a drain and road, which is unrelated to medical, surgical, or diagnostic products."
57,136445,NIT-04/2026-27/GR - 24/NIRMALI,Urban Development and Housing Department,DETAILED ESITMTE AND ABSTRACT OF COST OF CONSTRUCTION OF DRAIN FROM ACCHELAL MANDAL HOUSE TO SITA RAM CHAUDHRY HOUSE IN WARD NO -11 UNDER NAGAR PANCHAYAT NIRMALI (SUPAUL),2026-08-14 15:00,,,no,"The tender concerns civil construction of a drainage system, not medical or diagnostic products."
58,136446,NIT-04/2026-27/GR - 25/NIRMALI,Urban Development and Housing Department,DETAILED ESITMTE AND ABSTRACT OF COST OF CONSTRUCTION OF DRAIN & ROAD FROM BAJRANWALI MANDIR TO RANJEET NAYAK GODAN IN WARD NO- 11 UNDER NAGAR PANCHAYAT NIRMALI (SUPAUL),2026-08-14 15:00,,,no,"The tender describes construction of a drain and road, which is a civil infrastructure project unrelated to medical or diagnostic products."
59,136448,NIT-04/2026-27/GR - 26/NIRMALI,Urban Development and Housing Department,DETAILED ESITMTE AND ABSTRACT OF COST OF CONSTRUCTION OF PCC ROAD FROM Dr.RAM PRASHAD YADAV HOUSE TO OFFICE OF NAGAR PANCHAYAT IN WARD NO- 05 UNDER NAGAR PANCHAYAT NIRMALI (SUPAUL),2026-08-14 15:00,,,no,Hard-reject: civil/electrical/administrative signal 'pcc road' — not a Meril product.
60,136449,NIT-04/2026-27/GR - 27/NIRMALI,Urban Development and Housing Department,DETAILED ESITMTE AND ABSTRACT OF COST OF CONSTRUCTION OF DRAIN  FROM OF NAGAR PANCHAYAT TO Dr.RAM PRASHAD YADAV HOUSE IN WARD NO- 05 UNDER NAGAR PANCHAYAT NIRMALI (SUPAUL),2026-08-14 15:00,,,no,"The tender is for construction of a drainage system, unrelated to medical or diagnostic products."
61,136450,NIT-04/2026-27/GR - 28/NIRMALI,Urban Development and Housing Department,DETAILED ESITMTE AND ABSTRACT OF COST OF CONSTRUCTION OF DRAIN & ROAD FROM SANTOSH CHAUDHRI  HOUSE TO SUCHITRA DEVI HOUSE IN WARD NO- 01 UNDER NAGAR PANCHAYAT NIRMALI (SUPAUL),2026-08-14 15:00,,,no,"The description concerns construction of a drain and road, unrelated to medical, surgical, or diagnostic products."
62,136451,NIT-04/2026-27/GR - 29/NIRMALI,Urban Development and Housing Department,DETAILED ESITMTE AND ABSTRACT OF COST OF CONSTRUCTION OF DRAIN & ROAD FROM HUMESHWAR KAMAT  HOUSE TO MALA DEVI HOUSE IN WARD NO- 01 UNDER NAGAR PANCHAYAT NIRMALI (SUPAUL),2026-08-14 15:00,,,no,"The tender concerns construction of a drain and road, which is a civil infrastructure project unrelated to medical or diagnostic products."
63,136452,NIT-04/2026-27/GR - 30/NIRMALI,Urban Development and Housing Department,DETAILED ESITMTE AND ABSTRACT OF COST OF CONSTRUCTION OF PCC ROAD FROM SHIV LAL KAMAT  HOUSE TO WESTERN RING DAM  IN WARD NO-06 & 01 UNDER NAGAR PANCHAYAT NIRMALI (SUPAUL),2026-08-14 15:00,,,no,Hard-reject: civil/electrical/administrative signal 'pcc road' — not a Meril product.
64,136455,NIT-04/2026-27/GR - 31/NIRMALI,Urban Development and Housing Department,DETAILED ESITMTE AND ABSTRACT OF COST OF CONSTRUCTION OF PCC ROAD FROM MUKESH KAMAT (TEACHER) HOUSE TO BALESHWAR KAMAT HOUSE & DHANAY MUKHIYA HOUSE IN WARD NO-01 & 06 UNDER NAGAR PANCHAYAT NIRMALI (SUPAUL),2026-08-14 15:00,,,no,Hard-reject: civil/electrical/administrative signal 'pcc road' — not a Meril product.
65,136457,NIT-04/2026-27/GR - 32/NIRMALI,Urban Development and Housing Department,DETAILED ESITMTE AND ABSTRACT OF COST OF CONSTRUCTION OF DRAIN & ROAD FROM RAMSEWAK KAMAT HOUSE TO BACCHESWAR JHA IN WARD NO-06 UNDER NAGAR PANCHAYAT NIRMALI (SUPAUL),2026-08-14 15:00,,,no,"The tender concerns construction of a drain and road, which is a civil infrastructure project unrelated to medical or diagnostic products."
66,136458,NIT-04/2026-27/GR - 33/NIRMALI,Urban Development and Housing Department,DETAILED ESITMTE AND ABSTRACT OF COST OF CONSTRUCTION OF PCC ROAD FROM SOUTH RING DAM TO LAST POINT OF KABRISTAN IN WARD NO-07 UNDER NAGAR PANCHAYAT NIRMALI (SUPAUL),2026-08-14 15:00,,,no,Hard-reject: civil/electrical/administrative signal 'pcc road' — not a Meril product.
67,136463,NIT-04/2026-27/GR - 34/NIRMALI,Urban Development and Housing Department,DETAILED ESITMTE AND ABSTRACT OF COST OF CONSTRUCTION OF SOIL FILING IN SHAMSHAN GHAT IN WARD NO -12 UNDER NAGAR PANCHAYAT NIRMALI (SUPAUL),2026-08-14 15:00,,,no,"The tender is for soil filling construction work, unrelated to medical, surgical, or diagnostic products."
68,136464,NIT-04/2026-27/GR - 35/NIRMALI,Urban Development and Housing Department,DETAILED ESITMTE AND ABSTRACT OF COST OF CONSTRUCTION OF DRAIN FROM PRASHADI KAMAT HOUSE TO RAJAN KAMAT TO DURGA MUKHIYA IN WARD NO- 01 UNDER NAGAR PANCHAYAT NIRMALI (SUPAUL),2026-08-14 15:00,,,no,"The description refers to construction of a drainage system, a civil infrastructure project with no medical or diagnostic relevance."
69,136465,NIT-04/2026-27/GR - 36/NIRMALI,Urban Development and Housing Department,DETAILED ESITMTE AND ABSTRACT OF COST OF CONSTRUCTION OF DRAIN & ROAD FROM RAMESH SAH HOUSE TO SHOP OF UMESH SAH IN WARD NO-10  UNDER NAGAR PANCHAYAT NIRMALI (SUPAUL),2026-08-14 15:00,,,no,"The tender concerns construction of a drain and road, which is unrelated to medical, surgical, or diagnostic products."
70,136467,NIT-04/2026-27/GR - 01/NIRMALI,Urban Development and Housing Department,Estimate for Community Toilet and Urinal (4+2) UNDER NAGAR PANCHAYAT NIRMALI (SUPAUL),2026-08-14 15:00,,,no,"The tender is for constructing community toilets and urinals, which is a civil infrastructure project unrelated to surgical or diagnostic products."
71,136468,NIT-04/2026-27/GR - 02/NIRMALI,Urban Development and Housing Department,Estimate for Community Toilet And Urinal (5+2)  UNDER NAGAR PANCHAYAT NIRMALI (SUPAUL),2026-08-14 15:00,,,no,"The tender concerns construction of community toilets and urinals, unrelated to medical or diagnostic products."
72,136998,RE-NIT 09/2026-27 GR- 01,Urban Development and Housing Department,"CONSTRUCTION OF R.C.C DRAIN FROM GAUSHALA TO MAIN DRAIN IN WARD NO. 01, UNDER NAGAR PARISHAD BARBIGHA, SHEIKHPURA. ( GROUP- 01)",2026-08-14 15:00,,,no,"The tender is for construction of a reinforced cement concrete drain, unrelated to medical, surgical, or diagnostic products."
73,137023,NIT/NPSAKRA/02/2026-27EOI.,Urban Development and Housing Department,"INVITATION OF EXPRESSION OF INTEREST (EOI) FOR EMPANELMENT OF AGENCY FOR COMPREHENSIV  REPAIR AND MAINTENANCE OF WATER SUPPLY SCHEME UNDER NAGAR PANCHYAT, SAKRA (BIHAR).",2026-08-14 15:00,,,no,Hard-reject: civil/electrical/administrative signal 'water supply' — not a Meril product.
74,136982,NIT-03/2026-27 GR-01(CP+BW),Urban Development and Housing Department,Construction work of 5 TPD wet waste processing plant (compost plant) under Nagar Panchayat Andar and operation and maintenance work of the plant for 5 years  including the tipping fee. With Consruction of Boundry wall for all land identify for Compost Plant & MRF Consruction.,2026-08-14 15:00,,,no,Hard-reject: civil/electrical/administrative signal 'compost plant' — not a Meril product.
75,136983,NIT-03/2026-27 GR-02(MRF),Urban Development and Housing Department,Construction work of 5 TPD dry waste processing plant (MRF) under Nagar Panchayat  Andar and operation and maintenance work of the plant for 5 years  on EPC mode.,2026-08-14 15:00,,,no,"The tender concerns construction and operation of a dry waste processing plant, which is unrelated to medical, surgical, or diagnostic products."
76,137280,NIT-HISUA-01/2026-27/GROUP NO.01,Urban Development and Housing Department,"Construction of Ghat and Paver Block Pathway and Renovation of Pound in front of Hanuman Temple in Baliyari Ward No. 04 under Nagar Parishad, Hisua (Nawada)",2026-08-14 15:00,,,no,Hard-reject: civil/electrical/administrative signal 'renovation' — not a Meril product.
77,137327,NIT NO -02/2026-27,Urban Development and Housing Department,Name of Work:-Day to Day Activities to Sanitation Work for Nagar Panchayat Ekma Bazar,2026-08-14 15:00,,,no,"The tender is for day‑to‑day sanitation activities for a municipal body, not related to medical or diagnostic products."
78,137329,NIT-19/2026-27/GROUP01,Urban Development and Housing Department,Outsourcing for Supply of Manpower for Sanitation work & Matrial Supply in Pitripaksha Mela & Connected Areas on Occasion Pitripaksha Mela 2026,2026-08-14 15:00,,,no,Hard-reject: civil/electrical/administrative signal 'outsourcing' — not a Meril product.
79,137025,EOI No. - 02/2026-27,Urban Development and Housing Department,"EOI for Empanelment of agency for comprehensive repair & maintenance of water supply scheme under Nagar Parishad, Nokha",2026-08-14 15:00,,,no,Hard-reject: civil/electrical/administrative signal 'water supply' — not a Meril product.
80,136482,NIT-05/2026-27.,Urban Development and Housing Department,Installation of street lights in Wards No. 01 to 15 under Nagar Panchayat Machhargawan.,2026-08-14 15:00,,,no,"The tender is for installing street lights, a civil infrastructure project with no medical or diagnostic relevance."
82,137057,NIT-04/2026-27/BIHARIGANJ,Urban Development and Housing Department,Request for Proposal for Selection of Agencies for Providing Outsourced Manpower for Performing and Managing Day to Day Activities related to sanitation work for Nagar Panchayat Bihariganj (Madhepura).,2026-08-14 15:30,,,no,"The tender is for outsourced sanitation manpower services, unrelated to medical, surgical, or diagnostic products."
83,135852,Re-NIT-14/ET/BCD/GOPALGANJ/2026-27,Building Construction Department,"Construction of 720 Bedded Dr. Bhim Rao Ambedkar SC/ST Residential School (10+2) at Baikunthpur, Distt - Gopalganj FY - 2025-26 (With Electrical)  Tender ID - 135852",2026-08-14 15:30,,,no,"The tender is for construction of a residential school, unrelated to medical, surgical, or diagnostic products."
84,137376,NIT 02/RE01/2026-27 NP MADHEPURA,Urban Development and Housing Department,Cost OF Construction of Estimate for ABC center (50 kennels) (100'x100') under Nagar Parishad MADHEPUR,2026-08-14 15:30,,,no,"The tender is for construction of a kennel center, unrelated to medical, surgical, or diagnostic products."
85,137379,NIT NO.- 08/2026-27/BHABHUA/GROUP-01,Public Health Engineering Department,"NAME OF WORK:- Estimate of safe demolitioning of unserviceable RCC overhead Water tower (Capacity- 25000 Gallon) of the scheme PWS Sahdullapur under P.H Division, Bhabhua for the year 2026-27.",2026-08-14 16:00,,,no,"Tender concerns demolition of a water tower, which is a civil construction activity unrelated to Meril's surgical or diagnostic products."
86,136063,RFP: 5/Khel 8-27/2026/02,Department of Sports,"Request for Proposal (RFP) For Establishing a Project Management Unit (PMU) for the Department of Sports, Government of Bihar",2026-08-14 16:00,,,no,"The tender is for establishing a project management unit for a sports department, unrelated to medical or diagnostic products."
87,131200,2223/Food/Weigbridge/2026-27,Food & Consumer Protection Department,"Supply, Installation, Commissioning and Maintenance of Electronic Weighing Machines at Fair Price Shops and Bihar State Food & Civil Supplies Corporation Limited Godowns in the State of Bihar",2026-08-14 17:00,,,no,"The tender concerns electronic weighing machines for food supply stores, unrelated to medical, surgical, or diagnostic products."
88,137293,NIT-10/2026-27/O & M-PHED (R-3) (GROUP NO. - 01),Public Health Engineering Department,"Operation & maintenance of i.) Rural Piped Water Supply Scheme (PWS), 
ii.) Single Village piped water supply schemes (SVS), 
iii.) Ward level Piped Water Supply Schemes in quality affected wards (WLS_Quality),
iii.) Ward level Piped Water Supply Schemes in non quality affected wards (WLS_Non Quality) by deploying pump operators and payment of electricity charges and 
Part II: Variable
Comprehensive Operation & Maintenance of
i.) Rural Piped Water Supply Scheme (PWS), 
ii.) Single Village piped water supply schemes (SVS), 
iii.) Ward level Piped Water Supply Schemes in quality affected wards (WLS_Quality)
iv.) Ward level Piped Water Supply Schemes in non quality affected wards (WLS_Non Quality) , 
i.e. the cost of chemicals, overhauling of filter media and related appurtenances, cleaning of ESR and campus, maintenance viz. cleaning painting of pump house, boundary wall, repair of leakages in distribution line, repair and provision of new FHTCs, repair and maintenance of pumps and other electromechanical components etc. all complete as per the directions of Engineer-in-charge. in 
Blocks:-                               08
Total No. of schemes:       280
WLS(Non Quality):            226
WLS(Quality):                      05
PWS (Non Quality):            35
SVS (Non Quality):             14",2026-08-14 17:00,,,no,Hard-reject: civil/electrical/administrative signal 'water supply' — not a Meril product.
89,137445,"NIT No - 01/2026-27/Madhepura, (Group - 01)",Bihar Urban Infrastructure Development Corporation Ltd.,Construction of Hume pipe drain for connect to outfall of Storm Water Drainage System Madhepura.,2026-08-14 17:00,,,no,Hard-reject: civil/electrical/administrative signal 'drainage' — not a Meril product.
90,136627,NIT- 644 Dated 14.07.2026,Bihar State Food and Civil Supplies Corporation Limited,NOTICE INVITING TENDER FOR SELECTION AND EMPANELMENT OF CONTRACTORS FOR DOOR STEP DELIVERY TRANSPORTATION OF FOOD GRAINS AT SHEIKHPURA DISTRICT.,2026-08-14 17:00,,,no,"The tender concerns door‑step delivery of food grains, which is unrelated to medical, surgical, or diagnostic products."
91,137111,NCE/CHANDI/01/2026-27,Department of Science and Technology,"Outsourcing of Services of Security Guard, Housekeeping Staff and Gardener",2026-08-14 17:00,,,no,Hard-reject: civil/electrical/administrative signal 'housekeeping' — not a Meril product.
92,134855,BSEDC/02/05/2026-27 Date: 01/07/2026,Bihar State Electronic Development Corporation,"REQUEST FOR PROPOSAL TO SELECT A SERVICE PROVIDER FOR SETTING UP A PROJECT MANAGEMENT UNIT (PMU) TO SUPPORT VARIOUS INITIATIVES UNDER Department of Science, Technology and Technical Education (DSTTE), GoB",2026-08-14 17:00,,,no,"The tender is for a project management unit service, unrelated to medical/surgical or diagnostic products."
93,136414,05/2026-27 np baisi,Urban Development and Housing Department,"Invitation for Expression of Interest to Prepare a Panel of Contractors for Restoration and Repair works related to Civic Amenities and Essential Services in Nagar Panchayat baisi, In Accordance with Departmental Letter No. 5564 dated 19.05.2026.",2026-08-14 17:00,,,no,"The tender concerns civic amenity restoration and repair works, unrelated to medical or diagnostic products."
94,131595,Tender Notice No:1600(C),Department of Industries,Request for Proposal (RFP) Selection of Event Management Agency for Bihar Business Connect 2026,2026-08-14 18:00,,,no,"The tender is for selecting an event management agency, unrelated to medical, surgical, or diagnostic products."
95,136419,NIT-13/MUZAFFARPUR/BCD/2026-27,Building Construction Department,"Construction of Type-A Quarter (G+5, Unit-22) & Type-B Quarter (G+5, Unit-66)  at Damuchak, Dist-Muzaffarpur For the Year 2026-27 (Electrification Including).",2026-08-15 15:00,,,no,"The tender describes construction of residential units with electrification, which is unrelated to surgical/endosurgery or diagnostic products."
96,137426,"13/E/Bankipur/2026, Group No. 01",Patna Municipal Corporation,"Construction of Park Beside Shakha Maidan in Rajendra Nagar, Road No.-05 in ward no. 43 Under Bankipur Division, PMC",2026-08-15 15:00,,,no,"The tender is for civil construction of a park, unrelated to medical or diagnostic products."
97,137443,SHERGHATINIT- 10/2026- 27,Urban Development and Housing Department,"Invitation for Expression of Interest (EoI) to prepare a panel of contractors for restoration a
nd repair works related to civic amenities and essential services in Nagar Parishad sherghati
a, in accordance with Departmental Letter No. 5564 dated 19.05.2026",2026-08-15 15:00,,,no,"The tender concerns civic amenity restoration and repair works, unrelated to medical or diagnostic products."
98,136684,01/(R1)MUZAFFARPUR/NQ/2026-27/O&M-PHED-GR-01,Public Health Engineering Department,"Comprehensive operation and maintenance, routine repairs and Special repairs of 
i.) Rural Piped Water Supply Scheme (PWS)- 16 Nos, 
ii.) Single Village piped water supply schemes (SVS)- 18 Nos, 
iii.) Ward level Piped Water Supply Schemes in non quality affected wards (WLS)-68 Nos based on item rates; constructed by the Public Health Engineering Department including payment to the pump operators, electricity bills for five years.",2026-08-15 16:00,,,no,Hard-reject: civil/electrical/administrative signal 'water supply' — not a Meril product.
99,137315,NIT/SBD No-02/NNS-2025-26,Urban Development and Housing Department,"SUPPLYING, INSTALLTION AND MAINTENANCE OF L.E.D. STREET LIGHTS ON ELECTRIC POLES UNDER NAGAR NIGAM SAMASTIPUR, PHASE-II.",2026-08-16 15:00,,,no,"The tender concerns LED street lighting installation and maintenance, which is unrelated to medical or diagnostic products."
100,137129,NIT NO-08/2026-27_ GR-03,Urban Development and Housing Department,Construction of PCC road from kameshwar sah shop (Trimuhani ) to Krishna Singh house at ward no-03 under Nagar Panchayat Basantpur,2026-08-16 16:00,,,no,Hard-reject: civil/electrical/administrative signal 'pcc road' — not a Meril product.
101,137130,NIT NO-08/2026-27_ GR-04,Urban Development and Housing Department,"Construction of Chhath Ghat, Arch Gate and Paver block near Chhathi Mai Place (Near Nonia Toly ) at Ward no-02 under Nagar Panchayat Basantpur",2026-08-16 16:00,,,no,"The tender concerns civil construction of a gate and pavement, unrelated to medical or diagnostic products."
102,137091,NIT NO-08/2026-27_ GR-01,Urban Development and Housing Department,Construction of PCC road from Dasrath Prasad Land to Baban prasad Land  at ward no-05 under Nagar Panchayat Basantpur,2026-08-16 16:00,,,no,Hard-reject: civil/electrical/administrative signal 'pcc road' — not a Meril product.
103,134738,NIT-08/2026-27_GR-02,Urban Development and Housing Department,"CONSTRUCTION OF CHHATH GHAT, ARCH GATE AND PAVER BLOCK NEAR BRAHAM BABA AT WARD N0-10 UNDER NAGAR PANCHAYAT BASANTPUR",2026-08-16 16:00,,,no,"The tender is for construction of a gate and paver block, unrelated to medical or diagnostic products."
104,137313,BUIDCo/vi/634/26-63,Bihar Urban Infrastructure Development Corporation Ltd.,"Request for Proposal (RFP) for Selection of Agency for Scanning, digitization & storage / backup of file and records of Buidco",2026-08-16 17:00,,,no,"The tender concerns scanning, digitization and storage of records, which is unrelated to medical/surgical or diagnostic products."
105,136756,RFP No.:3 e-proc/ BETDS / ECOTOURISM/RFP/ 2026- 27,"Environment, Forest & Climate Change Department",Request for Proposal (RFP) For Empanelment of Architect Consultants for Bihar Eco Tourism Development Society (BETDS).,2026-08-17 12:00,,,no,"The tender is for architect consultants for eco‑tourism development, unrelated to medical, surgical, or diagnostic products."
106,136668,NIT04 RFP/GR02/2026-27 Udakishunganj,Urban Development and Housing Department,"Design, Build, construct, install, commissioning of compost plant of 10 TPD for wet waste along with operation and maintenance of plant for 5 years including the tipping fee Under in NP Udakishunganj Madhepura.",2026-08-17 15:00,,,no,Hard-reject: civil/electrical/administrative signal 'compost plant' — not a Meril product.
107,136615,NIT- 2328 Dated 21.07.2026,"KOSI DUGDH UTPADAK SAHKARI SANGH LIMITED, SUPAUL","PROPOSED DEVELOPMENT OF VACANT LAND FILLING,RCC ROAD & PAVERBLOCK FIXING WORK AT SUPAUL DAIRY",2026-08-17 15:00,,,no,Hard-reject: civil/electrical/administrative signal 'cc road' — not a Meril product.
108,136656,NIT- 10/BCD/GAYA/2026-27 GR 1,Building Construction Department,"CONSTRUCTION OF PANCHAYAT SARKAR BHAWAN in Nimchak Bathani Block of Gaya District,   Bathani PANCHYAT  (including electrification work),",2026-08-17 15:00,,,no,"The tender is for construction and electrification of a building, unrelated to medical or diagnostic products."
109,136657,NIT- 10/BCD/GAYA/2026-27 GR 2,Building Construction Department,"CONSTRUCTION OF PANCHAYAT SARKAR BHAWAN in Nimchak Bathani Block of Gaya District,   MAI PANCHYAT  (including electrification work).",2026-08-17 15:00,,,no,"The tender is for construction and electrification of a building, not related to medical or diagnostic products."
110,136658,NIT- 10/BCD/GAYA/2026-27 GR 3,Building Construction Department,"CONSTRUCTION OF PANCHAYAT SARKAR BHAWAN in Nimchak Bathani Block of Gaya District,   SINGHAUL PANCHYAT  (including electrification work),",2026-08-17 15:00,,,no,"The tender pertains to construction and electrification of a building, unrelated to medical or diagnostic products."
112,136389,BSDM/Employment Linked Circular Economy- 192/2026,"YOUTH, EMPLOYMENT AND SKILL DEVELOPMENT DEPARTMENT",Selection of Training Partner/s to implement employment linked Circular and Green Economy Skill Development Programs under Bihar Skill Development Mission.,2026-08-17 15:00,,,no,"The tender is for a training partner for skill development programs, unrelated to medical/surgical or diagnostic products."
113,135801,12/BSBCCL/2026-27 GR02,Bihar State Building Construction Corporation Ltd,Construction of Sports Infrastructure in campus of Munshi Singh College at Motihari Dist- East Champaran.,2026-08-17 15:00,,,no,"Tender is for construction of sports infrastructure, unrelated to medical or diagnostic products."
114,136064,PRD_PR_007580/26-27,Urban Development and Housing Department,Re-tender of RFP for Appointment of an Agency to Provide Services for the Implementation of   PM SVANidhi Scheme in Bihar vide Manpower for the Implementation of PM SVANidhi Scheme in Bihar,2026-08-17 15:00,,,no,"The tender is for manpower services to implement a government scheme, unrelated to medical, surgical, or diagnostic products."
115,136192,SHORT TIME E TENDER NO. 11/2026-27,Building Construction Department,"Renovation and replacement to E/W & E/I in SDM at Baliya, Distt.-Begusarai.",2026-08-17 15:00,,,no,Hard-reject: civil/electrical/administrative signal 'renovation' — not a Meril product.
116,136193,SHORT TIME E TENDER NO. 11/2026-27 GR 02,Building Construction Department,"Provision to E/W for Installation of Online UPS all Court rooms of Civil Court, Begusarai",2026-08-17 15:00,,,no,"The tender is for installing online UPS in court rooms, which is unrelated to medical/surgical or diagnostic products."
117,137321,PHED/ARARIA/NIT-03/2026-27/Gr-01,Public Health Engineering Department,"Design, Construction, Supply, Testing, commissioning of Pipe Water Supply Schemes with Electric Driven Pumps and IRON Removal Treatment Plant having Technology (Adsorption/ Nano Technology) of CSIR or certified by CSIR or any other Technology endorsed/ approved by GoI in the IRON affected areas of Sikti Bop District of Araira on turn-key basis with 03 months Trial Run after Commissioning and Comprehensive Operation and Maintenance of 60 months after successful completion of Trial Run Period under  under P.H.Division, ARARIA.",2026-08-17 15:00,,,no,Hard-reject: civil/electrical/administrative signal 'water supply' — not a Meril product.
118,137444,NIT-03/2026-27/Gr-20,Urban Development and Housing Department,Nagar Parishad sampatchak ward no. 16 me anil vishwakarma ke ghar se subodh ji ke ghar ki or pcc sadak nirman karya.,2026-08-17 15:00,,,no,"The description refers to road construction work, which is unrelated to medical, surgical, or diagnostic products."
119,137449,NIT-03/2026-27/Gr-23,Urban Development and Housing Department,Nagar Parishad sampatchak ward no. 17 Me Amlesh ji ke ghar se lulhai tola rajdev ji bala ji bankwet hall hote hue pain tak hume paip nala nirman karya.,2026-08-17 15:00,,,no,Hard-reject: civil/electrical/administrative signal 'nala' — not a Meril product.
120,137450,NIT-03/2026-27/Gr-24,Urban Development and Housing Department,Nagar Parishad sampatchak ward no. 17 Me cenra bank ke piche bhushan ji ke ghar ke pas avam gosai matth me surendra yadav ke ghar ke pas and kumhar toli me sindhu ji ke ghar ke pas stand post nirman karya,2026-08-17 15:00,,,no,"The tender describes construction of a stand post in a municipal area, with no medical or diagnostic context."
121,137446,NIT-03/2026-27/Gr-21,Urban Development and Housing Department,Nagar Parishad sampatchak ward no. 16 me samudayik bhawan ke pas avam gouriya sthan ke pas stand post nirman karya.,2026-08-17 15:00,,,no,"The description pertains to construction of a stand post in a municipal area, unrelated to medical, surgical, or diagnostic products."
122,137447,NIT-03/2026-27/Gr-22,Urban Development and Housing Department,Nagar Parishad sampatchak ward no. 17 Me manoj paswan ke ghar se dhalai road bijendra pandit ke ghar tak nala avam pcc sadak nirman karya.,2026-08-17 15:00,,,no,Hard-reject: civil/electrical/administrative signal 'nala' — not a Meril product.
123,137430,NIT-03/2026-27/Gr-14,Urban Development and Housing Department,Nagar Parishad sampatchak ward no. 11 Me sanjay mochi ke makan se laddu paswan ke makan hote hue ganesh chaudhri ke makan tak nala avam pcc sadak nirman karya.,2026-08-17 15:00,,,no,Hard-reject: civil/electrical/administrative signal 'nala' — not a Meril product.
124,137431,NIT-03/2026-27/Gr-15,Urban Development and Housing Department,Nagar Parishad sampatchak ward no. 12 Me Rohan kumar ke ghar se badi kuan fasilabad ki or  nala avam pcc sadak nirman karya.,2026-08-17 15:00,,,no,Hard-reject: civil/electrical/administrative signal 'nala' — not a Meril product.
125,137435,NIT-03/2026-27/Gr-16,Urban Development and Housing Department,Nagar Parishad sampatchak ward no. 13 Me Rajkishor ram ke makan se prem paswan ke makan men road tak avam anant rai ke makan se kaoleshwar ram ke makan tak avam sabri mandir se yogendra arya ke makan tak  nala avam pcc sadak nirman karya.,2026-08-17 15:00,,,no,Hard-reject: civil/electrical/administrative signal 'nala' — not a Meril product.
126,137437,NIT-03/2026-27/Gr-17,Urban Development and Housing Department,Nagar Parishad sampatchak ward no. 14 Gram sumerchak mushari me umesh manjhi ke ghar se sarkari school mitanchak hote hue mathur ji ke makan tak nala avam pcc sadak nirman karya.,2026-08-17 15:00,,,no,Hard-reject: civil/electrical/administrative signal 'nala' — not a Meril product.
127,137438,NIT-03/2026-27/Gr-18,Urban Development and Housing Department,Nagar Parishad sampatchak ward no. 14 me mitanchak mushari sarkari school ke pas stand post nirman karya.,2026-08-17 15:00,,,no,"The tender describes construction of a stand post near a school, unrelated to medical or diagnostic products."
128,137452,NIT-03/2026-27/Gr-25,Urban Development and Housing Department,Nagar Parishad sampatchak ward no. 18 Me Arun singh ke ghar se rajan sinha ke ghar tak avam sambhu paswan ke ghar se dhalai sadak tak nala avam pcc sadak nirman karya.,2026-08-17 15:00,,,no,Hard-reject: civil/electrical/administrative signal 'nala' — not a Meril product.
129,137453,NIT-03/2026-27/Gr-26,Urban Development and Housing Department,Nagar Parishad sampatchak ward no. 18 Me Shashi lal ke makan se kaoushal baba ke makan hote hue randhir thikdar ke makan tak avam puti kevat ke makan se rajesh thakur ke makan tak  nala avam pcc sadak nirman karya.,2026-08-17 15:00,,,no,Hard-reject: civil/electrical/administrative signal 'nala' — not a Meril product.
130,137454,NIT-03/2026-27/Gr-27,Urban Development and Housing Department,Nagar Parishad sampatchak ward no. 19 Me Ashok pandit ke ghar se santosh singh ke ghar hote hue virendra sinha ke ghar tak   pcc sadak avam nali nirman karya.,2026-08-17 15:00,,,no,"The tender describes road and drainage construction work, which is unrelated to medical or diagnostic products."
131,137455,NIT-03/2026-27/Gr-28,Urban Development and Housing Department,Nagar Parishad sampatchak ward no. 19 Me Ramvaraj singh ke ghar se sishupal singh ke ghar ki or  pcc sadak nirman karya.,2026-08-17 15:00,,,no,"The tender describes a road construction project, which is unrelated to Meril's surgical or diagnostic products."
132,137456,NIT-03/2026-27/Gr-29,Urban Development and Housing Department,Nagar Parishad sampatchak ward no. 20 Me sohgi more pr stand post nirman karya.,2026-08-17 15:00,,,no,"The description refers to construction of a stand post for a municipal ward, which is unrelated to medical, surgical, or diagnostic products."
133,137457,NIT-03/2026-27/Gr-30,Urban Development and Housing Department,Nagar Parishad sampatchak ward no. 21 Me bhola singh ke ghar se dinesh pandit ke ghar hote hue umesh ji ke ghar tak avam sanjay ji ke ghar se men road tak nala avam pcc sadak nirman karya.,2026-08-17 15:00,,,no,Hard-reject: civil/electrical/administrative signal 'nala' — not a Meril product.
134,137458,NIT-03/2026-27/Gr-31,Urban Development and Housing Department,Nagar Parishad sampatchak ward no. 22 Me Bandoh pr devi sthan ke pas avam aganbadi ke pas bhidper bajarangbali mandir ke pas and ramnagar more pr stand post nirman karya.,2026-08-17 15:00,,,no,"The description refers to construction of a stand post near a temple, unrelated to medical or diagnostic products."
135,137459,NIT-03/2026-27/Gr-32,Urban Development and Housing Department,"Nagar Parishad sampatchak ward no. 22 Me Sanjit rai ke ghar se shankar rai, Vijay rai ke ghar hote hue men road tak pcc sadak avam nali nirman karya.",2026-08-17 15:00,,,no,"The description refers to a road and drainage construction project, unrelated to medical or diagnostic products."
136,137460,NIT-03/2026-27/Gr-33,Urban Development and Housing Department,Nagar Parishad sampatchak ward no. 23 Me Patna gaya men road se bhola yadav ke ghar tak nala avam pcc sadak nirman karya.,2026-08-17 15:00,,,no,Hard-reject: civil/electrical/administrative signal 'nala' — not a Meril product.
137,137461,NIT-03/2026-27/Gr-34,Urban Development and Housing Department,Nagar Parishad sampatchak ward no. 23 Me Devi sthan se shiv mandir hote hue sarkari school ki or nala avam pcc sadak nirman karya .,2026-08-17 15:00,,,no,Hard-reject: civil/electrical/administrative signal 'nala' — not a Meril product.
138,137462,NIT-03/2026-27/Gr-35,Urban Development and Housing Department,Nagar Parishad sampatchak ward no. 24 Me Sahdev ji ke ghar se satendra rai ke ghar tak nala avam pcc sadak nirman karya .,2026-08-17 15:00,,,no,Hard-reject: civil/electrical/administrative signal 'nala' — not a Meril product.
139,137463,NIT-03/2026-27/Gr-36,Urban Development and Housing Department,Nagar Parishad sampatchak ward no. 24 Me Raju chandravanshi ke makan se raju rai ke makan tak nala avam pcc sadak nirman karya .,2026-08-17 15:00,,,no,Hard-reject: civil/electrical/administrative signal 'nala' — not a Meril product.
140,137464,NIT-03/2026-27/Gr-37,Urban Development and Housing Department,Nagar Parishad sampatchak ward no. 26 Me Budhwa mahadev mandir se nageshwar singh market hote hue pwd road  tak nala avam pcc sadak nirman karya .,2026-08-17 15:00,,,no,Hard-reject: civil/electrical/administrative signal 'nala' — not a Meril product.
142,137466,NIT-03/2026-27/Gr-39,Urban Development and Housing Department,Nagar Parishad sampatchak ward no. 28 Me Sudhir pandit ke ghar se raghunath rai ke ghar hote hue munna singh ke ghar  tak nala avam pcc sadak nirman karya .,2026-08-17 15:00,,,no,Hard-reject: civil/electrical/administrative signal 'nala' — not a Meril product.
143,137467,NIT-03/2026-27/Gr-40,Urban Development and Housing Department,Nagar Parishad sampatchak ward no. 28 Me Yogeshwar rai ke makan se sanjay kumar ke makan hote hue lt gorakh rai ke makan tak nala avam pcc sadak nirman karya .,2026-08-17 15:00,,,no,Hard-reject: civil/electrical/administrative signal 'nala' — not a Meril product.
144,137468,NIT-03/2026-27/Gr-41,Urban Development and Housing Department,Nagar Parishad sampatchak ward no. 29 Me Patna gaya men road se bharat saw ke makan tak nala avam pcc sadak nirman karya .,2026-08-17 15:00,,,no,Hard-reject: civil/electrical/administrative signal 'nala' — not a Meril product.
145,137469,NIT-03/2026-27/Gr-42,Urban Development and Housing Department,Nagar Parishad sampatchak ward no. 29 Me Patna gaya men road se Shyam babu paswan ke ghar hote hue mandir  tak nala avam pcc sadak nirman karya .,2026-08-17 15:00,,,no,Hard-reject: civil/electrical/administrative signal 'nala' — not a Meril product.
146,137470,NIT-03/2026-27/Gr-43,Urban Development and Housing Department,Nagar Parishad sampatchak ward no. 30 Me Rajistri office ke bagal me avam bajarangbali mandir ke pas stand post nirman karya.,2026-08-17 15:00,,,no,"The description is for construction of a stand post in a municipal area, unrelated to medical or diagnostic products."
147,137471,NIT-03/2026-27/Gr-44,Urban Development and Housing Department,Nagar Parishad sampatchak ward no. 31 Me Pasi rai ke ghar se shyam rai ke ghar hote hue patna gaya men road tak nala avam pcc sadak nirman karya.,2026-08-17 15:00,,,no,Hard-reject: civil/electrical/administrative signal 'nala' — not a Meril product.
148,137472,NIT-03/2026-27/Gr-45,Urban Development and Housing Department,"Nagar Parishad sampatchak ward no. 31 Me Siratpur me pramod rai ke samne se mantu pandey, suresh kewat, somnath ram, rampukar ji ke ghar hote hue sunil mistri ke ghar  tak nala avam pcc sadak nirman karya.",2026-08-17 15:00,,,no,Hard-reject: civil/electrical/administrative signal 'nala' — not a Meril product.
149,137473,NIT-03/2026-27/Gr-46,Urban Development and Housing Department,Nagar Parishad sampatchak ward no. 31 Me Pasi rai ke ghar ke pas avam manjhi toli me stand post nirman karya.,2026-08-17 15:00,,,no,"The description refers to construction of a stand post in a municipal ward, with no medical or diagnostic context."
150,137474,NIT-03/2026-27/Gr-47 (Re-tender),Urban Development and Housing Department,Nagar Parishad sampatchak ward no. 06 Me vijay prasad ke ghar tak nala avam pcc sadak nirman karya.,2026-08-17 15:00,,,no,Hard-reject: civil/electrical/administrative signal 'nala' — not a Meril product.
151,137475,NIT-03/2026-27/Gr-48 (Re-tender),Urban Development and Housing Department,Nagar Parishad sampatchak ward no. 08 Me Sunil patel ke ghar se purav ki or raju ji ke makan tak pcc sadak avam nali nirman karya.,2026-08-17 15:00,,,no,"The tender describes a municipal road and drain construction project, unrelated to medical or diagnostic products."
152,137476,NIT-03/2026-27/Gr-49 (Re-tender),Urban Development and Housing Department,Nagar Parishad sampatchak ward no. 28 Me Patna gaya mukhya sadak se devendra prasad ke ghar hote hue harihar rai ke ghar tak pcc sadak avam nali nirman karya.,2026-08-17 15:00,,,no,"The tender describes a municipal road and drain construction project, unrelated to medical or diagnostic products."
153,137477,NIT-03/2026-27/Gr-50 (Re-tender),Urban Development and Housing Department,Nagar Parishad sampatchak ward no. 30  Me Anirudh kumar ke ghar se dak gosai pyne ki or nala avam pcc sadak nirman karya.,2026-08-17 15:00,,,no,Hard-reject: civil/electrical/administrative signal 'nala' — not a Meril product.
154,137503,NIT 22 2026 27 (2nd Call) GR 01,Urban Development and Housing Department,GROUP NO.- 01 Name of Work :- Construction of RCC Drain & PCC Road in neem chowk Rahul studio at Rambag and Murlidhar bhagat house to Nageshwar yadav house in Ward 11.,2026-08-17 15:00,,,no,Hard-reject: civil/electrical/administrative signal 'pcc road' — not a Meril product.
155,137510,NIT 22 2026 27 (2nd Call) GR 02,Urban Development and Housing Department,GROUP NO.- 02 Name of Work :- Construction of RCC Drain & PCC Road from Manish kumar purbey house to kailash ram house at muhallah saidpur in Ward 14.,2026-08-17 15:00,,,no,Hard-reject: civil/electrical/administrative signal 'pcc road' — not a Meril product.
156,137512,NIT 22 2026 27 (2nd Call) GR 03,Urban Development and Housing Department,GROUP NO.- 03 Name of Work :- Construction of RCC Drain & PCC Road from Amar sah house to bipin mahto house in Ward 15.,2026-08-17 15:00,,,no,Hard-reject: civil/electrical/administrative signal 'pcc road' — not a Meril product.
157,137513,NIT 22 2026 27 (2nd Call) GR 04,Urban Development and Housing Department,GROUP NO.- 04 Name of Work :- Construction of RCC Drain & PCC Road from Gyan bharti main road to Ranjeet paswan house to Pramod paswan house in Ward 16.,2026-08-17 15:00,,,no,Hard-reject: civil/electrical/administrative signal 'pcc road' — not a Meril product.
158,137515,NIT 22 2026 27 (2nd Call) GR 05,Urban Development and Housing Department,GROUP NO.- 05 Name of Work :- construction of Rcc drain and Pcc road in ward no:-19 1.from the house of shrawan mahto to pankaj bajaj house 2. from the house of ganga bhandari to kundal mandal house.3. from the house of vijay singh to house of Arun jha. 4. from the house of vidyapati choudhari to from the house of nirala ji.,2026-08-17 15:00,,,no,Hard-reject: civil/electrical/administrative signal 'pcc road' — not a Meril product.
159,137516,NIT-06/GROUP01/2026-27/UDAKISHUNGANJ,Urban Development and Housing Department,"Bill of Quantity for Construction of rcc drain leading from house of akhilesh yadav s/o-dineshwari yadav house to PMGSY road in ward no- 26 under Nagur parishand
Udakishunganj , Madhepura for Year- 2026-27",2026-08-17 15:00,,,no,"The tender is for civil construction of a RCC drain, unrelated to medical or diagnostic products."
160,137518,NIT 22 2026 27 (2nd Call) GR 06,Urban Development and Housing Department,GROUP NO.- 06 Name of Work :- construction of Rcc drain in ward no:-28 1.from the house of madan bari to from the house of hare krisn jha in the mogalpura.,2026-08-17 15:00,,,no,"The tender is for civil construction of an RCC drain, not medical or diagnostic products."
161,137520,NIT 22 2026 27 (2nd Call) GR 07,Urban Development and Housing Department,GROUP NO.- 07 Name of Work :- Construction of (1) PCC Road & RCC Drain from  the house of Suresh to  the house of Krishna Bhagat(2) RCC Drain from  the house of Om Prakash Gupta to  the house of Amiri Paswan(3) RCC Drain from  the house of Raj kumar sahani to  the house of Hari Sahani in ward no-34.,2026-08-17 15:00,,,no,Hard-reject: civil/electrical/administrative signal 'pcc road' — not a Meril product.
162,137522,NIT 22 2026 27 (2nd Call) GR 08,Urban Development and Housing Department,"GROUP NO.- 08 Name of Work :- In Ward-02,  (1) Construction of RCC Drain and PCC Road from Uchit paswan   home to Rajendra paswan upto Shivnarayan paswan home in muhallah bira and beautification of veera sailesh sthan and Chhatthi pokhar.",2026-08-17 15:00,,,no,Hard-reject: civil/electrical/administrative signal 'pcc road' — not a Meril product.
163,137531,NIT 22 2026 27 (2nd Call) GR 09,Urban Development and Housing Department,"GROUP NO.- 09 Name of Work :- In Ward-08,  (1) Construction of Drain and Road from Hanuman ray home upto Bharat  ray home.   (2)  Construction of Drain from Umesh ray home  upto main road Vijay sinha home.",2026-08-17 15:00,,,no,"The tender is for civil construction of drains and roads, unrelated to medical or diagnostic products."
164,137537,NIT 22 2026 27 (2nd Call) GR 10,Urban Development and Housing Department,GROUP NO.- 10 Name of Work :- construction of Rcc drain in ward no:-20 1.from the house of Mohan ji to Malechh Mardni Mandir.,2026-08-17 15:00,,,no,"The tender describes civil construction of an RCC drain, not medical or diagnostic products."
165,137541,NIT 22 2026 27 (2nd Call) GR 11,Urban Development and Housing Department,GROUP NO.- 11 Name of Work :- construction of Rcc drain in ward no:-22 1.from the Mhalakshmi hardweare godam to the house of lalo panjiyar to the via the house of shrawan sah in the Masharaph Bajar.,2026-08-17 15:00,,,no,"The tender is for construction of an RCC drain, a civil infrastructure project, not for any surgical or diagnostic product."
166,137543,NIT 22 2026 27 (2nd Call) GR 12,Urban Development and Housing Department,GROUP NO.- 12 Name of Work :- Construction of PCC Road & RCC Drain from  the house of Taki Master to the house of Dr Arif Sahnawaz in  Mohalla Chhoti quazipura ward no-32.,2026-08-17 15:00,,,no,Hard-reject: civil/electrical/administrative signal 'pcc road' — not a Meril product.
167,137545,NIT 22 2026 27 (2nd Call) GR 13,Urban Development and Housing Department,GROUP NO.- 13 Name of Work :- Construction of (1)  RCC Drain from  the house of Rajesh Sah to  the house of Binod Sahani(2) RCC Drain & PCC Road from  the house of Mahto ji  to  the house of Doctor sahab(3) RCC Drain & PCC Road from  the house of Binod sahani to  Kali Mandir in ward no-34.,2026-08-17 15:00,,,no,Hard-reject: civil/electrical/administrative signal 'pcc road' — not a Meril product.
168,137547,NIT 22 2026 27 (2nd Call) GR 14,Urban Development and Housing Department,GROUP NO.- 14 Name of Work :- Construction of PCC Road & RCC Drain from Dr Pramod Choudhary  to the house of SudhansuAdvocate Arun Choudhary in ward no-35.,2026-08-17 15:00,,,no,Hard-reject: civil/electrical/administrative signal 'pcc road' — not a Meril product.
169,137549,NIT 22 2026 27 (2nd Call) GR 15,Urban Development and Housing Department,GROUP NO.- 15 Name of Work :- Construction of RCC Drain and PCC Road in Muhalla Bangali tola Pachadhi Mahanth Mandir Main Road to Sushil jha house in Ward 42.,2026-08-17 15:00,,,no,Hard-reject: civil/electrical/administrative signal 'pcc road' — not a Meril product.
170,137566,NIT 22 2026 27 (2nd Call) GR 16,Urban Development and Housing Department,GROUP NO.- 16 Name of Work :- Construction of RCC Drain and PCC Road in Muhalla Beta from Vasi Sahab house to Main Road in Ward 43.,2026-08-17 15:00,,,no,Hard-reject: civil/electrical/administrative signal 'pcc road' — not a Meril product.
172,137568,NIT 22 2026 27 (2nd Call) GR 18,Urban Development and Housing Department,GROUP NO.- 18 Name of Work :-  Construction of RCC Drain in Muhalla Kabilpur From Late Gauri Shankar Jha House to Mod Narayan Jha in Ward 46.,2026-08-17 15:00,,,no,"The tender is for construction of an RCC drain, a civil infrastructure project unrelated to medical or diagnostic products."
173,137572,NIT 22 2026 27 (2nd Call) GR 19,Urban Development and Housing Department,"GROUP NO.- 19 Name of Work :- In Ward-04,  Construction of  Road and Drain  from -sanjay gupta home upto manjhi ji  home in Halwai gachhi(2) Roshan yadav  home upto mahaseth home in muhallah kaleganj (3) Road and drain from Ranveer kumar home upto sudheer thakur home near Prameshwar chauk and (4) drain and road from Munna chaudhary home upto Golu kumar home in muhallah chitragupta nagar",2026-08-17 15:00,,,no,"The tender describes construction of roads and drains, which is unrelated to medical, surgical, or diagnostic products."
174,137573,NIT 22 2026 27 (2nd Call) GR 20,Urban Development and Housing Department,"GROUP NO.- 20 Name of Work :- In Ward-05,  Construction of  Road   from (01) main road to Ranjeet yadav home and Salauddin home upto Lodish home in muhallah Fatehaliganj (2) Ajay sah  home upto Shrawan sah home near MAHILA COLLEGE in muhallah teachers coloney.",2026-08-17 15:00,,,no,"The tender describes construction of a road between residential locations, which is a civil infrastructure project unrelated to medical or diagnostic products."
175,137574,NIT 22 2026 27 (2nd Call) GR 21,Urban Development and Housing Department,GROUP NO.- 21 Name of Work :- Construction of RCC Drain & PCC Road from Sri vijay paswan ji house to kishor purbey house at muhallah kathalwari in Ward 13.,2026-08-17 15:00,,,no,Hard-reject: civil/electrical/administrative signal 'pcc road' — not a Meril product.
176,137575,NIT 22 2026 27 (2nd Call) GR 22,Urban Development and Housing Department,GROUP NO.- 22 Name of Work :- Construction of RCC drain from pradhan ghat mandir to Ramkripal sah shop at bara bazar in Ward 10.,2026-08-17 15:00,,,no,"The description is for construction of a drainage system, unrelated to medical or diagnostic products."
177,137576,NIT 22 2026 27 (2nd Call) GR 23,Urban Development and Housing Department,GROUP NO.- 23 Name of Work :- construction of Rcc drain and Pcc road in ward no:-19 1. from house of ankush mehta to main road 2. from the house of ashoke singh to the house of chhotu mehta.,2026-08-17 15:00,,,no,Hard-reject: civil/electrical/administrative signal 'pcc road' — not a Meril product.
178,137579,NIT 22 2026 27 (2nd Call) GR 24,Urban Development and Housing Department,GROUP NO.- 24 Name of Work :- construction of Rcc drain and Pcc road in ward no:-23 1.from the House of Endra jeet ji to Shiv kumar pandit pan dukan.,2026-08-17 15:00,,,no,Hard-reject: civil/electrical/administrative signal 'pcc road' — not a Meril product.
179,137580,NIT 22 2026 27 (2nd Call) GR 25,Urban Development and Housing Department,GROUP NO.- 25 Name of Work :- construction of Rcc drain in ward no:-24 From the house of Akaram saheb to the house of shoukat.,2026-08-17 15:00,,,no,"The tender describes construction of an RCC drain, which is a civil work unrelated to surgical or diagnostic products."
180,137581,NIT 22 2026 27 (2nd Call) GR 26,Urban Development and Housing Department,GROUP NO.- 26 Name of Work :- construction of Rcc drain and Pcc road in ward no:-27 1.from the House of Ram kumar Mandal to the house of Manu.,2026-08-17 15:00,,,no,Hard-reject: civil/electrical/administrative signal 'pcc road' — not a Meril product.
181,137427,NIT-03/2026-27/Gr-13,Urban Development and Housing Department,Nagar Parishad sampatchak ward no. 10 Me dariyapur me suresh ji ke ghar se kabristan hote hue ashok ji ke ghar tak avam pramod ji ke ghar se ashok singh ke market tak pcc sadak avam nali nirman karya.,2026-08-17 15:00,,,no,"The tender concerns road and drain construction, not medical or diagnostic products."
182,137411,NIT-03/2026-27/Gr-05,Urban Development and Housing Department,Nagar Parishad sampatchak ward no. 03 me Murari Prasad ke makan se pintoo ji avam ramadhar singh ke makan tak pcc sadak nirman karya.,2026-08-17 15:00,,,no,The tender is for road construction (PCC road work) with no medical or diagnostic context.
183,137414,NIT-03/2026-27/Gr-06,Urban Development and Housing Department,Nagar Parishad sampatchak ward no. 04 Me Gaurav Kamunity hall se pachim badsah rai ke ghar hote hue men road tak nala avam  pcc sadak nirman karya.,2026-08-17 15:00,,,no,Hard-reject: civil/electrical/administrative signal 'nala' — not a Meril product.
184,137416,NIT-03/2026-27/Gr-07,Urban Development and Housing Department,Nagar Parishad sampatchak ward no. 05 Me mushari tola pr stand post nirman karya.,2026-08-17 15:00,,,no,"The tender concerns construction of a stand post for a municipal ward, unrelated to medical or diagnostic products."
185,137417,NIT-03/2026-27/Gr-08,Urban Development and Housing Department,"Nagar Parishad sampatchak ward no. 06 Me sahpur me men road se arjun rai, Bhagwan rai ke ghar se ramvilash rai ke ghar hote hue om prakash ji ke ghar tak nala avam pcc sadak nirman karya",2026-08-17 15:00,,,no,Hard-reject: civil/electrical/administrative signal 'nala' — not a Meril product.
186,137419,NIT-03/2026-27/Gr-09,Urban Development and Housing Department,Nagar Parishad sampatchak ward no. 08 Me Geeta devi ke ghar se rakesh ji ke ghar ki or nala avam pcc sadak nirman karya.,2026-08-17 15:00,,,no,Hard-reject: civil/electrical/administrative signal 'nala' — not a Meril product.
187,137421,NIT-03/2026-27/Gr-10,Urban Development and Housing Department,Nagar Parishad sampatchak ward no. 08 Me surya mandir talab ke pas avam shivdhari rai ji ke makan ke age stand post nirman karya.,2026-08-17 15:00,,,no,"The tender is for construction of a stand post, unrelated to medical, surgical, or diagnostic products."
188,137422,NIT-03/2026-27/Gr-11,Urban Development and Housing Department,Nagar Parishad sampatchak ward no. 09 Me Magadh Secondry school se anil ji ke makan tak nala avam pcc sadak nirman karya.,2026-08-17 15:00,,,no,Hard-reject: civil/electrical/administrative signal 'nala' — not a Meril product.
189,137424,NIT-03/2026-27/Gr-12,Urban Development and Housing Department,Nagar Parishad sampatchak ward no. 10 Me dariyapur me bhagwan ram ke ghar ke pas stand post nirman karya.,2026-08-17 15:00,,,no,"The description is for construction of a stand post in a municipal ward, unrelated to medical or diagnostic products."
190,137400,NIT-03/2026-27/Gr-03,Urban Development and Housing Department,Nagar Parishad sampatchak ward no. 02 me mukhya sadak transformer ke pas se arvind ji ke makan hote hue rajendra ji ke makan ki or nala avam pcc sadak nirman karya.,2026-08-17 15:00,,,no,Hard-reject: civil/electrical/administrative signal 'nala' — not a Meril product.
191,137406,NIT-03/2026-27/Gr-04,Urban Development and Housing Department,Nagar Parishad sampatchak ward no. 02 me Sarkari School ke piche avam bharat singh ke makan ke age stand post nirman karya.,2026-08-17 15:00,,,no,"The tender concerns construction of a stand post for a school and residence, unrelated to medical or diagnostic products."
192,137385,NIT-03/2026-27/Gr-01,Urban Development and Housing Department,Nagar Parishad sampatchak ward no. 01 sekhpura me shree anil yadav ji ke makan se lekar shree umesh prasad ji ke makan hote hue draupadi devi ke makan tak nala avam pcc sadak nirman karya.,2026-08-17 15:00,,,no,Hard-reject: civil/electrical/administrative signal 'nala' — not a Meril product.
193,137390,NIT-03/2026-27/Gr-02,Urban Development and Housing Department,Nagar Parishad sampatchak ward no. 02 me jitendra kumar ke ghar se mukhya sadak ki or avam arvind ji ke ghar se nadi ki or nala avam pcc sadak nirman karya.,2026-08-17 15:00,,,no,Hard-reject: civil/electrical/administrative signal 'nala' — not a Meril product.
194,137338,PHED/ARARIA/NIT-03/2026-27/Gr-02,Public Health Engineering Department,"Design, Construction, Supply, Testing, commissioning of Pipe Water Supply Schemes with Electric Driven Pumps and IRON Removal Treatment Plant having Technology (Adsorption/ Nano Technology) of CSIR or certified by CSIR or any other Technology endorsed/ approved by GoI in the IRON affected areas of Sikti Barudah Bop District of Araira on turn-key basis with 03 months Trial Run after Commissioning and Comprehensive Operation and Maintenance of 60 months after successful completion of Trial Run Period under  under P.H.Division, ARARIA.",2026-08-17 15:00,,,no,Hard-reject: civil/electrical/administrative signal 'water supply' — not a Meril product.
195,137339,PHED/ARARIA/NIT-03/2026-27/Gr-03,Public Health Engineering Department,"Design, Construction, Supply, Testing, commissioning of Pipe Water Supply Schemes with Electric Driven Pumps and IRON Removal Treatment Plant having Technology (Adsorption/ Nano Technology) of CSIR or certified by CSIR or any other Technology endorsed/ approved by GoI in the IRON affected areas of Kelabari Bop District of Araira on turn-key basis with 03 months Trial Run after Commissioning and Comprehensive Operation and Maintenance of 60 months after successful completion of Trial Run Period under  under P.H.Division, ARARIA.",2026-08-17 15:00,,,no,Hard-reject: civil/electrical/administrative signal 'water supply' — not a Meril product.
196,137340,PHED/ARARIA/NIT-03/2026-27/Gr-04,Public Health Engineering Department,"Design, Construction, Supply, Testing, commissioning of Pipe Water Supply Schemes with Electric Driven Pumps and IRON Removal Treatment Plant having Technology (Adsorption/ Nano Technology) of CSIR or certified by CSIR or any other Technology endorsed/ approved by GoI in the IRON affected areas of Muraripur Bop District of Araira on turn-key basis with 03 months Trial Run after Commissioning and Comprehensive Operation and Maintenance of 60 months after successful completion of Trial Run Period under  under P.H.Division, ARARIA.",2026-08-17 15:00,,,no,Hard-reject: civil/electrical/administrative signal 'water supply' — not a Meril product.
197,137583,NIT 22 2026 27 (2nd Call) GR 28,Urban Development and Housing Department,GROUP NO.- 28 Name of Work :- construction of  PCC Road and RCC Drain from the house of Dhandheri Devi via the house of Shiv Kumar & Mazar from the house of Shyam Srivastav in  Mohalla Yusufganj ward no-33.,2026-08-17 15:00,,,no,Hard-reject: civil/electrical/administrative signal 'pcc road' — not a Meril product.
198,137584,NIT 22 2026 27 (2nd Call) GR 29,Urban Development and Housing Department,GROUP NO.- 29 Name of Work :- construction of  PCC Road from Kali Mandir to Matranjan talab 2. Construction of PCC Road & RCC Drain from the house of Om thakur to the house of Surendra Pandit 3. Construction of PCC Road & RCC Drain From the house of Pandey ji to the house of Sohan Ram in Ward no-34.,2026-08-17 15:00,,,no,Hard-reject: civil/electrical/administrative signal 'pcc road' — not a Meril product.
199,137585,NIT 22 2026 27 (2nd Call) GR 30,Urban Development and Housing Department,GROUP NO.- 30 Name of Work :- Construction of RCC drain and PCC Road in Muhalla Maharajganj from Belaal Masjid and way of Marhum Talha Saheb house to Nur Mohammad house in Ward 39.,2026-08-17 15:00,,,no,Hard-reject: civil/electrical/administrative signal 'pcc road' — not a Meril product.
200,137586,NIT 22 2026 27 (2nd Call) GR 31,Urban Development and Housing Department,GROUP NO.- 31 Name of Work :- Construction of RCC Drain and PCC Road in Muhalla Ismaayilganj Bangaliram house to Main Road in Ward 42.,2026-08-17 15:00,,,no,Hard-reject: civil/electrical/administrative signal 'pcc road' — not a Meril product.
202,137588,NIT 22 2026 27 (2nd Call) GR 33,Urban Development and Housing Department,GROUP NO.- 33 Name of Work :- Construction of RCC drain and PCC Road and RCC culvert in Muhalla Navtoliya from Shri Narayan Jha house to Main Road 2. RCC Slab in Muhalla Kirtan bhawan from Sheetal jha house and way of Uday Saah house to Purvanchal Uchh Vidhyalay in Ward 45.,2026-08-17 15:00,,,no,Hard-reject: civil/electrical/administrative signal 'pcc road' — not a Meril product.
203,137589,NIT 22 2026 27 (2nd Call) GR 34,Urban Development and Housing Department,GROUP NO.- 34 Name of Work :- Construction of RCC Drain and PCC Road in Muhalla  Khajasarai from Main Road Gulaab Saah house and way of Mohammad Guddu ji house to Masjid in Ward 48.,2026-08-17 15:00,,,no,Hard-reject: civil/electrical/administrative signal 'pcc road' — not a Meril product.
204,137590,NIT 22 2026 27 (2nd Call) GR 35,Urban Development and Housing Department,GROUP NO.- 35 Name of Work :- Construction of 1. RCC drain from sanjeev mahaseth house to Raja singh at Dilkhushbag 2. RCC drain and pcc road from Anil agrawal house to Dasrath chaudhary at Dilkhushbag road no. 1 in Ward 11.,2026-08-17 15:00,,,no,Hard-reject: civil/electrical/administrative signal 'pcc road' — not a Meril product.
205,137591,NIT 22 2026 27 (2nd Call) GR 36,Urban Development and Housing Department,GROUP NO.- 36 Name of Work :- Construction of RCC Drain & PCC Road from Brahmsthan to hinustan office to pintu photo state in Ward 18.,2026-08-17 15:00,,,no,Hard-reject: civil/electrical/administrative signal 'pcc road' — not a Meril product.
206,137592,NIT 22 2026 27 (2nd Call) GR 37,Urban Development and Housing Department,GROUP NO.- 37 Name of Work :-  Construction of RCC Drain and PCC Road in Muhalla Balbhadrapur from Ganesh Chaudhary house to Lalit jha house in Ward 44.,2026-08-17 15:00,,,no,Hard-reject: civil/electrical/administrative signal 'pcc road' — not a Meril product.
207,137626,NIT 22 2026 27 (2nd Call) GR 44,Urban Development and Housing Department,"GROUP NO.- 44 Name of Work :- Construction of RCC Drain from Rampukar singh to road , manoj singh house to binit jha house, bechan jha house to main road , shambhu prasad to Dr prem kumar and road and drain from shashikant house to road in Ward 12 .",2026-08-17 15:00,,,no,"The tender describes construction of RCC drains and roads, which is civil infrastructure unrelated to medical or diagnostic products."
208,137627,NIT 22 2026 27 (2nd Call) GR 45,Urban Development and Housing Department,GROUP NO.- 45 Name of Work :- Raising/Repairing of  Road & Drain from the house of Loha Singh to via- the house of Vikas Choudhary to Main Road  in Mohalla- Yusufganj Ward No- 33.,2026-08-17 15:00,,,no,"The tender concerns road and drainage construction, which is unrelated to medical or diagnostic products."
209,137630,NIT 22 2026 27 (2nd Call) GR 46,Urban Development and Housing Department,"GROUP NO.- 46 Name of Work :- In Ward-05, (1) Construction of :-    Drain and road from Madan sah home to Kalar Mahto  home upto srinath jha home  in muhallah Lichibara AND LINK PATH",2026-08-17 15:00,,,no,"Tender involves construction of drain and road, unrelated to medical or diagnostic products."
210,137631,NIT 22 2026 27 (2nd Call) GR 47,Urban Development and Housing Department,GROUP NO.- 47 Name of Work :- Construction of RCC Drain and PCC Road in Muhalla Navtoliya from Vijay Singh house and way of Gopu Sinha ji house to Railway side.2 From Ravi Jyoti house to Manoj Kumar house.3. From Dinesh Paswan house to Lal Babu Paswan house in Ward 45.,2026-08-17 15:00,,,no,Hard-reject: civil/electrical/administrative signal 'pcc road' — not a Meril product.
211,137636,NIT 22 2026 27 (2nd Call) GR 49,Urban Development and Housing Department,"GROUP NO.- 49 Name of Work :- Construction of PCC Road in Gudri Bazaar from Deepak Mahto house to Arun Sinha house, Deepak Mahto house to Ram Mahto house and Link road and RCC drain from Deepak Mahto house to Vidyapati School and Ram Mahto house to Sanjeev Mishra house and Ram Mahto house and way of Anil Shastri house to Gudri Chaubatiya in Ward 47.",2026-08-17 15:00,,,no,Hard-reject: civil/electrical/administrative signal 'pcc road' — not a Meril product.
212,137639,NIT 22 2026 27 (2nd Call) GR 50,Urban Development and Housing Department,"GROUP NO.- 50 Name of Work :-  In Ward-03, (1) Construction of :-    Drain and road from D.N CHAUDHARY home to DSP Vinay Ram  home upto private school  in muhallah Belashankar.",2026-08-17 15:00,,,no,"The tender is for construction of a drain and road, unrelated to medical or diagnostic products."
213,137640,NIT 22 2026 27 (2nd Call) GR 51,Urban Development and Housing Department,GROUP NO.- 51 Name of Work :-Construction rising of RCC Drain & PCC Road from Rishikesh tiwari house to Anil jha house at muhallah Janki nagar in Ward 14.,2026-08-17 15:00,,,no,Hard-reject: civil/electrical/administrative signal 'pcc road' — not a Meril product.
214,137641,NIT 22 2026 27 (2nd Call) GR 52,Urban Development and Housing Department,GROUP NO.- 52 Name of Work :-construction of Rcc drain and Pcc road in ward no:-20 1.from the house of Gopi Ram to Mandir of Santosi Maa 2. from the house of Md. Sabir to Main Road of Water Tank. 3. Back of Lal Bag Mahjid to Back of School.,2026-08-17 15:00,,,no,Hard-reject: civil/electrical/administrative signal 'pcc road' — not a Meril product.
215,137644,NIT 22 2026 27 (2nd Call) GR 53,Urban Development and Housing Department,GROUP NO.- 53 Name of Work :-  Construction of RCC Drain and Pcc road in ward no. 23.In Muhalla - Mahdouli Chamar Toli From the Makan of Rajiv Thakur to The makan of Shiv nath thakur and Balance place Makan of Appu shrivastav jee.,2026-08-17 15:00,,,no,Hard-reject: civil/electrical/administrative signal 'pcc road' — not a Meril product.
216,137649,NIT 22 2026 27 (2nd Call) GR 54,Urban Development and Housing Department,"GROUP NO.- 54 Name of Work :-   In Ward-03, (1) Construction of :-  Drain and road from Gajadhar Yadav  home upto Govind jha home and Ranipur main road upto Murari jha home in muhallah Beladullah.",2026-08-17 15:00,,,no,"The tender is for construction of drains and roads, which is unrelated to medical or diagnostic products."
217,137653,NIT 22 2026 27 (2nd Call) GR 55,Urban Development and Housing Department,"GROUP NO.- 55 Name of Work :-  Construction of Boundary wall and Earth Filling in ward no. 25 , 1.In the purani munsafi kabristan",2026-08-17 15:00,,,no,Hard-reject: civil/electrical/administrative signal 'boundary wall' — not a Meril product.
218,137656,NIT 22 2026 27 (2nd Call) GR 56,Urban Development and Housing Department,GROUP NO.- 56 Name of Work :- Construction rising of RCC Drain & PCC Road from Primary health center to Kathalwari gumti in Ward 14.,2026-08-17 15:00,,,no,Hard-reject: civil/electrical/administrative signal 'pcc road' — not a Meril product.
219,137657,NIT 22 2026 27 (2nd Call) GR 57,Urban Development and Housing Department,GROUP NO.- 57 Name of Work :- Construction of RCC Drain and Pcc road in ward no. 26.From the house of Bara Babu Sahmi to The house of Swargiy Chitan Sahni.,2026-08-17 15:00,,,no,Hard-reject: civil/electrical/administrative signal 'pcc road' — not a Meril product.
220,137612,NIT 22 2026 27 (2nd Call) GR 38,Urban Development and Housing Department,"GROUP NO.- 38 Name of Work :- In Ward-01,  Construction of :-   Road and Drain from Samidul hoda home to Shiwgatullah boundry upto Nashim home in muhallah ALINAGAR",2026-08-17 15:00,,,no,"The tender is for road and drain construction, which is civil infrastructure and unrelated to medical/surgical or diagnostic products."
221,137614,NIT 22 2026 27 (2nd Call) GR 39,Urban Development and Housing Department,"GROUP NO.- 39 Name of Work :- In Ward-09,  Construction of :-  (a) Road from Rohit Paswan home upto Thakko Paswan home in muhallah Ratnopatti paswan tola.",2026-08-17 15:00,,,no,"The tender is for road construction, which is unrelated to Meril's surgical or diagnostic products."
222,137616,NIT 22 2026 27 (2nd Call) GR 40,Urban Development and Housing Department,GROUP NO.- 40 Name of Work :- Construction of  PCC Road & RCC Drain From the house of Goodfil Tailor via   the house of Ahmad Ansari to  the house of Imran Ansari.(2) Construction of RCC Drain from the house of Ashudullah wakil to the house of Juhi Ansari.in Mohalla Abdullahganj ward no-32. (part -2),2026-08-17 15:00,,,no,Hard-reject: civil/electrical/administrative signal 'pcc road' — not a Meril product.
223,137618,NIT 22 2026 27 (2nd Call) GR 42,Urban Development and Housing Department,GROUP NO.- 42 Name of Work :- construction of  PCC Road & RCC Drain From the house of Goodfil Tailor via   the house of Ahmad Ansari to  the house of Imran Ansari.(2) Construction of RCC Drain from the house of Ashudullah wakil to the house of Juhi Ansari.in Mohalla Abdullahganj ward no-32.  (part -1),2026-08-17 15:00,,,no,Hard-reject: civil/electrical/administrative signal 'pcc road' — not a Meril product.
224,137621,NIT 22 2026 27 (2nd Call) GR 43,Urban Development and Housing Department,GROUP NO.- 43 Name of Work :- Construction of RCC Drain and PCC Road in 1. Maharajganj Masjid east to Sherali house 2. Late Nar Mohammad house to Badrujjaman house.3 Yufur bhai house to Masjid gate 4.Chakjohra New colony fulon house to Malouddin house in ward 39.,2026-08-17 15:00,,,no,Hard-reject: civil/electrical/administrative signal 'pcc road' — not a Meril product.
225,137442,NIT-03/2026-27/Gr-19,Urban Development and Housing Department,Nagar Parishad sampatchak ward no. 15 me Semford school ke samne se mohan jha ke ghar ki or pcc sadak nirman karya.,2026-08-17 15:00,,,no,"The description refers to PCC road construction, which is civil infrastructure and unrelated to medical or diagnostic products."
226,137661,NIT 22 2026 27 (2nd Call) GR 58,Urban Development and Housing Department,GROUP NO.- 58 Name of Work :- Construction of PCC Road from Md. Jumrati house to Md. Mustak house and Md. Shamsul house to Moinul haq house at Katrahiya muhallah in Ward 17.,2026-08-17 15:00,,,no,Hard-reject: civil/electrical/administrative signal 'pcc road' — not a Meril product.
227,137664,NIT 22 2026 27 (2nd Call) GR 59,Urban Development and Housing Department,GROUP NO.- 59 Name of Work :- construction of Rcc drain in ward no:-28 .From the Usha Niwas via to the Ramesh jha House to the Pitamber jha's House,2026-08-17 15:00,,,no,"The tender concerns civil construction of an RCC drain in a hospital ward, not any surgical, endosurgery, or diagnostic products Meril sells."
228,137667,NIT 22 2026 27 (2nd Call) GR 60,Urban Development and Housing Department,GROUP NO.- 60 Name of Work :- Construction of RCC Drain & PCC Road from Tantrik baba chowk to muslim tola culvert in Ward 15.,2026-08-17 15:00,,,no,Hard-reject: civil/electrical/administrative signal 'pcc road' — not a Meril product.
229,137673,NIT 22 2026 27 (2nd Call) GR 61,Urban Development and Housing Department,GROUP NO.- 61 Name of Work :- In Ward No.-04 Construction of Road and Laying of Hume Pipe from Madhaw Mallik home upto Mohan Sahni home in Muhalla-Saraswati Nagar.,2026-08-17 15:00,,,no,Hard-reject: civil/electrical/administrative signal 'hume pipe' — not a Meril product.
230,137677,NIT 22 2026 27 (2nd Call) GR 62,Urban Development and Housing Department,GROUP NO.- 62 Name of Work :- Construction of Drain from Santosh Nand Jha house upto Nala in sakari road & Remaining part from Surobari Pan Shop to Gangwara Pool in ward no.-14.,2026-08-17 15:00,,,no,Hard-reject: civil/electrical/administrative signal 'nala' — not a Meril product.
232,137193,NIT- REP07/ 2026-27,Urban Development and Housing Department,"Nagar Parishad Kanti. invites online proposals for Empanelment for Repairing of drain, cross drain, slab, Road, Building, Installation of Hume Pipe, other miscellaneous works and necessary supply items which are required etc. from Ward No 01- 26 of Nagar Parishad Kanti.",2026-08-17 15:00,,,no,Hard-reject: civil/electrical/administrative signal 'hume pipe' — not a Meril product.
233,137314,NIT- 04/2026-27/CHAUSA/UDHD,Urban Development and Housing Department,"Invitation for Expression of Interest (EoI) to prepare a panel of contractors for restoration and repair works related to civic amenities and essential services in Nagar Panchayat, Chausa, in accordance with Departmental Letter No. 5564 dated 19.05.2026.",2026-08-17 15:00,,,no,"The tender is for civic amenity restoration and repair works, unrelated to medical or diagnostic products."
234,136859,NIT No.-01/2026-27/RFP TENDER,Urban Development and Housing Department,"Design, Build, construct, install and commissioning of Material Recovery Facility (MRF) plant of 5 TPD for dry waste along with operation and maintenance of the plant for 5 years.",2026-08-17 15:00,,,no,"The tender concerns construction and operation of a waste recovery facility, unrelated to medical, surgical, or diagnostic products."
235,136860,NIT No.-02/2026-27/RFP TENDER,Urban Development and Housing Department,"Design, Build, construct, install and commissioning of compost plant of 5 TPD for wet waste along with operation and maintenance of plant for 5 years.",2026-08-17 15:00,,,no,Hard-reject: civil/electrical/administrative signal 'compost plant' — not a Meril product.
236,135407,BSDM/Skill Gap-142/2026-01,"YOUTH, EMPLOYMENT AND SKILL DEVELOPMENT DEPARTMENT","Selection of an Agency for the End-to-End Design, Execution, Data Collection, Analytical Assessment, and Preparation of a Comprehensive Skill Gap Study for Bihar.",2026-08-17 15:00,,,no,"The tender is for a consultancy skill gap study, with no medical, surgical, or diagnostic context."
237,137234,NIT-12/2026-27,Urban Development and Housing Department,"Design, Build, construct, install, commissioning of compost plant of 10 TPD for wet waste along with operation and maintenance of plant for 5 years including the tipping fee",2026-08-17 16:00,,,no,Hard-reject: civil/electrical/administrative signal 'compost plant' — not a Meril product.
238,137235,NIT-11/2026-27,Urban Development and Housing Department,"Design, Build, construct, install, and commissioning of Material Recovery Facility (MRF) of 10 TPD for dry waste along with operation and maintenance of the plant for 5 years",2026-08-17 16:00,,,no,"The tender is for designing and constructing a waste processing facility, unrelated to medical or diagnostic products."
239,137753,NIT NO-03(R1)/2026-27/TW GROUP NO-01,Public Health Engineering Department,"Sinking of I.M.-II Handpump with Platform, Drain & Soakpit in place of non functional defunct/ordinary handpump in Summer/Water Scarce area under Natural Disaster ( Drought) head under P.H. Division, Sherghati for the Year 2026-27.",2026-08-17 16:00,,,no,"The tender concerns installation of handpumps and water infrastructure, unrelated to surgical or diagnostic products."
240,137577,NIT-04/2026-27_,Urban Development and Housing Department,"Design, Build, construct, install, and commissioning of Material Recovery Facility (MRF) of 05TPD for dry waste along with operation and maintenance of the plant for 5 years.",2026-08-17 16:00,,,no,"The tender concerns building and operating a waste material recovery facility, which is unrelated to medical/surgical or diagnostic products."
241,137569,NIT-05/2026-27_,Urban Development and Housing Department,"Design, Build, construct, install, commissioning of compost plant of 05 TPD for wet waste along with operation and maintenance of plant for 5 years including the tipping fee",2026-08-17 16:00,,,no,Hard-reject: civil/electrical/administrative signal 'compost plant' — not a Meril product.
242,137713,NIT-08/2025-26 (R-1)/ Gr-01,Public Health Engineering Department,"Name of Work : Construction of 16 Nos. of Toilet in different Government Schools in Block-Madhepur under P.H. Division, Jhanjharpur for the year 2024-25 in District-Madhubani.",2026-08-17 16:00,,,no,"The tender is for construction of toilets in schools, which is a civil construction project unrelated to Meril's surgical/endoscopic or diagnostic product lines."
243,137714,NIT-08/2025-26 (R-1) Group-2,Public Health Engineering Department,"Name of Work :Construction of 22 Nos. of Toilet in different Government Schools in Block-Jhanjharpur under P.H. Division, Jhanjharpur for the year 2024-25 in District-Madhubani.",2026-08-17 16:00,,,no,"The tender is for construction of toilets in schools, which is a civil infrastructure project unrelated to surgical or diagnostic products."
244,137624,NIT05/2026-27(retender)/01,Urban Development and Housing Department,Construction of samrat ashok bhawan at nagar panchayat bahadurganj.,2026-08-17 17:00,,,no,"The tender is for construction of a building, unrelated to medical, surgical, or diagnostic products."
245,137341,NIT 04/26-27 GR02,Urban Development and Housing Department,"CONSTRUCTION OF RCC DRAIN WITH COVER SLAB FORM AKHTAR ANSARI HOUSE TO WAKIL ANSARI HOUSE IN WARD NO 02, NAGAR PANCHAYAT MEHSI",2026-08-17 17:00,,,no,"The tender concerns construction of a reinforced cement concrete drain, which is civil infrastructure, not medical or diagnostic products."
246,137342,NIT 04/26-27 GR03,Urban Development and Housing Department,"CONSTRUCTION OF PCC ROAD FROM GHARIYARICHAK HANUMAN MANDIR TO DHARMENDRA KUMAR HOUSE IN WARD NO 03, NAGAR PANCHAYAT MEHSI",2026-08-17 17:00,,,no,Hard-reject: civil/electrical/administrative signal 'pcc road' — not a Meril product.
247,137344,NIT 04/26-27 GR04,Urban Development and Housing Department,"CONSTRUCTION OF PCC ROAD FROM PRAMOD TIWARI ARA MACHINE VIA RAKESH TIWARI HOUSE TO N.H 28  IN WARD NO 03, NAGAR PANCHAYAT MEHSI",2026-08-17 17:00,,,no,Hard-reject: civil/electrical/administrative signal 'pcc road' — not a Meril product.
248,137345,NIT 04/26-27 GR05,Urban Development and Housing Department,"CONSTRUCTION OF PCC ROAD AND RCC DRAIN WITH COVER SLAB FROM AKHTAR ANSARI HOUSE TO RAMJANUL KADRI HOUSE IN WARD NO 04, NAGAR PANCHAYAT MEHSI",2026-08-17 17:00,,,no,Hard-reject: civil/electrical/administrative signal 'pcc road' — not a Meril product.
249,137346,NIT 04/26-27 GR06,Urban Development and Housing Department,"CONSTRUCTION OF PAVER BLOCK  FROM SAUKAT ALI HOUSE TO QUDUS ANSARI HOUSE IN WARD NO 04, NAGAR PANCHAYAT MEHSI",2026-08-17 17:00,,,no,"The tender is for construction of paver blocks, which is unrelated to Meril's surgical or diagnostic products."
250,137347,NIT 04/26-27 GR07,Urban Development and Housing Department,"CONSTRUCTION OF RCC DRAIN WITH COVER SLAB FROM LALU ANSARI HOUSE TO MUSTAQ ANSARI HOUSE IN WARD NO 04, NAGAR PANCHAYAT MEHSI",2026-08-17 17:00,,,no,"The tender concerns civil construction of a drainage system, not medical or diagnostic products."
251,137349,NIT 04/26-27 GR08,Urban Development and Housing Department,"CONSTRUCTION OF RCC DRAIN WITH COVER SLAB FROM MANJHAN CHHAPRA HANUMAN MANDIR CAURAHA TO MAHATAMA GANDHI COLLEGE IN WARD NO 05, NAGAR PANCHAYAT MEHSI",2026-08-17 17:00,,,no,"The tender is for civil construction of an RCC drain, which is unrelated to medical, surgical, or diagnostic products."
252,137351,NIT 04/26-27 GR09,Urban Development and Housing Department,"CONSTRUCTION OF PCC ROAD FROM PRAWEJ HOUSE TO LT. JANAK PRASAD LITCHI GARDAN IN WARD NO 05, NAGAR PANCHAYAT MEHSI",2026-08-17 17:00,,,no,Hard-reject: civil/electrical/administrative signal 'pcc road' — not a Meril product.
253,137352,NIT 04/26-27 GR10,Urban Development and Housing Department,"CONSTRUCTION OF PCC ROAD FROM NAYA TOLA SAMADPURA DEEP TIWARI LITCHI GARDAN TO N.H 28 IN WARD NO 06, NAGAR PANCHAYAT MEHSI",2026-08-17 17:00,,,no,Hard-reject: civil/electrical/administrative signal 'pcc road' — not a Meril product.
254,137361,NIT 04/26-27 GR17,Urban Development and Housing Department,"CONSTRUCTION OF PCC ROAD AND RCC DRAIN WITH COVER SLAB IN ANANDI SINGH HOUSE TO SANTOSH SINGH HOUSE IN WARD NO 11, NAGAR PANCHAYAT MEHSI",2026-08-17 17:00,,,no,Hard-reject: civil/electrical/administrative signal 'pcc road' — not a Meril product.
255,137362,NIT 04/26-27 GR18,Urban Development and Housing Department,"CONSTRUCTION OF PCC ROAD AND RCC DRAIN WITH COVER SLAB IN SABAI FACTORY VIA MAZAR TO ARJUN SAH HOUSE TO GARAHI TAK IN WARD NO 12, NAGAR PANCHAYAT MEHSI",2026-08-17 17:00,,,no,Hard-reject: civil/electrical/administrative signal 'pcc road' — not a Meril product.
256,137371,NIT No. 03/ 2026-27,Urban Development and Housing Department,"Expressions of Interest (EOI) are invited from contractors, suppliers, and service providers—subject to the terms listed below—for the supply of construction materials, labor, machinery, etc., or the provision of services required for emergent or essential works within the jurisdiction of Nagar Panchayat Mashrakh, based on the State Government's current schedule of rates (excluding contractor's profit and overheads).",2026-08-17 17:00,,,no,"The tender concerns construction materials, labor and machinery, unrelated to medical, surgical, or diagnostic products."
257,137354,NIT 04/26-27 GR11,Urban Development and Housing Department,"CONSTRUCTION OF PCC ROAD FROM SAMADPURA TOLA MEHNDI HASAN QUARISHI HOUSE VIA NAJMUDDIN KHAN LAND TO ISMAIL ANSARI HOUSE IN WARD NO 06, NAGAR PANCHAYAT MEHSI",2026-08-17 17:00,,,no,Hard-reject: civil/electrical/administrative signal 'pcc road' — not a Meril product.
258,137355,NIT 04/26-27 GR12,Urban Development and Housing Department,"CONSTRUCTION OF PCC ROAD AND RCC DRAIN WITH COVER SLAB FROM MUNNA DEELAR HOUCE VIA DR. MUBARAK HUSSAIN TO FARUK RAIN HOUCE IN WARD NO 07, NAGAR PANCHAYAT MEHSI",2026-08-17 17:00,,,no,Hard-reject: civil/electrical/administrative signal 'pcc road' — not a Meril product.
259,137356,NIT 04/26-27 GR13,Urban Development and Housing Department,"CONSTRUCTION OF PCC ROAD AND RCC DRAIN WITH COVER SLAB FROM SALIM KHAN HOUCE VIA HASBUDDIN KHAN HOUCE TO SAKKUR MAKRANI DUKAN IN WARD NO 08, NAGAR PANCHAYAT MEHSI",2026-08-17 17:00,,,no,Hard-reject: civil/electrical/administrative signal 'pcc road' — not a Meril product.
260,137357,NIT 04/26-27 GR14,Urban Development and Housing Department,"CONSTRUCTION OF PCC ROAD AND RCC DRAIN WITH COVER SLAB FROM BIBHUTI BHUSAN HOUSE TO RAMASHANKAR THAKUR HOUSE IN WARD NO 09, NAGAR PANCHAYAT MEHSI",2026-08-17 17:00,,,no,Hard-reject: civil/electrical/administrative signal 'pcc road' — not a Meril product.
262,137359,NIT 04/26-27 GR16,Urban Development and Housing Department,"CONSTRUCTION OF PCC ROAD AND RCC DRAIN WITH COVER SLAB IN THE CAMPUS OF MIRZA HALIMSHAH MADARSHA IN WARD NO 11, NAGAR PANCHAYAT MEHSI",2026-08-17 17:00,,,no,Hard-reject: civil/electrical/administrative signal 'pcc road' — not a Meril product.
263,137364,NIT 04/26-27 GR19,Urban Development and Housing Department,"CONSTRUCTION OF RCC DRAIN WITH COVER SLAB FROM FIROJ SEKH HOUSE VIA SEKH DULARE AND BHARDUL HAJAM VIA NASRUDDIN HOUSE TO CHOKKAN HAJAM HOUSE IN WARD NO 13, NAGAR PANCHAYAT MEHSI",2026-08-17 17:00,,,no,"The tender is for civil construction of a drainage structure, unrelated to medical or diagnostic products."
264,137365,NIT 04/26-27 GR20,Urban Development and Housing Department,"CONSTRUCTION OF PCC ROAD AND RCC DRAIN WITH COVER SLAB FROM FIROJ HOUSE TO SALMA HOUSE IN WARD NO 13, NAGAR PANCHAYAT MEHSI",2026-08-17 17:00,,,no,Hard-reject: civil/electrical/administrative signal 'pcc road' — not a Meril product.
265,137366,NIT 04/26-27 GR21,Urban Development and Housing Department,"CONSTRUCTION OF RCC DRAIN WITH COVER SLAB FROM JAGDISH MAHTO HOUSE VIA ROAD CROSS TO OLD PULIYA IN WARD NO 14, NAGAR PANCHAYAT MEHSI",2026-08-17 17:00,,,no,"The tender concerns civil construction of a drainage structure, unrelated to medical or diagnostic products."
266,137367,NIT 04/26-27 GR22,Urban Development and Housing Department,"CONSTRUCTION OF PCC ROAD FROM BHAGIRATH PRASAD HOUSE TO CHHATH GHATH IN WARD NO 15, NAGAR PANCHAYAT MEHSI",2026-08-17 17:00,,,no,Hard-reject: civil/electrical/administrative signal 'pcc road' — not a Meril product.
267,137368,NIT 04/26-27 GR23,Urban Development and Housing Department,"CONSTRUCTION OF PCC ROAD FROM BHAGNARAYAN CHAURASIYA  HOUSE TO LAXMI BHAGAT HOUSE IN WARD NO 15, NAGAR PANCHAYAT MEHSI",2026-08-17 17:00,,,no,Hard-reject: civil/electrical/administrative signal 'pcc road' — not a Meril product.
268,137275,NIT 04/26-27 GR01,Urban Development and Housing Department,"CONSTRUCTION OF PCC ROAD FROM SAMUDAYIK BHAWAN TO MIRJAPUR PANCHAYAT BHAWAN IN WARD NO 01, NAGAR PANCHAYAT MEHSI",2026-08-17 17:00,,,no,Hard-reject: civil/electrical/administrative signal 'pcc road' — not a Meril product.
269,137279,NIT NO-16/BIADA/2026-27,Bihar Industrial Area Development Authority,"Design, Construction, Testing, Commissioning and Supply of all Electromechanical Equipment of 100 KLD Sewage Treatment Plant for BIADA Mega Food Park at Motipur, Muzaffarpur, Bihar",2026-08-17 17:00,,,no,Hard-reject: civil/electrical/administrative signal 'sewage' — not a Meril product.
270,136799,NIT/RFP No.:4 e-proc/ BETDS / PMU/RFP/ 2026- 27,"Environment, Forest & Climate Change Department","REQUEST FOR PROPOSAL (RFP) FOR SELECTION OF AN AGENCY FOR SETTING UP OF ""PROGRAM MANAGEMENT UNIT (PMU)"" FOR BIHAR ECO TOURISM DEVELOPMENT SOCIETY (BETDS).",2026-08-17 17:00,,,no,"The tender is for setting up a program management unit for an eco‑tourism society, unrelated to medical, surgical, or diagnostic products."
271,134316,NIT-10/ 2026-2027/ Biomedical Eqpt/ IGIMS/Store,Indira Gandhi Institute Of Medical Sciences,"Group A: Skin & VD

ND YAG Laser with Accessories 
CO2 Fraction Laser",2026-08-17 17:00,,,no,"Tender is for ND YAG and CO2 fraction lasers for skin treatments, which are not in Meril's Endo or Diagno product lines."
272,134321,NIT-10/ 2026-2027/ Biomedical Eqpt/ IGIMS/Store/B,Indira Gandhi Institute Of Medical Sciences,"Group B: IT Cell

Information Kiosk 
Thermal Printer",2026-08-17 17:00,,,no,Hard-reject: civil/electrical/administrative signal 'printer' — not a Meril product.
273,121346,Buidco/Yo-3272/25-119,Bihar Urban Infrastructure Development Corporation Ltd.,"Interception & Diversion ( I&D) of drains and sewage Treatment Plant (STP) scheme in Arrah town, Bihar State, including Operation & Maintenance period of 15 years through Hybrid Annuity Based PPP Mode under Namami Gange Programme"".",2026-08-17 17:00,,,no,Hard-reject: civil/electrical/administrative signal 'sewage' — not a Meril product.
274,132890,NIT-08/2026-2027/Network/IGIMS/Store,Indira Gandhi Institute Of Medical Sciences,"For supply, installation and commissioning of Campus Networking System for the department of IT Cell.",2026-08-17 17:00,,,no,"The tender is for an IT networking system, which is unrelated to Meril's surgical or diagnostic products."
275,134245,BUIDCo/Yo-3575/2026-45(Gr-03),Bihar Urban Infrastructure Development Corporation Ltd.,Begusarai Sewerage Network and STP Scheme under AMRUT 2.0,2026-08-17 17:00,,,no,"The tender is for a sewerage network and STP scheme, which is civil infrastructure, not medical or diagnostic products."
276,136383,NIT No.- 11/PR/TRZ-Patna/2026,Bihar State Power Transmission Company Limited,Replacement of damaged disc insulators string of 132 kV Gaurichak- Masaurhi- Jehanabad Transmission Line under jurisdiction of TC Patna (East).,2026-08-17 17:00,,,no,Hard-reject: civil/electrical/administrative signal '132 kv' — not a Meril product.
277,136809,03/SHSB/FA/2026-27,State Health Society Bihar,"Request for Proposal for Establishment of a Program Management Unit (PMU) to Support Finance & Planning Cell State Health Society, Bihar",2026-08-17 17:00,,,no,"The tender is for establishing a program management unit for finance and planning, with no medical, surgical, or diagnostic context."
278,137360,NIT No. 03/2026-27,Urban Development and Housing Department,"Expressions of Interest (EoI) are invited from contractors, suppliers, and service providers—subject to the terms listed below—for the supply of construction materials, labor, machinery, etc., required for emergent or essential works within the jurisdiction of Nagar Panchayat Marhaura, at the State Government's current scheduled rates (excluding contractor profit and overheads).",2026-08-17 17:00,,,no,"The tender is for construction materials, labor, and machinery, which are unrelated to Meril's surgical or diagnostic product lines."
279,132567,Eol No: 02/PR/BSPGCL/2026,Bihar State Power Generation Company Limited,Invitation of Expression of Interest (EOI) for Development of self Identified Off-Stream Pumped Storage Projects in the State of Bihar.,2026-08-17 18:00,,,no,"The tender concerns development of off‑stream pumped storage energy projects, unrelated to medical, surgical, or diagnostic products."
280,135753,NIT No. 67/PR/SBPDCL/2026,South Bihar Power Distribution Company Limited,Procurement of 33 KV 3 element outdoor type oil immersed combined metering unit of CT &   PT of 0.2s accuracy class,2026-08-17 18:00,,,no,Hard-reject: civil/electrical/administrative signal '33 kv' — not a Meril product.
281,134019,35/PR/NBPDCL/2026,NORTH BIHAR POWER DISTRIBUTION COMPANY LIMITED,For Appointment of Tariff & Regulatory Consultant on retainership basis for three years for the Bihar DISCOMs (NBPDCL & SBPDCL) agnist NIT no 35/PR/NBPDCL/2026,2026-08-17 18:00,,,no,"The tender is for a tariff and regulatory consultant for electricity distribution companies, unrelated to medical or diagnostic products."
282,136755,CCF(IT)/SW-PROC/01/2026,"Environment, Forest & Climate Change Department",Procurement of GIS Software (IndoArcGIS Suite),2026-08-18 12:00,,,no,"The tender is for GIS software, which is unrelated to medical, surgical, or diagnostic products."
283,137441,NIT-29/2026-27,Chanakya National Law University,"Providing Housekeeping, Cleaning, Scavenging Services",2026-08-18 13:00,,,no,Hard-reject: civil/electrical/administrative signal 'housekeeping' — not a Meril product.
284,137451,NIQ- 28/2026-27,Chanakya National Law University,Waterproofing of Roof Terrace and Pathway Construction at Boys Hostel of the University,2026-08-18 14:00,,,no,"The tender is for waterproofing and construction work, which is unrelated to medical/surgical or diagnostic products."
285,137493,NIT-05/GROUP10/2026-27/UDAKISHUNGANJ,Urban Development and Housing Department,"Bill of Quantity for Construction of Public Toilet at Fulot chowck Rain basera in ward no- 14 under Nagur parishand
Udakishunganj , Madhepura for Year- 2026-27",2026-08-18 15:00,,,no,"The tender is for constructing a public toilet, which is a civil construction project unrelated to surgical or diagnostic products."
286,137494,NIT-05/GROUP09/2026-27/UDAKISHUNGANJ,Urban Development and Housing Department,"Bill of Quantity for Construction of Community Toilet and Urinal (7+2) Gudri chowck near sunil tea shop in ward no- 16 under Nagur parishand
Udakishunganj , Madhepura for Year- 2025-26",2026-08-18 15:00,,,no,"The tender is for construction of community toilets and urinals, which is a civil work unrelated to medical or diagnostic products."
287,137495,NIT-05/GROUP11/2026-27/UDAKISHUNGANJ,Urban Development and Housing Department,"Bill of Quantity for Construction of Community Toilet and Urinal (7+2) Chausa chowck Rain basera in ward no- 16 under Nagur parishand
Udakishunganj , Madhepura for Year- 2026-27",2026-08-18 15:00,,,no,"The tender concerns construction of community toilets and urinals, which is unrelated to medical, surgical, or diagnostic products."
288,137497,NIT-05/GROUP04/2026-27/UDAKISHUNGANJ,Urban Development and Housing Department,"Bill of Quantity for Construction of Paver block leading from satsang bhawan compound in ward no- 06 under Nagur parishand
Udakishunganj , Madhepura for Year- 2026-27",2026-08-18 15:00,,,no,"The tender concerns construction of paver blocks, which is unrelated to Meril's surgical or diagnostic products."
289,137498,NIT-05/GROUP03/2026-27/UDAKISHUNGANJ,Urban Development and Housing Department,"Bill of Quantity for Construction of Public tolet near kailash devi , h/o-upendra rishidev house in ward no- 19 under Nagur parishand
Udakishunganj , Madhepura for Year- 2026-27",2026-08-18 15:00,,,no,"The tender is for construction of a public toilet, unrelated to medical, surgical, or diagnostic products."
290,137500,NIT-05/GROUP05/2026-27/UDAKISHUNGANJ,Urban Development and Housing Department,"Bill of Quantity for Construction of Park on Govt. land in ward no-21 under Nagur parishad
Udakishunganj , Madhepura for Year- 2026-27",2026-08-18 15:00,,,no,"The tender is for construction of a public park, not medical or diagnostic products."
292,137532,NIT No.-RCD/04/SUPAUL/2026-27,Road Construction Department,Widening and Strengthening work of Majhari Chowk (NH-27) to Kanauli Bazar (Nepal Border) via Dagmara Road from km 0+00 to 25+353 (Total Length-25.353 km),2026-08-18 15:00,,,no,"Tender is for road widening and strengthening work, unrelated to medical or diagnostic products."
293,137381,NIT-18/2026-27/GR01,Urban Development and Housing Department,"Construction of Community Hall & Other Work in Ward No. 01 under Nagar Nigam, Gayaji",2026-08-18 15:00,,,no,"The tender is for construction of a community hall, which is unrelated to any surgical or diagnostic products."
294,137382,NIT-18/2026-27/GR02,Urban Development and Housing Department,"Construction of Community Hall & Other Work in Ward No. 02 under Nagar Nigam, Gayaji",2026-08-18 15:00,,,no,"The tender is for construction of a community hall, which is a civil work unrelated to medical or diagnostic products."
295,137383,NIT-18/2026-27/GR03,Urban Development and Housing Department,"Construction of Community Hall & Other Work in Ward No. 04 under Nagar Nigam, Gayaji",2026-08-18 15:00,,,no,"The tender is for construction of a community hall, which is unrelated to medical, surgical, or diagnostic products."
296,137384,NIT-18/2026-27/GR04,Urban Development and Housing Department,"Construction of Community Hall & Other Work in Ward No. 11 under Nagar Nigam, Gayaji",2026-08-18 15:00,,,no,"The tender is for construction of a community hall, which is unrelated to medical or diagnostic products."
297,137391,NIT-18/2026-27/GR08,Urban Development and Housing Department,"Construction of Community Hall & Other Work in Ward No. 27 under Nagar Nigam, Gayaji",2026-08-18 15:00,,,no,"The tender concerns construction of a community hall, which is a civil work unrelated to medical or diagnostic products."
298,137392,NIT-18/2026-27/GR09,Urban Development and Housing Department,"Construction of Community Hall & Other Work in Ward No. 29 under Nagar Nigam, Gayaji",2026-08-18 15:00,,,no,"The tender is for construction of a community hall, unrelated to medical, surgical, or diagnostic products."
299,137393,NIT-18/2026-27/GR10,Urban Development and Housing Department,"Construction of Community Hall & Other Work in Ward No. 30 under Nagar Nigam, Gayaji",2026-08-18 15:00,,,no,"The tender is for construction of a community hall, a civil work unrelated to medical or diagnostic products."
300,137394,NIT-18/2026-27/GR11,Urban Development and Housing Department,"Construction of Community Hall & Other Work in Ward No. 31 under Nagar Nigam, Gayaji",2026-08-18 15:00,,,no,"The tender is for construction of a community hall, which is a civil work unrelated to medical or diagnostic products."
301,137395,NIT-18/2026-27/GR12,Urban Development and Housing Department,"Construction of Community Hall & Other Work in Ward No. 32 under Nagar Nigam, Gayaji",2026-08-18 15:00,,,no,"The tender is for construction of a community hall, which is a civil infrastructure project unrelated to medical, surgical, or diagnostic products."
302,137396,NIT-18/2026-27/GR13,Urban Development and Housing Department,"Construction of Community Hall & Other Work in Ward No. 33 under Nagar Nigam, Gayaji",2026-08-18 15:00,,,no,"The tender is for construction of a community hall, which is a civil work unrelated to medical or diagnostic products."
303,137397,NIT-18/2026-27/GR14,Urban Development and Housing Department,"Construction of Community Hall & Other Work in Ward No. 34 under Nagar Nigam, Gayaji",2026-08-18 15:00,,,no,"The tender is for construction of a community hall, which is unrelated to medical, surgical, or diagnostic products."
304,137399,NIT-18/2026-27/GR15,Urban Development and Housing Department,"Construction of Community Hall & Other Work in Ward No. 37 under Nagar Nigam, Gayaji",2026-08-18 15:00,,,no,"The tender is for construction of a community hall, unrelated to medical, surgical, or diagnostic products."
305,137387,NIT-18/2026-27/GR05,Urban Development and Housing Department,"Construction of Community Hall & Other Work in Ward No. 16 under Nagar Nigam, Gayaji",2026-08-18 15:00,,,no,"The tender is for construction of a community hall, unrelated to medical, surgical, or diagnostic products."
306,137388,NIT-18/2026-27/GR06,Urban Development and Housing Department,"Construction of Community Hall & Other Work in Ward No. 20 under Nagar Nigam, Gayaji",2026-08-18 15:00,,,no,"The description is for construction of a community hall, which is a civil infrastructure project unrelated to medical, surgical, or diagnostic products."
307,137389,NIT-18/2026-27/GR07,Urban Development and Housing Department,"Construction of Community Hall & Other Work in Ward No. 25 under Nagar Nigam, Gayaji",2026-08-18 15:00,,,no,"The tender is for civil construction of a community hall, not related to medical or diagnostic products."
308,137408,NIT-18/2026-27/GR21,Urban Development and Housing Department,"Construction of Community Hall & Other Work in Ward No. 46 under Nagar Nigam, Gayaji",2026-08-18 15:00,,,no,"Tender is for construction of a community hall, unrelated to medical or diagnostic products."
309,137410,NIT-18/2026-27/GR22,Urban Development and Housing Department,"Construction of Community Hall & Other Work in Ward No. 51 under Nagar Nigam, Gayaji",2026-08-18 15:00,,,no,"The tender is for construction of a community hall, which is unrelated to medical, surgical, or diagnostic products."
310,137401,NIT-18/2026-27/GR16,Urban Development and Housing Department,"Construction of Community Hall & Other Work in Ward No. 40 under Nagar Nigam, Gayaji",2026-08-18 15:00,,,no,"The tender is for construction of a community hall, unrelated to medical or diagnostic products."
311,137402,NIT-18/2026-27/GR17,Urban Development and Housing Department,"Construction of Community Hall & Other Work in Ward No. 41 under Nagar Nigam, Gayaji",2026-08-18 15:00,,,no,"The tender is for construction of a community hall, which is a civil work unrelated to medical or diagnostic products."
312,137403,NIT-18/2026-27/GR18,Urban Development and Housing Department,"Construction of Community Hall & Other Work in Ward No. 43 under Nagar Nigam, Gayaji",2026-08-18 15:00,,,no,"The description is for construction of a community hall, a civil infrastructure project with no medical or diagnostic context."
313,137404,NIT-18/2026-27/GR19,Urban Development and Housing Department,"Construction of Community Hall & Other Work in Ward No. 44 under Nagar Nigam, Gayaji",2026-08-18 15:00,,,no,"The tender is for construction of a community hall, which is a civil infrastructure project unrelated to medical or diagnostic products."
314,137405,NIT-18/2026-27/GR20,Urban Development and Housing Department,"Construction of Community Hall & Other Work in Ward No. 45 under Nagar Nigam, Gayaji",2026-08-18 15:00,,,no,"Tender is for construction of a community hall, unrelated to medical or diagnostic products."
315,137659,NIT-05/GROUP08/2026-27/UDAKISHUNGANJ,Urban Development and Housing Department,"Bill of Quantity for Construction of the Roof platform next to Anant paswan house  in ward no- 19 under Nagur parishand
Udakishunganj , Madhepura for Year- 2026-27",2026-08-18 15:00,,,no,"The tender is for construction of a roof platform, which is unrelated to medical, surgical, or diagnostic products."
316,137563,NIT- 23/2026-27,Urban Development and Housing Department,"Experienced manufacturers/eligible bidders for Supplying, Fabrication and Installation of Ten (10) Nos. of Q4 Outdoor LED Signage  Screens on Unipole at place specified by Sitamarhi Nagar Nigam.",2026-08-18 15:00,,,no,"The tender is for outdoor LED signage fabrication and installation, unrelated to medical or diagnostic products."
317,137668,"NIT05/GR0UP2/2026-27 UDAKISHUNGANJ, MADHEPURA",Urban Development and Housing Department,"CONSTRUCTION OF PUBLIC TOILET AT RAHTA CHOUK IN WARD NO-13 UNDER NAGAR PARISHAD, UDAKISHUNGANJ MADHEPURA",2026-08-18 15:00,,,no,"The tender is for construction of a public toilet, which is civil infrastructure not related to medical, surgical, or diagnostic products."
318,137666,"NIT-05/GR0UP01/2026-27 UDAKISHUNGANJ, MADHEPURA",Urban Development and Housing Department,"COMMUNITY TOILET AND UNINAL (7+2) MAA DURGA MANDIR BASGAGARAH IN WARD NO-09 UNDER NAGAR PARISHAD, UDAKISHUNGANJ MADHEPURA",2026-08-18 15:00,,,no,"The tender concerns construction of a community toilet and temple, which is unrelated to medical, surgical, or diagnostic products."
319,137663,NIT-05/GROUP06/2026-27/UDAKISHUNGANJ,Urban Development and Housing Department,"Bill of Quantity for Construction of Cremation Ghat structure on Govt Land.  located in ward no- 12 under Nagur parishand
Udakishunganj , Madhepura for Year- 2026-27",2026-08-18 15:00,,,no,"Tender is for construction of a cremation ghat, unrelated to medical or diagnostic products."
320,137680,KTR/NIT-13/2026-27-GR-01,Urban Development and Housing Department,"Construction of Brick Soling and PCC work in Teja Tola, from the house of Rakesh Kumar Choube to the house of Pramanand Poddar, from the house of  Pradeep Saha to the house of Pappu Chourasiya, In ward no. 02 Katihar.",2026-08-18 15:00,,,no,The tender describes civil construction (brick and PCC work) with no medical or diagnostic context.
322,137694,KTR/NIT-13/2026-27-GR-03,Urban Development and Housing Department,construction of  Edge soling road from Mailbasa dehariya near pcc road house of Singheshwar Yadav to house of Mukesh Yadav in ward no-38 katihar,2026-08-18 15:00,,,no,Hard-reject: civil/electrical/administrative signal 'pcc road' — not a Meril product.
323,137695,KTR/NIT-13/2026-27-GR-04,Urban Development and Housing Department,Construction of RCC drain and paver block road from the house of Parshuram mahto to the house of Ashok sah in ward no-35 at katihar,2026-08-18 15:00,,,no,"The tender concerns civil construction of a road and drainage, unrelated to medical or diagnostic products."
324,137696,KTR/NIT-13/2026-27-GR-05,Urban Development and Housing Department,Construction of PCC road  from the Shiva temple to Sanjay Paswan's house in Teja Tola of Ward No. 04.Katihar,2026-08-18 15:00,,,no,Hard-reject: civil/electrical/administrative signal 'pcc road' — not a Meril product.
325,137697,KTR/NIT-13/2026-27-GR-06,Urban Development and Housing Department,Construction of pcc road and rcc drain from Sanjay singh house to Brahmdev mandal house in ward no-08 katihar,2026-08-18 15:00,,,no,Hard-reject: civil/electrical/administrative signal 'pcc road' — not a Meril product.
326,137698,KTR/NIT-13/2026-27-GR-07,Urban Development and Housing Department,Construction of pcc road from Qno-650 (H) to Qno-584 (A) in ward no-13 at katihar,2026-08-18 15:00,,,no,Hard-reject: civil/electrical/administrative signal 'pcc road' — not a Meril product.
327,137699,KTR/NIT-13/2026-27-GR-08,Urban Development and Housing Department,Construction of  rcc drain and paver block road from Shankar bhomik to Sanjay Jaiswal in ward no-19 at katihar,2026-08-18 15:00,,,no,"The tender is for civil construction of a drain and road, unrelated to medical or diagnostic products."
328,137700,KTR/NIT-13/2026-27-GR-09,Urban Development and Housing Department,"Construction of  brick wrok drain from bank Manager to Anganbari center prof- Maujibur rahan to Mokit ahmad house, jayul rahman to Md Ahmad house in ward no-26 at katihar",2026-08-18 15:00,,,no,"The tender is for civil construction of a brick drain, unrelated to medical or diagnostic products."
329,137701,KTR/NIT-13/2026-27-GR-10,Urban Development and Housing Department,Construction of  rcc drain and cover slab from Fakirtakiya chowk to Fakirtakiya imbabara up to Mohananand corner in ward no-32 at katihar,2026-08-18 15:00,,,no,"The tender describes civil construction of a reinforced cement concrete drain and cover slab, unrelated to medical or diagnostic products."
330,137702,KTR/NIT-13/2026-27-GR-11,Urban Development and Housing Department,Construction of  rcc  drain and cover in front of Ganesh mandir from Lohar shop up to the Raviya chowk  in ward no-32 at katihar,2026-08-18 15:00,,,no,"The tender is for civil construction of a drainage and cover, unrelated to medical or diagnostic products."
331,137703,KTR/NIT-13/2026-27-GR-12,Urban Development and Housing Department,Construction of paver block flank and repair of drain and slab from near argara chowk Mandir to Arun yadav and Chounnu dube gola to Ramkanthu school in ward no-36 at katihar,2026-08-18 15:00,,,no,"The tender is for civil construction (paver blocks, drain and slab repair) with no medical or diagnostic relevance."
332,136687,05/BCD/GAYA/2026-27,Building Construction Department,"DG ROOM (DIESEL GENERATOR ROOM) AT MAHABODHI TEMPLE COMPLEX, BODHGAYA, BIHAR FOR THE YEAR 2026-27",2026-08-18 15:00,,,no,"The tender concerns construction/maintenance of a diesel generator room at a temple, unrelated to medical or diagnostic products."
333,136729,NIT- 01/BCD/MOTIHARI/2026-27,Building Construction Department,CONSTRUCTION OF EXCISE COURT (G+2) IN CIVIL COURT AT MOTIHARI IN THE DIST EAST CHAMPARAN FOR THE YEAR 2026-27.,2026-08-18 15:00,,,no,"The tender is for construction of a civil court building, unrelated to medical or diagnostic products."
334,136731,29/BCD/MOTIHARI/2025-26 GR 1,Building Construction Department,CONSTRUCTION OF SUB REGISTRY OFFICE AT ARERAJ IN THE DISTRICT OF EAST CHAMPARAN FOR THE YEAR-2025-26.,2026-08-18 15:00,,,no,"The tender is for constructing a sub registry office, which is a civil construction project unrelated to medical, surgical, or diagnostic products."
335,136732,29/BCD/MOTIHARI/2025-26 GR 2,Building Construction Department,CONSTRUCTION OF SUB REGISTRY OFFICE AT PAKARIDAYAL IN THE DISTRICT OF EAST CHAMPARAN FOR THE YEAR-2025-26.,2026-08-18 15:00,,,no,"The tender is for construction of a sub‑registry office, which is a civil building project unrelated to medical or diagnostic products."
336,136703,RE NIT-10/BCD/MOTIHARI/2026-27,Building Construction Department,CONSTRUCTION OF BLOCK-CUM-CIRCLE OFFCIE BUILDING  AT MOTIHARI BLOCK IN THE DIST EAST CHAMPARAN FOR THE YEAR-2025-26.,2026-08-18 15:00,,,no,"The tender is for construction of an office building, unrelated to medical, surgical, or diagnostic products."
337,136706,NIT- 02/BCD/MOTIHARI/2026-27,Building Construction Department,"CONSTRUCTION OF 20 UNIT JUDGEJ  RESIDENCE (G+6) IN CIVIL COURT, MOTIHARI IN THE DIST- EAST CHAMPARAN FOR THE YEAR 2026-27.",2026-08-18 15:00,,,no,"The tender is for construction of residential units in a civil court, unrelated to medical or diagnostic products."
338,136364,NIT 05/BCD/SUPAUL/2026-27,Building Construction Department,Installation of Iron Removal Plant and related works for improving water quality in the newly constructed residences of officers/staff located at Supaul District Headquarters.,2026-08-18 15:00,,,no,"The tender is for installing an iron removal water treatment plant, which is unrelated to surgical or diagnostic products."
339,137000,2960 dated 24.07.2026,Directorate of Horticulture,EXPRESSION OF INTEREST - Empanelment of Oil Palm Processors / Developers and Conditional Allocation of Pilot Development Areas under NMEO-OP in Bihar,2026-08-18 15:00,,,no,"The tender concerns empanelment of oil palm processors and development areas, unrelated to medical or diagnostic products."
340,137118,09/BUIDCo/2026-27(Gr-03),Bihar Urban Infrastructure Development Corporation Ltd.,Construction of Playground in Block Campus Kudhani (Turki) in Nagar Panchayat Turki-Kudhani in Ward No-6 Under MMSSVY,2026-08-18 15:00,,,no,"The tender is for construction of a playground, which is a civil infrastructure project unrelated to medical or diagnostic products."
341,137544,NIT-RCD/Lakhisarai/e-Retenderding/04/2026-27,Road Construction Department,"Widening and Strengthening of Halsi to Manjhway Road From km. 0.00 to km. 10.350 under Road Division, Lakhisarai for the Year 2026-27.",2026-08-18 15:00,,,no,"The tender is for road widening and strengthening, unrelated to medical or diagnostic products."
342,137213,NIT 70/PR/SBPDCL/2026 (Gr 01),South Bihar Power Distribution Company Limited,Housekeeping Work of Various Circle/ Division/ Area Board/ IB Offices in Patna Urban area under Civil Circle Patna SBPDCL.,2026-08-18 15:00,,,no,Hard-reject: civil/electrical/administrative signal 'housekeeping' — not a Meril product.
343,136931,PR- 169/2026,Bihar School Examination Board,"Customization, Operationalization and AMC of Blockchain Based Pre & Post Examination Processing Application Work for Intermediate, Secondary Examination and Miscellaneous Examinations (STET, D.El.Ed. Entrance, Simultala, D.P.Ed and any other examination as per Boards’ Requirement",2026-08-18 16:00,,,no,"The tender concerns a blockchain-based software application for exam processing, unrelated to medical or diagnostic products."
344,136194,Highly Skilled/Tech. Human Reso./BIPARD(Pat)-21/26,Bihar Institute of Public Administration and Rural Development (BIPARD),Selection of an agency for providing Highly Skilled/Technical Human Resources at BIPARD Patna,2026-08-18 16:00,,,no,"The tender seeks a staffing agency for technical human resources, unrelated to medical or diagnostic products."
345,136185,Security Guard and PT/BIPARD(Patna)-22/2026,Bihar Institute of Public Administration and Rural Development (BIPARD),"Selection of Agency to Provide Security Guards including Physical Training Instructor at BIPARD, Patna",2026-08-18 16:00,,,no,"Tender is for security guard services, unrelated to medical/surgical or diagnostic products."
346,136191,Comprehensive Human Resource/BIPARD(Patna)-23/2026,Bihar Institute of Public Administration and Rural Development (BIPARD),"Selection of Agency for Comprehensive Human Resource Outsourcing and Facility Management Services at BIPARD, Patna",2026-08-18 16:00,,,no,Hard-reject: civil/electrical/administrative signal 'outsourcing' — not a Meril product.
347,135044,BUIDCo/Yo-3451/25-47,Bihar Urban Infrastructure Development Corporation Ltd.,Chhapra Sewerage Network Scheme under AMRUT 2.0,2026-08-18 17:00,,,no,"The tender concerns a sewerage network scheme, unrelated to medical or diagnostic products."
348,136878,MGD/BHOJPUR///-BHOJ SON-03,MINES & Geology Department,E-Auction for settlement of sand ghat in Bhojpur district (BHOJ SON-03),2026-08-18 17:00,,,no,"The tender concerns civil work for settlement of a sand ghat, unrelated to medical or diagnostic products."
349,136879,MGD/BHOJPUR///-BHOJ SON-05,MINES & Geology Department,E-Auction for settlement of sand ghat in Bhojpur district (BHOJ SON-05),2026-08-18 17:00,,,no,The tender concerns civil infrastructure (sand ghat settlement) unrelated to medical or diagnostic products.
350,136880,MGD/BHOJPUR///-BHOJ-SON-06,MINES & Geology Department,E-Auction for settlement of sand ghat in Bhojpur district (BHOJ SON-06),2026-08-18 17:00,,,no,"The tender concerns a sand ghat settlement, a civil infrastructure project unrelated to medical, surgical, or diagnostic products."
352,136882,MGD/BHOJPUR///-BHOJ-SON- 16,MINES & Geology Department,E-Auction for settlement of sand ghat in Bhojpur district (BHOJ SON-16),2026-08-18 17:00,,,no,"The tender concerns civil work for sand ghat settlement, not medical or diagnostic products."
353,136883,MGD/BHOJPUR///-BHOJ-SON-17,MINES & Geology Department,E-Auction for settlement of sand ghat in Bhojpur district (BHOJ SON-17),2026-08-18 17:00,,,no,"The tender is for settlement of a sand ghat, a civil construction activity unrelated to medical or diagnostic products."
354,136884,MGD/BHOJPUR///-BHOJ-SON - 22 A,MINES & Geology Department,E-Auction for settlement of sand ghat in Bhojpur district (BHOJ SON-22 A),2026-08-18 17:00,,,no,Tender is for civil works (settlement of sand ghat) unrelated to medical or diagnostic products.
355,136885,MGD/BHOJPUR///-BHOJ-SON-22 B,MINES & Geology Department,E-Auction for settlement of sand ghat in Bhojpur district (BHOJ SON-22 B),2026-08-18 17:00,,,no,"The tender concerns settlement of a sand ghat, a civil infrastructure activity unrelated to medical or diagnostic products."
356,136886,MGD/BHOJPUR///-BHOJ SON - 39,MINES & Geology Department,E-Auction for settlement of sand ghat in Bhojpur district (BHOJ SON-39),2026-08-18 17:00,,,no,The tender is for civil work (settlement of sand ghat) with no medical or diagnostic relevance.
357,136887,MGD/BHOJPUR///-BHOJ SONE-40,MINES & Geology Department,E-Auction for settlement of sand ghat in Bhojpur district (BHOJ SON-40),2026-08-18 17:00,,,no,The description concerns civil work (settlement of sand ghat) with no medical or diagnostic context.
358,136888,MGD/BHOJPUR///-BHOJ-SON - 41 A,MINES & Geology Department,E-Auction for settlement of sand ghat in Bhojpur district (BHOJ SON-41 A),2026-08-18 17:00,,,no,"The tender is for settlement of a sand ghat, which is a civil work unrelated to medical or diagnostic products."
359,136889,MGD/BHOJPUR///-BHOJPUR GANGA -01,MINES & Geology Department,E-Auction for settlement of sand ghat in Bhojpur district (BHOJ GANG-01),2026-08-18 17:00,,,no,"Tender concerns civil work (settlement of sand ghat) with no medical or diagnostic context, unrelated to Meril's products."
360,136890,MGD/BHOJPUR///-BHOJ GANGA -3 A,MINES & Geology Department,E-Auction for settlement of sand ghat in Bhojpur district (BHOJ GANG-3 A),2026-08-18 17:00,,,no,Tender is for civil/irrigation work (sand ghat settlement) and does not involve medical or diagnostic products.
361,136891,MGD/BHOJPUR///-BHOJ GANGA -3B,MINES & Geology Department,E-Auction for settlement of sand ghat in Bhojpur district (BHOJ GANG-3 B),2026-08-18 17:00,,,no,"The tender concerns settlement of a sand ghat, a civil/infrastructure activity unrelated to medical or diagnostic products."
362,136892,MGD/BHOJPUR///-BHOJ-GANGA -4A,MINES & Geology Department,E-Auction for settlement of sand ghat in Bhojpur district (BHOJ GANG-4 A),2026-08-18 17:00,,,no,"The tender concerns settlement of a sand ghat, a civil infrastructure work unrelated to medical or diagnostic products."
363,136893,MGD/BHOJPUR///-BHOJ-GANGA -4B,MINES & Geology Department,E-Auction for settlement of sand ghat in Bhojpur district (BHOJ GANG-4 B),2026-08-18 17:00,,,no,The tender concerns civil construction (sand ghat settlement) and has no medical or diagnostic context.
364,137094,MGD/PR-008847/SHEOHAR/BAGMATI/UNIT-03,MINES & Geology Department,E-auction for Settlement of Sand ghat of Sheohar DEKULI DHARAMPUR AND MOHARI (UNIT-03),2026-08-18 17:00,,,no,The tender concerns civil work (settlement of a sand ghat) with no medical or diagnostic context.
365,137706,10/2026-27/Naugachia/High Mast/Group 01,Urban Development and Housing Department,SUPPLYING INSTALLATION & COMMISSIONING OF HIGH MAST LIGHT (1) Near  Sanskrit College Near Thana in Ward No- 22 (2) Near Bal Bharti School English Medium Main Road in ward No-23 AND (3) Near Harijan Tola in Ward No-18 (Total Qty= 03 Nos.) UNDER NAGAR PARISHAD NAUGACHIA,2026-08-18 17:00,,,no,Hard-reject: civil/electrical/administrative signal 'high mast' — not a Meril product.
366,137707,10/2026-27/Naugachia/High Mast/Group 02,Urban Development and Housing Department,SUPPLYING INSTALLATION & COMMISSIONING OF HIGH MAST LIGHT (1) Near Pakra More in Ward No- 02 (2) Near Bajrang bali Mandir in Ward No-03 AND (3) Near House of Md.Jabbar  in Ward No-05 (Total Qty= 03 Nos.) UNDER NAGAR PARISHAD NAUGACHIA,2026-08-18 17:00,,,no,Hard-reject: civil/electrical/administrative signal 'high mast' — not a Meril product.
367,137708,10/2026-27/Naugachia/High Mast/Group 03,Urban Development and Housing Department,SUPPLYING INSTALLATION & COMMISSIONING OF HIGH MAST LIGHT (1) Near Bhagwati Asthan Rasalpur in Ward No- 07 (2) Near Satyam Hotel Milan Chock in Ward No-08 AND (3) Near Police Line in Ward No-08 (Total Qty= 03 Nos.) UNDER NAGAR PARISHAD NAUGACHIA,2026-08-18 17:00,,,no,Hard-reject: civil/electrical/administrative signal 'high mast' — not a Meril product.
368,137709,11/2026-27/Naugachia/Street Light/Group 01,Urban Development and Housing Department,"SUPPLYING INSTALLATION & COMMISSIONING OF STREET LIGHT TOTAL 350 NOS IN WARD NO - 01, 02, 06 & Any Other Different Place UNDER NAGAR PARISHAD NAUGACHIA",2026-08-18 17:00,,,no,"The tender is for street light installation and commissioning, unrelated to medical or diagnostic products."
369,137711,11/2026-27/Naugachia/Street Light/Group 02,Urban Development and Housing Department,"SUPPLYING INSTALLATION & COMMISSIONING OF STREET LIGHT TOTAL 350 NOS IN WARD NO - 08, 27, 28 & Any Other Different Place UNDER NAGAR PARISHAD NAUGACHIA",2026-08-18 17:00,,,no,"The tender is for supplying, installing, and commissioning street lights, which is unrelated to medical/surgical or diagnostic products."
370,135280,NIT No. 62/PR/SBPDCL/2026,South Bihar Power Distribution Company Limited,"Procurement of Accessories for 11 KV Covered Conductor, 99 Sq.mm & 50 sq.mm.",2026-08-18 18:00,,,no,Hard-reject: civil/electrical/administrative signal '11 kv' — not a Meril product.
371,136750,BREDA/TENDER/MSV/PMSG:MBY/3/2026-27,Bihar Renewable Energy Development Agency,Engagement of Consultancy Services for preparation of Detailed Project Report (DPR) for implementation of Model Solar Village Scheme in all the districts of Bihar under Pradhan Mantri-Surya Ghar: Muft Bijli Yojna.,2026-08-18 23:30,,,no,Hard-reject: civil/electrical/administrative signal 'consultancy services for preparation' — not a Meril product.
372,137448,NIT- 30/2026-27,Chanakya National Law University,Providing Horticulture Services,2026-08-19 13:00,,,no,"The tender is for horticulture services, which is unrelated to medical, surgical, or diagnostic products."
373,136733,02/BCD/JEHANABAD/2026-2027,Building Construction Department,CONSTRUCTION OF LAWYER'S HALL AT JEHANABAD FOR THE YEAR 2026-27,2026-08-19 15:00,,,no,"Tender is for construction of a lawyer's hall, unrelated to medical/surgical or diagnostic products."
374,136665,NIT-11/MUZAFFARPUR /BCD/2026-27,Building Construction Department,"CONSTRUCTION OF 720 BEDDED Dr. BHIM RAO AMBEDKAR SC/ST RESIDENTIAL SCHOOL (10+2) AT Kurhani, DISTT - Muzaffarpur For the Year 2026-27 (Including Electrification).",2026-08-19 15:00,,,no,"The tender is for construction of a residential school with electrification, unrelated to medical or diagnostic products."
375,136760,05/BCD/EDW SAHARSHA/2026-27,Building Construction Department,"Renovation to E.I. in B.P Mandal  (Indoor) stadium Madhepura, Distt- Madhepura.",2026-08-19 15:00,,,no,Hard-reject: civil/electrical/administrative signal 'renovation' — not a Meril product.
376,137036,NIT 12/BCD/BUXAR/2026-27,Building Construction Department,CONSTRUCTION OF TOILET COMPLEX IN CAMPUS OF CIVIL  COURT BUXAR FOR THE-YEAR 2026-27.,2026-08-19 15:00,,,no,"The tender is for construction of a toilet complex in a civil court campus, unrelated to medical or diagnostic products."
377,137255,NIT-07/2026-27/BALLIA,Urban Development and Housing Department,E-Tender for Selection of Agency for  Supply of All Parts/Accessories/Components of LED Street Light & High Mast Light Installed under Nagar Parishad Ballia,2026-08-19 15:00,,,no,Hard-reject: civil/electrical/administrative signal 'high mast' — not a Meril product.
378,137232,02/24/vi/Estt/14-15/2384/26nagarjun,Bihar State Tourism Development Corporation,"Hotel Nagarjun Vihar, Barabar Jehanabad.",2026-08-19 15:00,,,no,"The description refers to a hotel, which is unrelated to medical/surgical or diagnostic products."
379,136826,NIT 05/BCD/MADHEPURA/2026-27,Building Construction Department,CONSTRUCTION OF OUTER PERIMETER BOUNDARY WALL OF SUB.-JAIL UDAKISHUNGUNJ IN DISTRICT MADHEPURA.,2026-08-19 15:30,,,no,Hard-reject: civil/electrical/administrative signal 'boundary wall' — not a Meril product.
380,137304,NIT No:-01/2026-27,Urban Development and Housing Department,"Request for Proposal for Selection of Agencies for Providing Outsourced Manpower for Performing and Managing Day to Day Activities related to sanitation work for Nagar Panchayat Goraul, Vaishali.",2026-08-19 15:30,,,no,"The tender is for outsourced manpower for sanitation work, unrelated to medical, surgical, or diagnostic products."
382,137015,PR- 171/2026,Bihar School Examination Board,Supply & Printing of Variable Data on Pre-printed Blank Stationary Provided by BSEB and Tabulation Register for Matric and Inter Examination (Annual & Compartmental)-2027 & Other Examinations,2026-08-19 16:00,,,no,"The tender is for printing and supplying pre-printed stationary and examination registers, which are unrelated to medical or diagnostic products."
383,136676,NIT-03/2026-27/Np/Gr01,Urban Development and Housing Department,"Design, Build, construct, install, and commissioning of Material Recovery Facility (MRF) of 05TPD for dry waste along with operation and maintenance of the plant for 5 years for Nagar panchayat Baisi",2026-08-19 16:00,,,no,"The tender is for constructing and operating a waste material recovery facility, which is unrelated to medical/surgical or diagnostic products."
384,136690,NIT-04/2026-27/NPB/GR01,Urban Development and Housing Department,"Design, Build, construct, install, commissioning of compost plant of 05 TPD for wet waste along with operation and maintenance of plant for 5 years including the tipping fee for nagar panchayat baisi",2026-08-19 16:00,,,no,Hard-reject: civil/electrical/administrative signal 'compost plant' — not a Meril product.
385,135140,NIT-12/ 2026-27/ Biomedical Eqpt/ IGIMS/ Group A,Indira Gandhi Institute Of Medical Sciences,"Group A: Critical Care Medicine 

High-End Ventilator
ECMO (Extracorporeal Membrane Oxygenator)",2026-08-19 17:00,,,no,"Tender is for high‑end ventilators and ECMO equipment, which Meril does not supply."
386,135142,NIT-12/ 2026-27/ Biomedical Eqpt/ IGIMS/ Group B,Indira Gandhi Institute Of Medical Sciences,"Group B: R.I.O.

5 Para Patient Monitor",2026-08-19 17:00,,,no,"The tender is for a patient monitor, which is not among Meril Endo or Diagno product lines."
387,135143,NIT-12/ 2026-27/ Biomedical Eqpt/ IGIMS/ Group C,Indira Gandhi Institute Of Medical Sciences,"Group C: Urology

Kidney Transplant Surgery Retractor System
Surgical Loupe",2026-08-19 17:00,,,no,"The tender requests a kidney transplant retractor system and surgical loupe, which are not among Meril Endo or Diagno product lines."
388,135144,NIT-12/ 2026-27/ Biomedical Eqpt/ IGIMS/ Group D,Indira Gandhi Institute Of Medical Sciences,"Group D: Obstetrics & Gynaecology

Video Colposcope",2026-08-19 17:00,,,no,"The tender seeks a video colposcope, a diagnostic imaging device not among Meril's Endo surgical or Diagno IVD product lines."
389,137190,NIT NO.-08/2026-27/LEGACY WASTE/ARA,Urban Development and Housing Department,"NIT NO.-08/2025-26/MRF/ARA, BIO-REMEDIATION/BIO-MINING OF LEGACY WASTES AT VARIOUS SITES UTILIZING VARIOUS METHODOLOGIES/TECHNOLOGY IN NAGAR NIGAM, ARA, BHOJPUR.",2026-08-19 17:00,,,no,"The tender concerns bio‑remediation and bio‑mining of legacy wastes, which is unrelated to medical, surgical, or diagnostic products."
390,137486,RE NIT NO 01/2026-27 Gr-01,Minor Water Resources Department,Renovation of Kashmiriya Bandh,2026-08-19 17:00,,,no,Hard-reject: civil/electrical/administrative signal 'renovation' — not a Meril product.
391,137489,RE NIT NO 01/2026-27 Gr-02,Minor Water Resources Department,Construction Of Maheshmara Lift Irrigation Scheme,2026-08-19 17:00,,,no,Hard-reject: civil/electrical/administrative signal 'irrigation' — not a Meril product.
392,137491,RE NIT NO 01/2026-27 Gr-03,Minor Water Resources Department,Renovation of Pipra Madarsa To Shreepather Canal,2026-08-19 17:00,,,no,Hard-reject: civil/electrical/administrative signal 'canal' — not a Meril product.
393,137705,RCD/06/PATNA CITY/2026-27,Road Construction Department,Widening and strenthening work of Road from NH 31 Teka Bigha (Bakhtiyarpur) to Shri Nilyam Pre Coated Steel Pvt. Ltd. via Kamleshwari Singh College Road  (Total Length 2.10 KM) for the Year 2025-26,2026-08-20 15:00,,,no,"The tender is for road widening and strengthening, a civil infrastructure project unrelated to medical or diagnostic products."
394,137256,NIT-08/2026-27/BALLIA,Urban Development and Housing Department,"Design, Build, Construct, Install and Commissioning of Material Recovery Facility (MRF) of 10TPD for dry waste along with operation and maintenance of the plant for 05 years.",2026-08-20 15:00,,,no,"The tender is for construction, installation and operation of a waste material recovery facility, unrelated to medical or diagnostic products."
395,137257,NIT-09/2026-27/BALLIA,Urban Development and Housing Department,"Design, Build, Construct, Install and Commissioning of Composte Plant of 08TPD for Wet waste along with operation and maintenance of the plant for 05 years including tipping fee.",2026-08-20 15:00,,,no,"The tender is for designing, building and operating a compost plant for wet waste, which is unrelated to medical/surgical or diagnostic products."
396,137320,NIQ NO. 07/2026-2027/HWD BIRPUR,Water Resources Department,"Supply, Installation & Training of Hydro-Meteorological, Geo-Technical & Seismic instruments for Kosi Barrage as per Dam Safety Act-2021",2026-08-20 15:00,,,no,"The tender is for hydro-meteorological, geo-technical and seismic instruments for dam safety, unrelated to medical or diagnostic products."
397,136607,NIT No.- 63/PR/SBPDCL/2026,South Bihar Power Distribution Company Limited,"NIT for Repairing of burnt/defective Power Transformer (PT) 33/11 KV 3 Phase 5 MVA & up to 10 MVA capacity at Transformer Repairing Workshop, Patna, Gaya Ji And Barun under SBPDCL",2026-08-20 15:00,,,no,Hard-reject: civil/electrical/administrative signal '33/11 kv' — not a Meril product.
398,136819,NIT No:- 23/2026-27,Building Construction Department,"Construction of Septic tank & drain work at Schedule Tribe boy's Residential High school,Bamdah,chakai.",2026-08-20 15:00,,,no,"The tender concerns construction of a septic tank and drainage, which is civil infrastructure unrelated to medical or diagnostic products."
399,137093,DoEF&CC/MANPOWER/TMA/2026,"Environment, Forest & Climate Change Department",Request for Proposal (RFP) / Tender Document for Engagement of a Manpower Supply Agency for Deployment of Professional & Technical Manpower,2026-08-20 15:00,,,no,"The tender is for manpower supply services with no medical, surgical, or diagnostic context."
400,136180,IPRD_PR_007900/26-27,Urban Development and Housing Department,Request for Proposal (RFP) Empanelment of CA Firms for conduct of statutory audit in the Urban Local Bodies of Bihar.,2026-08-20 15:00,,,no,"The tender is for audit services (statutory audit) and has no medical or diagnostic context, so it is unrelated to Meril's product lines."
401,137292,NITNO:02/ 2026-27,Urban Development and Housing Department,"Empanelment for Repairing of drain, cross drain, slab, Road, Building, Installation of Hume Pipe, other miscellaneous works and necessary supply items which are required etc. from Ward No 01- 14 of Nagar Panchayat, Goraul Area.",2026-08-20 15:00,,,no,Hard-reject: civil/electrical/administrative signal 'hume pipe' — not a Meril product.
402,137108,BUIDCo/ Yo-3474/2026-55,Bihar Urban Infrastructure Development Corporation Ltd.,House Connection under Digha-Kankarbagh Network under Namami Gangge.,2026-08-20 16:00,,,no,"The tender relates to a water supply network (Namami Gange) which is civil infrastructure, not medical or diagnostic."
403,136693,NIT/NALANDA/03/2026-27/GR01,Urban Development and Housing Department,"Design, Build, Construct, Install and commissioning of Material Recovery Facility (MRF) of 5 TPD for dry waste along with operation and maintenance of the Plant for 5 years at Nagar Panchayat, Nalanda.",2026-08-20 16:00,,,no,Hard-reject: civil/electrical/administrative signal 'nala' — not a Meril product.
404,136696,NIT/NALANDA/04/2026-27/GR01,Urban Development and Housing Department,"Design, Build, Construct, Install, commissioning of Compost plant of  05 TPD for wet waste along with operation and maintenance of plant for 5 years including the tipping fee in Nagar Panchayat, Nalanda.",2026-08-20 16:00,,,no,Hard-reject: civil/electrical/administrative signal 'nala' — not a Meril product.
405,137369,NIT/NPSAKRA/04/2026-27 Compost Plant,Urban Development and Housing Department,Waste to Compost (Solid Waste Management) Project,2026-08-20 16:00,,,no,"The tender concerns a solid waste management composting project, unrelated to medical or diagnostic products."
406,137398,NIT/NPSAKRA/03/2026-27 MRF,Urban Development and Housing Department,Development of Material Recovery Facility (Solid Waste Management Project),2026-08-20 16:00,,,no,"The tender is for a solid waste management facility, unrelated to medical or diagnostic products."
407,136184,BMSIC/2026-27/ME-509,Bihar Medical Services and Infrastructure Corporation Limited,"Tender for the Procurement, Rate Contract and Supply & Installation of OT Table (Minor) for different Government Health Institutions of Bihar",2026-08-20 17:00,,,no,"Tender is for operating theatre tables, which are not among Meril's Endo or Diagno product lines."
408,137017,COMFED:ENGG:3866 DT. 25.07.2026,Bihar State Milk Cooperative Federation Limited,Supply of 05 Lts. capacity SS 304 Milk Cans with Lids - 3774 nos. at different dairies of COMFED as per technical specification of tender document.,2026-08-20 17:00,,,no,"The tender is for stainless steel milk cans for dairies, unrelated to surgical or diagnostic products."
409,137318,NP/GUTHANI/NIT-04/2026-27/GR-01,Urban Development and Housing Department,CONSTRCTION OF ROAD AND RCC DRAIN IN GUTHANI BAZAR MAIN ROAD FROM THE SIDE OF MASJID TO THE  HOUSE OF VISHWANATH GUPTA THROUGH THE HOUSE OF ANIL TURAHA IN WARD NO.-04,2026-08-20 17:00,,,no,"The tender is for road and RCC drain construction, which is unrelated to medical or diagnostic products."
410,137322,NP/GUTHANI/NIT-04/2026-27/GR-02,Urban Development and Housing Department,CONSTRCTION OF RCC DRAIN FROM THE SHOP OF BASANT SINGH TO HOUSE OF BASANT SINGH THROUGH THE HOUSE OF ANIL JAISWAL IN WARD NO.-04,2026-08-20 17:00,,,no,"The tender pertains to construction of an RCC drain, which is civil infrastructure, not medical or diagnostic products."
412,137325,NP/GUTHANI/NIT-04/2026-27/GR-04,Urban Development and Housing Department,CONSTRCTION OF RCC DRAIN FROM THE HOUSE OF JANGBAHADUR TO THE NAHAR PULIYA THROUGH HOUSE OF ROHIT YADAV AND NAGENDRA YADAV IN WARD NO.-15,2026-08-20 17:00,,,no,"The tender concerns construction of an RCC drain, which is civil infrastructure and unrelated to surgical or diagnostic products."
413,137326,NP/GUTHANI/NIT-04/2026-27/GR-05,Urban Development and Housing Department,CONSTRCTION OF SOAK PIT NEAR THE HANDPIPES IDENTIFIED AT 140 (ONE HUNDRED FORTY) IN NAGAR PANCHAYAT GUTHANI AREA ( 140 HANDPIPE  X  Rs. 26862 PER SOAK PIT),2026-08-20 17:00,,,no,"The tender describes civil construction of soak pits and handpipes, unrelated to medical or diagnostic products."
414,137219,GEC/Abad/canteen/02/2026,Department of Science and Technology,Government Engineering college Aurangabad invites tender for canteen service in college campus.,2026-08-20 17:00,,,no,"The tender is for canteen services at an engineering college, unrelated to medical or diagnostic products."
415,136769,01/Coop/PMU/2026,COOPERATIVE DEPARTMENT,"RFP for Hiring a Consulting Firm for setting up a Project Management Unit (PMU) for PMFBY Implementation, Cooperative Department, Government of Bihar",2026-08-20 17:00,,,no,"The tender is for consulting services to set up a project management unit for an agricultural scheme, with no medical, surgical, or diagnostic context."
416,136862,39/PR/NBPDCL/2026,NORTH BIHAR POWER DISTRIBUTION COMPANY LIMITED,"Turnkey Contract for Installation of 18 nos. of additional 5 MVA Departmental Power Transformer along with associated 33 kV & 11 kV Protection System and 11 kV Bay at different Power Sub Station in Electric Supply Circle, Chapra and Samastipur under O&M capital head/ Internal Resource Fund (IRF), O&M Department, NBPDCL.",2026-08-20 18:00,,,no,Hard-reject: civil/electrical/administrative signal '33 kv' — not a Meril product.
417,136781,38/2026-27/EBD-3/PATNA/BCD,Building Construction Department,"PROVISION OF LED STREET LIGHT & E/I IN WASHROOMS & DRIVER REST ROOM BEHIND OF BOARD OF REVENUE DEPTT. AND INFRONT OF MAIN BUILDING FROM GATE 1 TO GATE 2 AT OLD SECTT., PATNA",2026-08-21 15:00,,,no,"Tender is for LED street lighting and electrical installations in washrooms and driver rest rooms, unrelated to medical or diagnostic products."
418,137001,15/BSBCCL/2026-27 GR 02,Bihar State Building Construction Corporation Ltd,"Construction of Residential (CO-ED) School 560 Capacity for Minority Welfare Department at Manjha,Gopalganj.",2026-08-21 15:00,,,no,"The tender is for construction of a residential school, unrelated to medical or diagnostic products."
419,137014,NIT 20/BCD/PURNEA/2026-27,Building Construction Department,"Patrolling Road Four Sided of main Perimeter wall inner and outer In the Campus of Central Jail, Purnea for the Year - 2026 -2027",2026-08-21 15:00,,,no,"Tender concerns construction/maintenance of a perimeter road at a jail, unrelated to medical or diagnostic products."
420,136986,15/BSBCCL/2026-27 GR 01,Bihar State Building Construction Corporation Ltd,"Construction of Dr.A.P.J.Abdul Kalam Residential Science school, Block- Palasi,Dist-Araria.",2026-08-21 15:00,,,no,"The tender is for constructing a school, unrelated to medical, surgical, or diagnostic products."
421,137040,NIT-06/BCD/KHAGARIA/2026-27 GR 2,Building Construction Department,"Construction of ANANDPUR PRAS SHC,  and Residential Quarter at ANANDPUR MARAN, ALAULI  BLOCK, Under Khagaria District 2026-27.",2026-08-21 15:00,,,no,"The tender is for construction of residential facilities, which is unrelated to medical/surgical or diagnostic products."
422,137041,NIT-06/BCD/KHAGARIA/2026-27 GR 1,Building Construction Department,"Construction of KANJRI WEST  SHC,  and Residential Quarter at KANJRI PANCHAYAT, BELDAUR  BLOCK, Under Khagaria District 2026-27.",2026-08-21 15:00,,,no,"The tender is for construction of a residential quarter, unrelated to medical or diagnostic products."
423,137089,18/SBD/BCD/PURNEA/2026-27,Building Construction Department,"Raise of Perimeter Wall at Central Jail, Purnea for the year 2026-27",2026-08-21 15:00,,,no,"The tender is for constructing a perimeter wall at a jail, which is a civil infrastructure project unrelated to medical or diagnostic products."
424,137710,NIT NO.- 946/DBG/BRPNNL Dated- 10.07.2026,Bihar Rajya Pul Nirman Nigam Limited,"Construction of ROB  at CH-26th Km of Sobhan Chowk (NH-27) to Agropatti Chowk Makia (SH-52) Road Project (Announced during Pragati Yatra) under District of Darbhanga, Bihar on EPC Mode",2026-08-21 15:00,,,no,"The tender concerns road and bridge construction, which is unrelated to surgical/endoscopy or diagnostic products."
425,136672,PR _ 008527(URBAN)2026-27,Urban Development and Housing Department,Retender (Group 4) - Request for Proposal for Selection of Consultant for the Preparation of Town Planning Scheme(s) for the Multiple Greenfield Satellite Townships in Bihar,2026-08-21 15:00,,,no,"The tender is for a town planning consultancy, unrelated to medical or diagnostic products."
426,136865,GPMUNGER/05/2026-27,Department of Science and Technology,"Outsourcing of Services of Security Guards, Housekeepings (Including Sweepers) Staff, Electrician, Plumber, and Gardeners in 
Government Polytechnic 
Munger",2026-08-21 16:00,,,no,Hard-reject: civil/electrical/administrative signal 'housekeeping' — not a Meril product.
427,136674,NIT No. 05/PR/BSPGCL/2026,Bihar State Power Generation Company Limited,Selection of Solar Power Developers for Setting up of 150 MW Solar PV Power Projects with 75 MW/300 MWh Energy Storage Systems (ESS) in the state of Bihar under Tariff-Based Competitive Bidding,2026-08-21 16:00,,,no,"Tender is for solar power development and energy storage, unrelated to medical or diagnostic products."
428,136597,Short NIT No: 03/e-PROC /RZS/2026-27,"Environment, Forest & Climate Change Department",Supply and installation of total 2 unit servo voltage stabilizer in Rajgir Zoo Safari Nalanda.,2026-08-21 17:00,,,no,Hard-reject: civil/electrical/administrative signal 'nala' — not a Meril product.
429,137048,NIT NO:MDUSS:JICA:ENGG:2817,MITHILA DUGDH UTPADAK SAHKARI SANGH LTD.,"Supply, installation, testing and commissioning of 04 sets of 10 KL Walk in Type Product Cold Room at Rosera,Madhubani,Darbhanga and Umgaon sites, under Mithila Dugdh Utpadak Sahkari Sangh Ltd, Samstipur under JICA Fund as per technical specification of tender documents",2026-08-21 17:00,,,no,"The tender is for supply and installation of cold rooms, which are unrelated to Meril's surgical/endoscopic or diagnostic product lines."
430,137300,NIT-13/SBD/2026-27/GR-01,Bihar Police Building Construction Corporation,CONSTRUCTION OF POLICE STATION BUILDING (G+3 STRUCTURE) AT BAKHARPUR POLICE STATION WITH ELECTRIFICATION IN THE DISTRICT OF BHAGALPUR,2026-08-21 17:00,,,no,"Tender is for construction of a police station building and electrification, unrelated to medical or diagnostic products."
431,137301,NIT-13/SBD/2026-27/GR-02,Bihar Police Building Construction Corporation,CONSTRUCTION OF FIRE STATION BUILDING (G+1) OF 02 UNIT FIRE STATION AT GOGRI SUBDIVISION IN THE DISTRICT OF KHAGARIA WITH ELECTRIFICATION,2026-08-21 17:00,,,no,"The tender is for constructing a fire station building, which is a civil infrastructure project unrelated to medical or diagnostic products."
432,136475,BMSIC/DRUGS/26-08,Bihar Medical Services and Infrastructure Corporation Limited,Tender for rate contract and supply of Drugs for different healthcare facilities of state of Bihar,2026-08-21 17:00,,,no,"The tender seeks supply of drugs, which are not part of Meril's Endo or Diagno product ranges."
433,136785,39/2026-27/EBD-3/PATNA/BCD,Building Construction Department,"RENOVATION WITH ADDITION & ALTERATION TO E/W & E/I ALONG WITH CASSETTE AC & SPLIT AC IN PRINCIPAL SECRETARY (GAD) CHAMBER, ROOM NOs. 135,19,20 ( RECORD ROOM), SERVER ROOM, BESIDE LADIES TOILET AND EXTRA WORK ( ELECTRICAL & NETWORKING) AT GAD, OLD SECTT., PATNA",2026-08-22 15:00,,,no,Hard-reject: civil/electrical/administrative signal 'renovation' — not a Meril product.
434,136770,RE-NIT-15/BCD/MUZAFFARPUR/2026-27,Building Construction Department,"Construction of Prefabricated/ Pre-engineered Pota cabin in Jail  on EPC (Engineering Procurement and Construction) basis  at Muzaffarpur Central Jail, Hajipur Divisional Jail and Sitamarhi, Divisional Jail. (Total no of Cabin = 03 Nos)",2026-08-22 15:00,,,no,"The tender is for construction of prefabricated cabins in a jail, unrelated to medical or diagnostic products."
435,137142,12/BCD/GAYA/2026-27,Building Construction Department,Repair of perimeter wall (2) at Sub-jail Sherghati Dist-Gaya Ji for year 2026-27,2026-08-22 15:00,,,no,"Tender is for civil construction wall repair at a jail, unrelated to medical or diagnostic products."
436,136999,NIT-06/2026-27/GR - 01/NIRMALI,Urban Development and Housing Department,"Detail Estimate for Installation of street Light Under Nagar Panchayat Nirmali, Supaul (Bihar)",2026-08-22 15:00,,,no,"The tender concerns street light installation, unrelated to surgical or diagnostic products."
437,137038,NIT 2/BCD/NALANDA/2026-27,Building Construction Department,Construction of  Proposed Toilet Complex in the Campus of Civil Court  Bihar Sharif in Dist-Nalanda for the Year-2026-27,2026-08-22 15:00,,,no,Hard-reject: civil/electrical/administrative signal 'nala' — not a Meril product.
438,137370,09(CONS)/BSBCCL/2026-27,Bihar State Building Construction Corporation Ltd,"Selection of agency for housekeeping Services at Bihar State Building Construction Corporation Ltd. (HQ), Rajvanshi Nagar Gymnasium Adhiveshan Bhawan, and Maulana Majaharul Haque Auditorium at Patna",2026-08-22 15:00,,,no,Hard-reject: civil/electrical/administrative signal 'building construction' — not a Meril product.
439,137097,NIT No: 06/PR/BSPGCL/2026,Bihar State Power Generation Company Limited,"For Selection of Agency for Design, Development, Deployment, Integration and 5-Year Operation & Maintenance of the BIHAR STATE SOLAR ENERGY DATA MANAGEMENT (SEDM) PORTAL for connectivity with Remote Monitoring Systems (RMS) of Feeder Level Solarisation and other Solar Plants under PM-KUSUM Scheme (Component C) and Integration with the MNRE National Level SEDM Portal.",2026-08-22 16:00,,,no,"The tender concerns a solar energy data management portal, which is unrelated to medical/surgical or diagnostic products."
440,136820,NIT- 582 Dated 08.07.2026,Bihar State Food and Civil Supplies Corporation Limited,NOTICE INVITING TENDER FOR SELECTION AND EMPANELMENT OF CONTRACTORS FOR DOOR STEP DELIVERY TRANSPORTATION OF FOOD GRAINS AT JEHANABAD DISTRICT.,2026-08-22 17:00,,,no,"The tender concerns door‑step delivery of food grains, which is unrelated to medical, surgical, or diagnostic products."
442,137140,E-NIT 02/BCD/SAHARSA/2026-27,Building Construction Department,"Construction of Toilet Complex (Single Storey) in the Campus of Civil Court, Saharsa.",2026-08-24 15:00,,,no,"The tender is for constructing a toilet complex, a civil construction project with no medical or diagnostic relevance."
443,136956,CCTV/01/2026--,"BIHAR PUBLIC SERVICE COMMISSION, PATNA",E-Tender response invited for empanelment of experienced agencies for providing CCTV Surveillance services during multiple examinations being conducted by BPSC throughout the State.,2026-08-24 15:00,,,no,"The tender is for CCTV surveillance services, unrelated to medical or diagnostic products."
444,137271,NIT NO-02/2026-27/ Naubatpur,Urban Development and Housing Department,Request for Proposal for Selection of Agencies for Providing Outsourced Manpower for Performing and Managing Day to Day Activities related to sanitation work for Nagar Panchayat Naubatpur.,2026-08-24 15:00,,,no,"The tender is for outsourced sanitation manpower, which is unrelated to surgical or diagnostic products."
445,136800,PR_008684/26-27,Urban Development and Housing Department,"Selection of Agency for the Integrated Media & Communication Support for Strategic Communication and Public Outreach Enhancement Initiative for Urban Development and Housing Department, Bihar",2026-08-24 15:00,,,no,"The tender concerns media and communication services for urban development, with no medical, surgical, or diagnostic context."
446,137479,02/2026-27/BCD/KATIHAR,Building Construction Department,CONSTRUCTION OF TOILET COMPLEX IN CAMPUS OF CIVIL COURT MANIHARI IN DISTRICT KATIHAR,2026-08-24 15:00,,,no,"The tender is for construction of a toilet complex, which is unrelated to medical, surgical, or diagnostic products."
447,137106,BUIDCO/Yo-3095/2025-53,Bihar Urban Infrastructure Development Corporation Ltd.,Construction of Purnea Bus Stand Project,2026-08-24 16:00,,,no,"The tender is for construction of a bus stand, which is a civil infrastructure project unrelated to medical or diagnostic products."
448,136863,7558/BSFCSL/HQ/Finance/CLA1,Bihar State Food and Civil Supplies Corporation Limited,"RFP FOR THE SELECTION OF AGENCIES/CONSULTANTS (CLA 1) FOR ACCOUNTING, FINANCIAL MANAGEMENT, TAXATION, COMPANIES ACT AND OTHER FINANCIAL MATTERS.",2026-08-24 16:00,,,no,"The tender is for accounting, financial management, and taxation consulting services, unrelated to medical or diagnostic products."
449,136766,NIT-15/ 2026-2027/ Biomedical Eqpt./ IGIMS/Store,Indira Gandhi Institute Of Medical Sciences,"Group- A Radiology

64 Detector 128 Slice CT Scan
High End Ultrasound Machine",2026-08-24 17:00,,,no,"The tender is for CT scanner and ultrasound equipment, which Meril does not sell."
450,137027,"NIT No : Comfed:Mktg:3913, Dated:28.07.2026",Bihar State Milk Cooperative Federation Limited,"Request for Proposal for carrying out the project of the supply of Recipe Based Fortified Food Products (RBFFP) items to any government department/PSUs/Co-operatives under PPP Mode (Boot – Build, Own, Operate and Transfer",2026-08-24 17:00,,,no,"The tender is for supplying fortified food products, which falls outside Meril's surgical/endosurgery or diagnostic product ranges."
451,137222,BUIDCo/Yo- 3538 / 2026(Part-02) - 54 (Gr-02),Bihar Urban Infrastructure Development Corporation Ltd.,Samastipur  Water Supply scheme under AMRUT 2.0,2026-08-24 17:00,,,no,Hard-reject: civil/electrical/administrative signal 'water supply' — not a Meril product.
452,137225,BUIDCo/Yo- 3538 / 2026(Part-02) - 54 (Gr-03),Bihar Urban Infrastructure Development Corporation Ltd.,Sitamarhi  Water Supply scheme under AMRUT 2.0,2026-08-24 17:00,,,no,Hard-reject: civil/electrical/administrative signal 'water supply' — not a Meril product.
453,137226,BUIDCo/Yo-3538/2026 (Part- 02)-54 (Gr-04),Bihar Urban Infrastructure Development Corporation Ltd.,Hajipur Sewerage Network and STP Scheme under AMRUT 2.0,2026-08-24 17:00,,,no,"The tender concerns a sewerage network and sewage treatment plant, which is unrelated to Meril's surgical or diagnostic product lines."
454,137202,"COMFED:ENGG:3918 DT. 29.07.2026, Sl. No. 01.",Bihar State Milk Cooperative Federation Limited,"Supply, installation, testing and commissioning of Automatic wrapping machine for Lolly / Candy ice cream - 01 set at Nalanda Dairy, Bihar Sharif as per technical specification of tender document.",2026-08-24 17:00,,,no,Hard-reject: civil/electrical/administrative signal 'nala' — not a Meril product.
455,137203,"COMFED:ENGG:3918 DT. 29.07.2026, Sl. No. 02.",Bihar State Milk Cooperative Federation Limited,"Supply, installation, testing and commissioning Brine Tank with Refrigeration system - 01 set at Nalanda Dairy, Bihar Sharif as per technical specification of tender document.",2026-08-24 17:00,,,no,Hard-reject: civil/electrical/administrative signal 'nala' — not a Meril product.
456,137204,"COMFED:ENGG:3918 DT. 29.07.2026, Sl. No. 03.",Bihar State Milk Cooperative Federation Limited,"Supply, installation, testing and commissioning of Continuous Ice-cream freezer - 01 set at Nalanda Dairy, Bihar Sharif as technical specification of tender document.",2026-08-24 17:00,,,no,Hard-reject: civil/electrical/administrative signal 'nala' — not a Meril product.
457,137205,"COMFED:ENGG:3918 DT. 29.07.2026, Sl. No. 04.",Bihar State Milk Cooperative Federation Limited,"Supply, installation, testing and commissioning of Ice Cream Hardening Tunnel - 02 nos. at Nalanda Dairy, Bihar Sharif as per technical specification of tender document",2026-08-24 17:00,,,no,Hard-reject: civil/electrical/administrative signal 'nala' — not a Meril product.
458,137220,BUIDCo/Yo- 3538 / 2026(Part-02) - 54 (Gr-01),Bihar Urban Infrastructure Development Corporation Ltd.,Khagaria Water Supply scheme under AMRUT 2.0,2026-08-24 17:00,,,no,Hard-reject: civil/electrical/administrative signal 'water supply' — not a Meril product.
459,137303,NIT 11/2026-27/GR-01,Bihar Police Building Construction Corporation,CONSTRUCTION OF SUB DIVISIONAL PROBATION OFFICE BUILDING AT MANDAL KARA BIKRAMGANJ IN THE DISTRICT OF ROHTAS WITH ELECTRIFICATION,2026-08-24 17:00,,,no,"The tender is for construction of a probation office building with electrification, unrelated to medical or diagnostic products."
460,137305,NIT 11/2026-27/GR-02,Bihar Police Building Construction Corporation,CONSTRUCTION OF CIRCLE INSPECTOR OFFICE CUM RESIDENTIAL BUILDING AT RAJAULI IN THE DISTRICT OF NAWADA WITH ELECTRIFICATION,2026-08-24 17:00,,,no,"The tender is for construction of a building with electrification, unrelated to medical or diagnostic products."
461,137306,NIT 11/2026-27/GR-03,Bihar Police Building Construction Corporation,CONSTRUCTION OF ARMOURY AND MAGZINE BUILDING (G+1 STRUCTURE)  AT POLICE LINE NAWADA IN THE DISTRICT OF NAWADA WITH ELECTRIFICATION,2026-08-24 17:00,,,no,"The tender is for constructing an armoury and magazine building with electrification, which is a civil infrastructure project unrelated to medical or diagnostic products."
462,136742,489/UM Dated-23.07.2026,Department of Industries,Request for Proposal for Selection of Agency for Establishment of Bihar MSME Studio under RAMP,2026-08-24 18:00,,,no,"The tender concerns establishing a Bihar MSME Studio under RAMP, which is unrelated to medical/surgical or diagnostic products."
463,134887,BREDA/RFP/BEE/02/2026-27,Bihar Renewable Energy Development Agency,"Selection of a Supplier for Supply of Energy Efficient Appliances i.e. LED Bulb, LED Tube light and BLDC Ceiling Fan to the Selected Govt. Schools across Bihar State.",2026-08-24 23:30,,,no,"The tender is for LED lighting and ceiling fans for schools, unrelated to medical or diagnostic products."
464,136953,BIOMETRIC/01/2026..,"BIHAR PUBLIC SERVICE COMMISSION, PATNA",E-Tender responses invited from Experienced Agencies for empanelment to provide Security Ancillary services during multiple examination being conducted by  BPSC throughout the State,2026-08-25 15:00,,,no,"The tender seeks security ancillary services for examinations, unrelated to medical, surgical or diagnostic products."
465,137481,01/2026-27/BCD/KATIHAR,Building Construction Department,"Construction of Lawyer's Hall Building at Sub-Divisional Court Manihari, Distt. Katihar.",2026-08-25 15:00,,,no,"Tender is for construction of a court building, unrelated to medical or diagnostic products."
466,137207,NIT- 10/ 2026-27,Urban Development and Housing Department,Construction of PCC Road from House of Bhagaynarayan sharma to house of Subodh kumar in ward no 06 at Nagar Parishad Kanti. (Retender),2026-08-25 15:00,,,no,Hard-reject: civil/electrical/administrative signal 'pcc road' — not a Meril product.
467,137216,NIT- 09/ 2026-27,Urban Development and Housing Department,"Design, Build, Construct, Install, and Commissioning of Material Recovery Facility for 5 TPD Dry Waste Along With Operation and Maintenance of the Plant for 5 Years on EPC mode in Nagar Parishad Kanti.",2026-08-25 16:00,,,no,"The tender is for design and construction of a material recovery facility for dry waste, which is a civil/industrial project unrelated to medical, surgical, or diagnostic products."
468,137269,COMFED:ENGG:3961 DT. 31.07.2026,Bihar State Milk Cooperative Federation Limited,"Supply, installation, testing and commissioning of Instruments for Automation Software Upgradation of existing powder plant at Nalanda Dairy, Biharsharif as per technical specification of tender document under State Plan 2025-26.",2026-08-25 17:00,,,no,Hard-reject: civil/electrical/administrative signal 'nala' — not a Meril product.
469,137218,"NIT No : COMFED: MKTG: 3987, dated:01.08.2026",Bihar State Milk Cooperative Federation Limited,Tender for granting License for operating Sudha Café & Restaurant situated in COMFED's Hqr premises.,2026-08-25 17:30,,,no,"The tender is for a café and restaurant license, unrelated to medical or diagnostic products."
470,136618,NIT No. 68/PR/SBPDCL/2026,South Bihar Power Distribution Company Limited,Procurement of 11 KV Polymer type Station Class Lightning Arrester,2026-08-25 18:00,,,no,Hard-reject: civil/electrical/administrative signal '11 kv' — not a Meril product.
472,137141,NIT 03/BCD/NAWADA/2026-27,Building Construction Department,"CONSTRUCTION OF TOILET COMPLEX (G+1) IN CAMPUS OF CIVIL COURT ,NAWADA FINANCIAL YEAR 2026-27",2026-08-26 15:00,,,no,"The tender is for construction of a toilet complex, which is civil infrastructure unrelated to Meril's surgical or diagnostic products."
473,137348,32/PR/BSPTCL/2026,Bihar State Power Transmission Company Limited,"Design, Fabrication, Supply, Installation & Commissioning of a Museum-Grade Animated Display Prototype Depicting the Journey of Electricity from Power Generation to End Consumers through the Bihar Transmission & Distribution Network.",2026-08-26 15:00,,,no,"The tender concerns a museum animated display about electricity transmission, unrelated to medical/surgical or diagnostic products."
474,137273,NIT No:Comfed:Pur:259: 4078 Dt:05.08.2026( AI Kit),Bihar State Milk Cooperative Federation Limited,Procurement of AI Kit on ARC basis as per technical specification,2026-08-26 17:00,,,no,The description only mentions a generic 'AI Kit' with no medical or diagnostic context.
475,137277,NIT No:Comfed:Pur:259: 4078 Dt:05.08.2026 (AI Gun),Bihar State Milk Cooperative Federation Limited,Procurement of Digital AI Gun on ARC basis as per technical specification,2026-08-26 17:00,,,no,"The tender is for a digital AI gun, which is unrelated to any surgical/endoscopic or diagnostic products we sell."
476,137704,NIT - 6 e-proc/ BETDS / ECOTOURISM/RFP/ 2026- 27,"Environment, Forest & Climate Change Department",Request for Proposal (RFP) for Selection of Transaction Advisor for development of Ecotourism Sites in Bihar.,2026-08-27 14:00,,,no,"The tender seeks a transaction advisor for ecotourism site development, unrelated to medical or diagnostic products."
477,137252,RE NIT 11/BCD/MOTIHARI/2026-27,Building Construction Department,"CONSTRUCTION OF  03 (THREE) Nos. PANCHAYAT SARKAR BHAWAN IN  VILL - KARARIYA  MAUJA - KARARIYA, VILL - BARHARWAKALA PASCHIM MAUJA - BARHARWA KALA AND VILL- BHOPATPUR UTTARI MAUJA - BHOPATPUR  AT BLOCK KOTWA IN THE DIST - EAST CHAMPARAN FOR THE YEAR - 2026-27.",2026-08-27 15:00,,,no,"The tender is for construction of Panchayat buildings, a civil works project unrelated to medical or diagnostic products."
478,137230,LetterNo. 2980 Dated 24.07.2026,Directorate of Horticulture,"SHORT e-TENDER EMPANELMENT / RATE CONTRACT - Supply, Testing, Installation, Commissioning and 5-year Comprehensive Maintenance of Decentralized Solar Cold Storage Systems (<100 MT) in Bihar",2026-08-27 15:00,,,no,"Tender is for solar cold storage systems, unrelated to surgical/endoscopic or diagnostic products."
479,137182,NIT NO. 21/2026-27/BGP,Building Construction Department,"Provision of Transformer (2x630 KVA Compact Substation) along with Feedar Pillar and Cable work for Residence of Different officers Building and Staff Qtr. Building at Sansarpur, Distt.-Khagaria.",2026-08-27 15:00,,,no,Hard-reject: civil/electrical/administrative signal 'substation' — not a Meril product.
480,137049,05/BCD/GARDANIBAGH/2026-27,Building Construction Department,"Supply, Installation , Testing & commissioning of Sprinkler and Hydrants System at Admin Building & Hydrant System at player and Coaches Hostel, Patliputra Sports Complex, Kankarbagh, Patna for the Year of 2026-27",2026-08-27 15:00,,,no,"The tender is for installation of sprinkler and hydrant systems in a sports complex, which is civil infrastructure unrelated to medical or diagnostic products."
481,137084,NIT-12/2026-27 (Grp-2),Urban Development and Housing Department,Construction work of PCC road and 01 unit of RCC culvert (road crossing) from Durga Mandir to Jhakhra Road in Ward No. 06 under Nagar Panchayat Areraj..,2026-08-27 15:00,,,no,Hard-reject: civil/electrical/administrative signal 'pcc road' — not a Meril product.
482,137085,NIT-12/2026-27 (Grp-3),Urban Development and Housing Department,"Construction work of PCC road and RCC drain from the main road via Baleshwar Prasad's house to the garden/Mohan Tiwari's house, from the main road via Abhay Mishra's house to Banarsi Sah's house, and from the main road at Ramu Paswan's house to Ijarhiya Pokhra in Ward No. 08 under Nagar Panchayat Areraj..",2026-08-27 15:00,,,no,Hard-reject: civil/electrical/administrative signal 'pcc road' — not a Meril product.
483,135288,008/AKU-NS&NT/017/2014(III)-4692,EDUCATION DEPARTMENT,"Rate Contract for Supply, Installation, Testing & Commissioning (SITC) of 1.0 Ton, 1.5 Ton & 2.0 Ton Energy Efficient Inverter Split Air Conditioners with Compatible Voltage Stabilizers, Standard Installation Accessories and Electrical Connections for Aryabhatta Knowledge University (AKU), Patna.",2026-08-27 15:00,,,no,"Tender is for supply and installation of air conditioners, which are unrelated to surgical/endosurgery or diagnostic products."
484,136097,NIT-12/2026-27 (Grp-1),Urban Development and Housing Department,"PCC road construction from the Motihari–Areraj main road to the Sub-Divisional Bar Association in Ward No. 03 under Nagar Panchayat Areraj; PCC road and RCC drain construction from the Sub-Divisional Bar Association to the main road in front of the Block-cum-Circle Office; and PCC road and RCC drain construction work from the main gate of the Sub-Divisional Office via the Environment Office and Block Development Officer's residence to the main road in front of the SDM residence, and from Dr. K.K. Tiwari's residence to the north-east boundary of the park..",2026-08-27 15:00,,,no,Hard-reject: civil/electrical/administrative signal 'road construction' — not a Meril product.
485,137278,NIT/BSEDC/03-11/2026-27 Dated: - 05/08/2026,Bihar State Electronic Development Corporation,REQUEST FOR PROPOSAL For Selection of a Third Party Auditor (TPA) For BiharOne Project,2026-08-27 15:00,,,no,"The tender is for selecting a third‑party auditor, which has no medical, surgical, or diagnostic relevance."
486,137090,NIT-01/MSCL/2026-27,Urban Development and Housing Department,MONETIZATION OF VENDING AND FOOD KIOSK.,2026-08-27 15:00,,,no,"The tender concerns monetization of vending and food kiosks, which is unrelated to medical, surgical, or diagnostic products."
487,137312,BUIDCo/ Yo-3551/2026-57,Bihar Urban Infrastructure Development Corporation Ltd.,Construction of Commercial Building in Parshuram Asthan Campus under Nagar Parishad Mokama,2026-08-27 16:00,,,no,"The tender is for construction of a commercial building, unrelated to medical or diagnostic products."
488,137217,NIT- 08/ 2026-27,Urban Development and Housing Department,"Design, Build, Construct, Install, and Commissioning of Compost Plant for 5 TPD Wet Waste Along With Operation and Maintenance of the Plant for 5 Years including the tipping fee at Nagar Parishad Kanti.",2026-08-27 16:00,,,no,Hard-reject: civil/electrical/administrative signal 'compost plant' — not a Meril product.
489,137373,NIT- 01 /2026-27,Department of Science and Technology,"Request for proposal for Outsourcing of Services of Security Guard (Including Supervisor), Housekeeping (including Sweeper) Staff, Gardener, Sweeper (Toilet/Washroom), Electrician, Plumber and Caretaker in Government Engineering College, Buxar",2026-08-27 17:00,,,no,Hard-reject: civil/electrical/administrative signal 'housekeeping' — not a Meril product.
490,136864,40/PR/NBPDCL/2026,NORTH BIHAR POWER DISTRIBUTION COMPANY LIMITED,"Turnkey Contract for Installation of 14 nos. of additional 5 MVA Departmental Power Transformer along with associated 33 kV & 11 kV Protection System and 11 kV Bay at different Power Sub Station in Electric Supply Circle, Muzaffarpur and Motihari under O&M capital head/ Internal Resource Fund (IRF), O&M Department, NBPDCL.",2026-08-27 18:00,,,no,Hard-reject: civil/electrical/administrative signal '33 kv' — not a Meril product.
491,137018,05/AA Dated 29/07/2026,"Bihar Staff Selection Commission, Patna","Selection of Agency for conducting end-to-end computer-based tests (CBTs) for internal and external recruitment examinations conducted by the Bihar Staff Selection Commission (BSSC), Patna",2026-08-28 12:00,,,no,"The tender concerns computer-based recruitment testing services, unrelated to medical, surgical, or diagnostic products."
492,137206,RE NIT 03/BCD/JEHANABAD/2026-2027,Building Construction Department,"Repair, Painting Work and raising of the  Boundary Wall of old Hostel in the campus of  Dr. Bhim Rao Ambedkar 10+2 Residential School Dakshini Jehanabad (year 2025-26)",2026-08-28 15:00,,,no,Hard-reject: civil/electrical/administrative signal 'boundary wall' — not a Meril product.
493,137247,ET 03/ BCD CHAPRA 2026-27,Building Construction Department,Construction of Lawyer's hall Building at Sub divisional Civil Court Campus Sonepur in District Saran,2026-08-28 15:00,,,no,"The tender is for construction of a lawyer's hall building, unrelated to medical or diagnostic products."
494,137333,BSDM/Nivida Report/128/2026-01,"YOUTH, EMPLOYMENT AND SKILL DEVELOPMENT DEPARTMENT",Selection of Agency for Preparation of Bihar Employment Report,2026-08-28 15:00,,,no,"The tender is for agency services to prepare an employment report, unrelated to medical, surgical, or diagnostic products."
495,137307,01/DFARD/2026-27,Animal And Fisheries Resources Department,Empanelment Of Agencies for Supply of Stationery and Other Items,2026-08-28 15:00,,,no,Hard-reject: civil/electrical/administrative signal 'stationery' — not a Meril product.
496,137024,BBOCWWB/Coaching institute/02/2026-27,LABOUR RESOURCES AND MIGRANT WORKERS WELFARE DEPARTMENT,"Request for Proposal (RFP) for Empanelment of Reputed Coaching Institutes on pan India Basis for Imparting Specialized Coaching for Engineering/Medical/Law Entrances (JEE & NEET & Law/CLAT) and graduation based Competitive Examinations (UPSC, BPSC, SSC, Bank PO) to the Children of Registered Construction Workers of Bihar",2026-08-28 15:00,,,no,"The tender is for educational coaching services, unrelated to medical/surgical or diagnostic products."
497,137353,BUIDCo/ Yo-3051/2024-60,Bihar Urban Infrastructure Development Corporation Ltd.,"Construction of TTRO plant for Re-use of Treate sewage from 11 MLD Brah STP for NTPC Brah, Bihar including 15 years O&M.",2026-08-28 16:00,,,no,Hard-reject: civil/electrical/administrative signal 'sewage' — not a Meril product.
498,137274,BUIDCo/Yo- 3151 / 25 (P-03) - 58,Bihar Urban Infrastructure Development Corporation Ltd.,Danapur Water Supply scheme under AMRUT 2.0,2026-08-28 17:00,,,no,Hard-reject: civil/electrical/administrative signal 'water supply' — not a Meril product.
499,137115,01/53/Esstt/23-24/2271/26PMU,Bihar State Tourism Development Corporation,Engagement of Transaction Advisor cum Project Management Unit (PMU) for Bihar State Tourism Development Corporation Limited.,2026-08-29 15:00,,,no,"The tender is for a transaction advisor and project management services for a tourism corporation, unrelated to medical or diagnostic products."
500,137291,16/BSBCCL/2026-27 GR 01,Bihar State Building Construction Corporation Ltd,Rajkiya Ambedkar Residential Girls High school (Cap-720) at Sheohar.,2026-08-29 15:00,,,no,"The tender is for building a residential girls' high school, which is unrelated to medical or diagnostic products."
502,137671,NIT 10/BCD/SUPAUL/2026-27 GR 3,Building Construction Department,"PROVISION OF TACTILE TILE, BRIALE SIENAGE AND OTHER WORKS IN 16 COURT CAMPUS SUPAUL",2026-08-29 15:00,,,no,"The tender concerns construction works (tactile tiles and signage) for a court campus, unrelated to medical or diagnostic products."
503,137658,NIT 10/BCD/SUPAUL/2026-27 GR 1,Building Construction Department,"CONSTRUCTION OF TOILET COMPLEX IN CAMPUS OF  CIVIL COURT SUPAUL,DIST-SUPAUL  FOR THE F-YEAR 2026-27",2026-08-29 15:00,,,no,"The tender is for construction of a toilet complex, which is a civil infrastructure project unrelated to medical or diagnostic products."
504,134742,BUIDCo/ Yo-3567/2026-44,Bihar Urban Infrastructure Development Corporation Ltd.,"Construction of Treated Sewage Pumping Station, Drain Outfall for disposal of treated sewage from 9 MLD STP and O&M of above work for 15 years at Naugachiya.",2026-08-29 17:00,,,no,Hard-reject: civil/electrical/administrative signal 'sewage' — not a Meril product.
505,135168,NIT-03/2026-27(GRP-01),Bihar Urban Infrastructure Development Corporation Ltd.,Construction of PCC road & RCC Drain with Cover slab from Shri Murtiyaunjay Tiwari house via Kesav Mandal house to Shri Ajay Tiwari house in ward no. - 39 under Motihari Nagar Nigam,2026-08-30 15:00,,,no,Hard-reject: civil/electrical/administrative signal 'pcc road' — not a Meril product.
506,135173,NIT-03/2026-27(GRP-02),Bihar Urban Infrastructure Development Corporation Ltd.,Construction of PCC road & RCC Drain with Cover slab from Shri Vijay Mishra house to Shri Vinod Kushwaha house in ward no. - 04 under Motihari Nagar Nigam,2026-08-30 15:00,,,no,Hard-reject: civil/electrical/administrative signal 'pcc road' — not a Meril product.
507,135174,NIT-03/2026-27(GRP-03),Bihar Urban Infrastructure Development Corporation Ltd.,"Installation of mast lights at various locations under Motihari Municipal Corporation, including Chhatauni Bus Stand, Chhatauni Payal Cinema Chowk, Madhuban Chhawani Chowk, Meena Bazar Chowk, Gyanbabu Chowk, Gajagaddi Chowk, Chamarpatti Chowk, Jaanpul Chowk, Balua Chowk, Dakbungalow Chowk, Nagar Thana Chowk, Town Hall Chowk, Hawai Adda Chowk, Kuari Devi Chowk, etc.",2026-08-30 15:00,,,no,"The tender is for installing mast lights in a municipal area, which is unrelated to medical, surgical, or diagnostic products."
508,135175,NIT-03/2026-27(GRP-04),Bihar Urban Infrastructure Development Corporation Ltd.,Construction ofPCC Road & RCC Drain with Cover slab from PWD Road Gandhi Complex to Shri Rana Randhir Suingh house in ward no. - 22 under Motihari Nagar Nigam,2026-08-30 15:00,,,no,Hard-reject: civil/electrical/administrative signal 'pcc road' — not a Meril product.
509,135176,NIT-03/2026-27(GRP-05),Bihar Urban Infrastructure Development Corporation Ltd.,Construction of PCC road & RCC Drain with Cover slab from Shri Basant Jha house via Barham Asthan to Shri Sanjay Kumar & Shri Arvind kumar house in ward no. - 25 under Motihari Nagar Nigam,2026-08-30 15:00,,,no,Hard-reject: civil/electrical/administrative signal 'pcc road' — not a Meril product.
510,135177,NIT-03/2026-27(GRP-06),Bihar Urban Infrastructure Development Corporation Ltd.,Construction of PCC road & RCC Drain with Cover slab from Mission Mohala Shri vinod Singh house via Shri Vijay Singh house to Major Sanjay Kumar house in ward no. - 10 under Motihari Nagar Nigam,2026-08-30 15:00,,,no,Hard-reject: civil/electrical/administrative signal 'pcc road' — not a Meril product.
511,136988,NIT-04/2026-27(GRP-01),Bihar Urban Infrastructure Development Corporation Ltd.,Construction of PCC Road from Barhman Asthan to Main Road (Motihari Road) in ward no. - 03 under Nagar Panchayat Pakridayal,2026-08-30 15:00,,,no,Hard-reject: civil/electrical/administrative signal 'pcc road' — not a Meril product.
512,136989,NIT-04/2026-27(GRP-02),Bihar Urban Infrastructure Development Corporation Ltd.,"Development and beautification of the sports ground at the community hall in Dumarbana, Ward No. 10 of Nagar Panchayat Pakadbhdayal.",2026-08-30 15:00,,,no,"The tender is for sports ground development and beautification, a civil construction activity unrelated to medical or diagnostic products."
513,136990,NIT-04/2026-27(GRP-03),Bihar Urban Infrastructure Development Corporation Ltd.,Construction of  RCC Drain with Cover slab from Rambharos Rai house via SC/ST tolla to Nahar ward no. - 13 under Nagar Panchayat Pakridayal,2026-08-30 15:00,,,no,"The tender concerns construction of an RCC drain, unrelated to medical or diagnostic products."
514,136991,NIT-04/2026-27(GRP-04),Bihar Urban Infrastructure Development Corporation Ltd.,Construction ofPCC Road & RCC Drain with Cover slab From Raja Bajar PWD Road Ramesh Agrawal house via Pandit Chandrakishore Mishra via Dipak Shrivastava house via Munna Mishra house via Bholanath Tiwari house to Rajiv Ranjan ji house in ward no. - 33 under Motihari Nagar Nigam,2026-08-30 15:00,,,no,Hard-reject: civil/electrical/administrative signal 'pcc road' — not a Meril product.
515,136992,NIT-04/2026-27(GRP-05),Bihar Urban Infrastructure Development Corporation Ltd.,Construction of RCC Drain with Cover slab from Bada Briyarpur PWD Road Shri Ramkumar Pandey house via Hunman Mandir to NH 28 in  ward no. - 45 under Motihari Nagar Nigam,2026-08-30 15:00,,,no,"The tender is for civil construction of a drainage system, unrelated to medical or diagnostic products."
516,136993,NIT-04/2026-27(GRP-06),Bihar Urban Infrastructure Development Corporation Ltd.,"Construction of a drain and PCC road in Ward No. 16 of Motihari Municipal Corporation, spanning the route from Shri Vinod Ji's SBI ATM at Thakurbari Baniyapatti, passing by Shri Raman Dubey's shop and the residence of the late Ramji Prasad (Advocate), and continuing via Shri Punit Sah's house (Dhanki Dhaja) to Shri Ramayan Thakur's house.",2026-08-30 15:00,,,no,Hard-reject: civil/electrical/administrative signal 'pcc road' — not a Meril product.
517,136994,NIT-04/2026-27(GRP-07),Bihar Urban Infrastructure Development Corporation Ltd.,Construction work of a park on the Hanuman Garhi government land in Ward No. 17.,2026-08-30 15:00,,,no,"The tender is for construction of a park, which is unrelated to medical, surgical, or diagnostic products."
518,136995,NIT-04/2026-27(GRP-08),Bihar Urban Infrastructure Development Corporation Ltd.,"Construction of a road and drain in Ward No. 41 of Motihari Municipal Corporation, extending from the Government Engineering College Road to the Masan Mai Temple—passing by the residences of Dr. Manish Gupta and Hemant Gupta—and reaching the Ghanauti River.",2026-08-30 15:00,,,no,"The tender is for road and drain construction, which is unrelated to surgical or diagnostic products."
519,137227,E-NIT-06/BEGUSARAI/2026-27,Building Construction Department,"Construction of 100-Bedded Government SC/ST Welfare Hostel in the Campus of G.D. College, Begusarai.",2026-08-30 15:00,,,no,"The tender is for constructing a hostel building, which is a civil construction project unrelated to medical, surgical, or diagnostic products."
520,137295,01/Vividh 01-36/2025,"Art, Culture and Youth Department","Department of Art & Culture, Government of Bihar, invites e-tender from the eligible and experienced agencies for providing professional security services to the department and its institutions.",2026-08-30 16:00,,,no,Hard-reject: civil/electrical/administrative signal 'security services' — not a Meril product.
521,137254,RFP 06/BCD/GARDANIBAGH/2026-27,Building Construction Department,"SELECTION OF AGENCY FOR MANAGEMENT OF GYM COMPLEX (INCLUDING INSTALLATION, OPERATION & MAINTENANCE OF EQUIPMENT’S IN BOTH MALE & FEMALE GYM) AT OFFICER’S ENCLAVE, GARDANIBAGH, PATNA ON REVENUE MODEL",2026-08-31 15:00,,,no,"The tender is for managing and maintaining a gym complex, which is unrelated to surgical/endoscopic or diagnostic products."
522,134252,SIPB/1831,Department of Industries,"Request for Proposal for the Selection of Knowledge Partner for Investment Promotion, Investor Facilitation Support & Business Climate Reforms Services to Government of Bihar",2026-08-31 15:00,,,no,"The tender is for investment promotion and business climate reforms services, unrelated to medical or diagnostic products."
523,135929,NIT 23/PR/BSPHCL/2026,Bihar State Power Holding Company Ltd.,REQUEST FOR SELECTION (RfS) DOCUMENT FOR PROCUREMENT OF POWER GENERATED FROM BAGASSE BASED CO-GENERATION POWER PROJECTS,2026-08-31 15:00,,,no,"The tender is for power generation from bagasse co-generation projects, which is unrelated to surgical or diagnostic products."
524,136599,SIPB/2172 Dated:-21.07.2026,Department of Industries,"Request for Proposal (RFP) for Selection of a System Integrator for Design, Development, implementation and maintenance of unified single window system web portal and mobile application of Invest Bihar Portal For Department of Industries",2026-08-31 15:00,,,no,"The tender is for an IT system integrator to develop a web portal and mobile app for the Department of Industries, unrelated to medical/surgical or diagnostic products."
525,137565,NIT 17/MD/PSCL/2025-26,Patna Smart City Limited,"Selection Of Concessionaire For Operation, Maintenance ,Commercial Management & Revenue Enhancement Of The Newly Developed Facility, The “Common Service Building” Near Mithapur Metro Station, Patna Under Patna Smart City Limited.",2026-08-31 15:00,,,no,"The tender concerns operation and maintenance of a common service building, unrelated to medical or diagnostic products."
526,137363,NIT-07/BCD/KHAGARIA/2026-27,Building Construction Department,"Construction of SAHARBANNI SHC,  and Residential Quarter at SAHARBANNI, ALAULI  BLOCK, Under Khagaria District 2026-27.",2026-08-31 15:00,,,no,"The tender is for construction of a health centre and residential quarters, not for medical or diagnostic products."
527,137377,NIT 5/BCD/HAJIPUR/2026-27,Building Construction Department,"Construction for Sub-Divisional Office Building at Mahua,Vaishali.",2026-08-31 15:00,,,no,"The tender is for construction of an office building, which is unrelated to medical or diagnostic products."
528,137570,NIT 16/MD/PSCL/2025-26,Patna Smart City Limited,"Selection of Concessionaire for Operation, Maintenance, Commercial Management & Revenue Enhancement of newly developed Facilities at Maurya Lok Complex, Patna under Patna Smart City Limited.",2026-08-31 15:00,,,no,"The tender concerns operation and management of smart city facilities, not medical or diagnostic products."
529,137559,08/MD/PSCL/2026-27,Patna Smart City Limited,"Selection of Agency for the Supply, Installation, Testing & Commissioning of Electric Vehicles with AI based solution for Civic-Services Surveillance & Monitoring (Nagar Netra).",2026-08-31 15:00,,,no,"The tender concerns electric vehicles and AI surveillance for civic services, unrelated to medical or diagnostic products."
530,137562,NIT 13/MD/PSCL/2025-26,Patna Smart City Limited,"Selection of Concessionaire for the Operation, Maintenance, Commercial Management, and Revenue Enhancement of the MultiModal Hub (MMH) and the 440-Metre Pedestrian Subway at Patna under Patna Smart City Limited",2026-08-31 15:00,,,no,"The tender concerns operation and maintenance of a multimodal hub and pedestrian subway, which is unrelated to medical, surgical, or diagnostic products."
532,137311,BSDM/AIP(RFP)-171/2026-01,"YOUTH, EMPLOYMENT AND SKILL DEVELOPMENT DEPARTMENT",Selection of Anchor Industry Partner (AIP) for Upgradation of Industrial Training Institutes (ITIs) in Bihar under Pradhan Mantri Skilling and Employability Transformation Through Upgraded ITIs (PM SETU),2026-08-31 15:00,,,no,"Tender concerns upgrading industrial training institutes, unrelated to medical, surgical, or diagnostic products."
533,137428,NIT NO: 27/CME/PMC/2026,Patna Municipal Corporation,Limited Tender for the Selection of an Agency to Prepare Urban Flood Management Plan for Patna Municipal Corporation (PMC) for the Urban Flood Risk Mitigation Project (UFRMP) under the National Disaster Mitigation Fund (NDMF),2026-08-31 15:30,,,no,"The tender is for preparing an urban flood management plan, unrelated to medical, surgical, or diagnostic products."
534,133608,NIT-09/ 2026-2027/ Biomedical Eqpt/ IGIMS/Store,Indira Gandhi Institute Of Medical Sciences,"Group- A Anatomy

Digital Metaphase Slide Scanner System 
Co2 Incubator
Microprocessor-Controlled Class II A2 Type Bio-Safety Cabinet 
Cyclomixture 
Weighing Machine (Electronic Analytical and Precision Balances)
Water Bath 
Fully Automated Autoclave 
Large Centrifuge Machine 
Mini Centrifuge Machine 
Laboratory Refrigerator (Cold Cabinet) (4 to 10 Degree C) 
-20 (Minus Twenty) Degree C Freezer 
Microvolume Spectrophotometer 
Gel Documentation System 
Digital Vortex Mixer 
Gradient PCR Machine 
Single Channel Electronic Pipettes
PH Meter 
Slide Warning Plate",2026-08-31 17:00,,,no,"The tender requests general laboratory equipment (scanner, incubator, cabinets, centrifuges, etc.) which are not among Meril's Endo or Diagno product lines."
535,137524,1761/DMSME,Department of Industries,"Selection of Project Management Agency for Promotion, Implementation and Monitoring of Mukhyamantri Udyami Yojna",2026-08-31 17:00,,,no,"Tender is for a project management agency for an entrepreneurship scheme, unrelated to medical or diagnostic products."
536,136609,NIT No. 02/PR/TRZ/KOSHI/BSPTCL/2026,Bihar State Power Transmission Company Limited,"Comprehensive annual maintenance contract of Air conditioner machines installed at different Grid substation/locations under Transmission circle Purnea, Koshi & Darbhanga.",2026-08-31 17:00,,,no,Hard-reject: civil/electrical/administrative signal 'substation' — not a Meril product.
537,137692,NIT No.6/BFDCL/e-proc/2026-27(Manpower),Bihar Forestry Development Corporation Limited,"Empanelment of Manpower Services Providers For Supply of Highly Skilled, Skilled, Semi-skilled and Unskilled Manpower on Outsourcing Basis.",2026-08-31 23:59,,,no,Hard-reject: civil/electrical/administrative signal 'outsourcing' — not a Meril product.
538,137599,2026/BLDA/01,Animal And Fisheries Resources Department,"SUPPLY, INSTALLATION & 3-YEAR’S COMPREHENSIVE AMC (AFTER EXPIRY OF WARRANTY) OF POWER BACK-UP SYSTEM (BATTERY, INVERTER INCLUDING WIRING & TRANSPORTATION), PUBLIC ADDRESS SYSTEM - CHONGA, CCTV SURVEILLANCE SYSTEM AND RE-BRANDING OF MOBILE VETERINARY UNITS TO STRENGTHEN THE MVU OPERATIONS.",2026-09-01 13:00,,,no,"The tender concerns power backup, public address, CCTV and rebranding of veterinary units, which are unrelated to Meril's surgical/endoscopy or diagnostic product lines."
539,137548,RE NIT 01/BCD/CONS 2/2026-27,Building Construction Department,"Supply and Installation of Branding and Signages system work at Dr APJ Abdul Kalam Science City, Patna.",2026-09-01 15:00,,,no,"The tender concerns branding and signage installation, which is unrelated to medical, surgical, or diagnostic products."
540,137386,RE TENDER NO. 23/2026-27/BGP,Building Construction Department,"Provision of Main LT Panel (Outdoor Type), Sub-Panel, Cable along with Electrical wiring & Electrical Installation and UPS wiring in Different Court Room of Heritage Building, Annexy Building FTC Building and CJM Court Building in the Campus of Old Civil Court at Banka, Distt.-Banka.",2026-09-01 15:00,,,no,"The tender is for electrical panels, wiring, and UPS installation in court buildings, unrelated to medical or diagnostic products."
541,137582,NIT No 07/2026-27,Building Construction Department,"CONSTRUCTION OF TOILET COMPLEX IN CAMPUS OF CIVIL COURT , SHEIKHPURA FOR THE F-YEAR 2026-27.",2026-09-01 15:00,,,no,"The tender is for construction of a toilet complex, a civil infrastructure project unrelated to medical or diagnostic products."
542,137719,NIT-02/GR01/2026-27,"BIHAR AGRICULTURAL UNIVERSITY SABOUR, BHAGALPUR","Construction Of  F-TYPE Bungalow (PRINCIPAL RESIDENCE) at Mandan Bharti Agriculture College, Agwanpur District Saharsa, Bihar. (External Development)",2026-09-01 15:30,,,no,"The tender is for construction of a residential bungalow, unrelated to medical or diagnostic products."
543,136748,BMSIC/2026-27/ME-505,Bihar Medical Services and Infrastructure Corporation Limited,"Tender for the Procurement, Rate Contract and Supply of Medical Equipment for different Govt. Health Institutions of Bihar.",2026-09-01 17:00,,Unknown,no,"[2nd-pass REJECTED] The tender seeks Cardiotocography (CTG) machines, which are not part of Meril's Endo or Diagno product lines."
544,128309,13/PR/BSPHCL/2026,Bihar State Power Holding Company Ltd.,Expression Of Interest (EoI) for Creation of centralized data repository from different IT systems and creation of AI/ML-Based Dashboard & Mobile Application,2026-09-01 17:00,,,no,"The tender is for an IT data repository and AI/ML dashboard, unrelated to surgical or diagnostic products."
545,137319,NIT: 02/2026-27,"Prisons And Correctional Services, Home Department (PRISONS)","Selection of Agency for Supplying Miscellaneous ITEMs used at BICA, Hajipur",2026-09-01 17:00,,,no,"The tender mentions only miscellaneous items with no medical, surgical, or diagnostic context."
546,137413,252/SPAUM/02,"State Pharmacy of Ayurvedic and Unani Medicine, Bihar Patna","Tender For Stationary and Other Daily use Objects, For The Year - 2026-27",2026-09-01 17:00,,,no,"The tender is for stationary and daily use objects, which are unrelated to surgical/endoscopy or diagnostic products."
547,137407,252/SPAUM/01,"State Pharmacy of Ayurvedic and Unani Medicine, Bihar Patna","Tender For Ayurvedic & Unani Raw Medicines (Herbs, Minerals & Animal Products) , For The Year-2026-27",2026-09-01 17:00,,,no,"The tender seeks Ayurvedic and Unani raw medicines, which are not surgical/endoscopic or diagnostic products sold by Meril."
548,137324,Notice No --01/2026-27,"Prisons And Correctional Services, Home Department (PRISONS)","Bihar Institute of Correctional Administration (BICA), Hajipur intends to hire agency for Providing catering services in Bihar Institute of Correctional Administration (BICA), Hajipur",2026-09-01 17:00,,,no,"The tender is for catering services, unrelated to medical, surgical, or diagnostic products."
549,137779,Single bed and duvet /BIPARD/2026/44,Bihar Institute of Public Administration and Rural Development (BIPARD),"Selection of agency for supply and installation of single bed, including mattress, bedsheet, pillow and duvet with cover at BIPARD, Gaya",2026-09-02 17:00,,,no,"The tender is for a hospital bed and bedding, which are not among Meril's surgical or diagnostic product lines."
550,137610,NIT/RFP No.: 5/ B&SP/BETDS/2026,"Environment, Forest & Climate Change Department",Request for Proposal (RFP) for Selection of Agency for Branding and Strategic Promotion of Bihar Ecotourism.,2026-09-03 13:00,,,no,"The tender is for branding and promotion of ecotourism, unrelated to medical or diagnostic products."
551,137611,NIT No. 03/PR/TRZ/MUZ/BSPTCL/2026,Bihar State Power Transmission Company Limited,"Supply & Installation of Anti Climbing Device (ACD) in the 132kV Ramnagar- Valmikinagar- Surajpura (Nepal) transmission line under TD/Bettiah of Transmission Circle, Motihari.",2026-09-03 13:00,,,no,"Tender is for supply and installation of anti‑climbing devices on a high‑voltage transmission line, unrelated to medical or diagnostic products."
552,137745,752,Bihar State Text Book Publishing Corporation Limited,"Bid Document for Printing of Training Module for Police Department and delivering at the place located by the Police Department, Bihar",2026-09-03 15:00,,,no,"The tender is for printing training modules for the Police Department, unrelated to medical or diagnostic products."
553,136749,NIT-14/26-27/ Robot- Assisted/IGIMS/Store,Indira Gandhi Institute Of Medical Sciences,"Supply, installation and commissioning of Robot- Assisted Joint Replacement System",2026-09-04 17:00,,Endo,no,"[2nd-pass REJECTED] Tender is for supply, installation and commissioning of a robotic joint replacement system, which does not match any Meril Endo or Diagno product categories."
554,137731,18/BSBCCL/2026-27 GR01,Bihar State Building Construction Corporation Ltd,Repairing Work of Processing Building and Godown in Bhagalpur under Bihar State Seed Corporation.,2026-09-07 15:00,,,no,"The tender concerns construction/repair of a processing building and godown, which is unrelated to surgical or diagnostic products."
555,137540,BSDM/Stationery (RFP)-210/2026,"YOUTH, EMPLOYMENT AND SKILL DEVELOPMENT DEPARTMENT",Selection of an Agency for Rate Contract of Stationery and Other Items for Bihar Skill Development Mission (BSDM),2026-09-07 15:00,,,no,Hard-reject: civil/electrical/administrative signal 'stationery' — not a Meril product.
556,137221,BBOCWWB/BSSK/03/2026-27 dt. 23/07/2026,LABOUR RESOURCES AND MIGRANT WORKERS WELFARE DEPARTMENT,Request for Proposal (RFP) for Selection and empanelment of Agency for the establishing Bihar Shramik sewa Kendra (BSSK) in 12 different Cities of India along with Operation and Maintenance.,2026-09-07 15:00,,,no,"The tender concerns establishing and maintaining service centers, with no medical, surgical, or diagnostic context."
557,137759,17/BSBCCL/2026-27 GR01,Bihar State Building Construction Corporation Ltd,Repairing Work of Processing Building and Godown in Kudra (kaimur) under Bihar State Seed Corporation.,2026-09-07 15:00,,,no,"The tender involves repair work for a processing building and godown for a seed corporation, which is unrelated to medical/surgical or diagnostic products."
558,137717,18/BSBCCL/2026-27 GR02,Bihar State Building Construction Corporation Ltd,"Electrification work for the operation of the dehumidifier installed at the Regional Office of the Bihar State Seed Corporation in Kudra, Kaimur district.",2026-09-07 15:00,,,no,"The tender concerns electrical work for a dehumidifier in a seed corporation office, unrelated to medical or diagnostic products."
559,137535,38/PR/NBPDCL/2026,NORTH BIHAR POWER DISTRIBUTION COMPANY LIMITED,"Turn Key Contract for Design, Engineering, Construction, Testing and Commissioning of two(02) nos. of 2X10 MVA, 33/11 KV  New PSS at Belwdangi & Sitalpur  in  Katihar District along with associated 33 KV and 11 KV lines under State Plan.",2026-09-07 17:00,,,no,Hard-reject: civil/electrical/administrative signal '33/11 kv' — not a Meril product.
560,137184,BMSIC/2026-27/ME-511,Bihar Medical Services and Infrastructure Corporation Limited,"Tender for the Procurement, Rate Contract and Supply of Medical Equipment for different Govt. Health Institutions of Bihar.",2026-09-08 17:00,,Unknown,no,Could not open preview modal.
1,137448,NIT- 30/2026-27,Chanakya National Law University,Providing Horticulture Services,2026-08-19 13:00,,,no,"The tender is for horticulture services, which is unrelated to medical, surgical, or diagnostic products."
2,137255,NIT-07/2026-27/BALLIA,Urban Development and Housing Department,E-Tender for Selection of Agency for  Supply of All Parts/Accessories/Components of LED Street Light & High Mast Light Installed under Nagar Parishad Ballia,2026-08-19 15:00,,,no,Hard-reject: civil/electrical/administrative signal 'high mast' — not a Meril product.
3,136665,NIT-11/MUZAFFARPUR /BCD/2026-27,Building Construction Department,"CONSTRUCTION OF 720 BEDDED Dr. BHIM RAO AMBEDKAR SC/ST RESIDENTIAL SCHOOL (10+2) AT Kurhani, DISTT - Muzaffarpur For the Year 2026-27 (Including Electrification).",2026-08-19 15:00,,,no,"The tender is for construction of a residential school with electrification, unrelated to medical or diagnostic products."
4,136733,02/BCD/JEHANABAD/2026-2027,Building Construction Department,CONSTRUCTION OF LAWYER'S HALL AT JEHANABAD FOR THE YEAR 2026-27,2026-08-19 15:00,,,no,"The tender is for construction of a lawyer's hall, unrelated to medical or diagnostic products."
5,136760,05/BCD/EDW SAHARSHA/2026-27,Building Construction Department,"Renovation to E.I. in B.P Mandal  (Indoor) stadium Madhepura, Distt- Madhepura.",2026-08-19 15:00,,,no,Hard-reject: civil/electrical/administrative signal 'renovation' — not a Meril product.
6,137036,NIT 12/BCD/BUXAR/2026-27,Building Construction Department,CONSTRUCTION OF TOILET COMPLEX IN CAMPUS OF CIVIL  COURT BUXAR FOR THE-YEAR 2026-27.,2026-08-19 15:00,,,no,"The tender is for construction of a toilet complex, unrelated to medical or diagnostic products."
7,137232,02/24/vi/Estt/14-15/2384/26nagarjun,Bihar State Tourism Development Corporation,"Hotel Nagarjun Vihar, Barabar Jehanabad.",2026-08-19 15:00,,,no,"The tender refers to a hotel, which is unrelated to medical, surgical, or diagnostic products."
8,136826,NIT 05/BCD/MADHEPURA/2026-27,Building Construction Department,CONSTRUCTION OF OUTER PERIMETER BOUNDARY WALL OF SUB.-JAIL UDAKISHUNGUNJ IN DISTRICT MADHEPURA.,2026-08-19 15:30,,,no,Hard-reject: civil/electrical/administrative signal 'boundary wall' — not a Meril product.
9,137304,NIT No:-01/2026-27,Urban Development and Housing Department,"Request for Proposal for Selection of Agencies for Providing Outsourced Manpower for Performing and Managing Day to Day Activities related to sanitation work for Nagar Panchayat Goraul, Vaishali.",2026-08-19 15:30,,,no,"The tender is for outsourced sanitation manpower, unrelated to medical, surgical, or diagnostic products."
10,137489,RE NIT NO 01/2026-27 Gr-02,Minor Water Resources Department,Construction Of Maheshmara Lift Irrigation Scheme,2026-08-19 17:00,,,no,Hard-reject: civil/electrical/administrative signal 'irrigation' — not a Meril product.
11,137491,RE NIT NO 01/2026-27 Gr-03,Minor Water Resources Department,Renovation of Pipra Madarsa To Shreepather Canal,2026-08-19 17:00,,,no,Hard-reject: civil/electrical/administrative signal 'canal' — not a Meril product.
12,137486,RE NIT NO 01/2026-27 Gr-01,Minor Water Resources Department,Renovation of Kashmiriya Bandh,2026-08-19 17:00,,,no,Hard-reject: civil/electrical/administrative signal 'renovation' — not a Meril product.
13,135140,NIT-12/ 2026-27/ Biomedical Eqpt/ IGIMS/ Group A,Indira Gandhi Institute Of Medical Sciences,"Group A: Critical Care Medicine 

High-End Ventilator
ECMO (Extracorporeal Membrane Oxygenator)",2026-08-19 17:00,,,no,"The tender is for high‑end ventilators and ECMO devices, which Meril does not sell."
14,135142,NIT-12/ 2026-27/ Biomedical Eqpt/ IGIMS/ Group B,Indira Gandhi Institute Of Medical Sciences,"Group B: R.I.O.

5 Para Patient Monitor",2026-08-19 17:00,,,no,"The tender is for a patient monitor, which is not among Meril's surgical/endosurgery or diagnostic product lines."
15,135143,NIT-12/ 2026-27/ Biomedical Eqpt/ IGIMS/ Group C,Indira Gandhi Institute Of Medical Sciences,"Group C: Urology

Kidney Transplant Surgery Retractor System
Surgical Loupe",2026-08-19 17:00,,Endo,no,"[2nd-pass REJECTED] The tender requests a kidney transplant surgery retractor system and surgical loupe, which are not among Meril's Endo or Diagno product lines."
16,135144,NIT-12/ 2026-27/ Biomedical Eqpt/ IGIMS/ Group D,Indira Gandhi Institute Of Medical Sciences,"Group D: Obstetrics & Gynaecology

Video Colposcope",2026-08-19 17:00,,,no,"The tender is for a video colposcope, which is not among Meril Endo or Diagno product lines."
17,137190,NIT NO.-08/2026-27/LEGACY WASTE/ARA,Urban Development and Housing Department,"NIT NO.-08/2025-26/MRF/ARA, BIO-REMEDIATION/BIO-MINING OF LEGACY WASTES AT VARIOUS SITES UTILIZING VARIOUS METHODOLOGIES/TECHNOLOGY IN NAGAR NIGAM, ARA, BHOJPUR.",2026-08-19 17:00,,,no,"The tender concerns bio‑remediation of legacy waste, unrelated to medical or diagnostic products."
18,136819,NIT No:- 23/2026-27,Building Construction Department,"Construction of Septic tank & drain work at Schedule Tribe boy's Residential High school,Bamdah,chakai.",2026-08-20 15:00,,,no,"The tender is for construction of a septic tank and drainage, which is a civil work unrelated to medical, surgical, or diagnostic products."
19,136607,NIT No.- 63/PR/SBPDCL/2026,South Bihar Power Distribution Company Limited,"NIT for Repairing of burnt/defective Power Transformer (PT) 33/11 KV 3 Phase 5 MVA & up to 10 MVA capacity at Transformer Repairing Workshop, Patna, Gaya Ji And Barun under SBPDCL",2026-08-20 15:00,,,no,Hard-reject: civil/electrical/administrative signal '33/11 kv' — not a Meril product.
20,137256,NIT-08/2026-27/BALLIA,Urban Development and Housing Department,"Design, Build, Construct, Install and Commissioning of Material Recovery Facility (MRF) of 10TPD for dry waste along with operation and maintenance of the plant for 05 years.",2026-08-20 15:00,,,no,"The tender is for constructing and operating a waste material recovery facility, unrelated to medical or diagnostic products."
21,137257,NIT-09/2026-27/BALLIA,Urban Development and Housing Department,"Design, Build, Construct, Install and Commissioning of Composte Plant of 08TPD for Wet waste along with operation and maintenance of the plant for 05 years including tipping fee.",2026-08-20 15:00,,,no,"The tender is for designing, building, and operating a compost plant for wet waste, which is unrelated to surgical or diagnostic products."
22,137705,RCD/06/PATNA CITY/2026-27,Road Construction Department,Widening and strenthening work of Road from NH 31 Teka Bigha (Bakhtiyarpur) to Shri Nilyam Pre Coated Steel Pvt. Ltd. via Kamleshwari Singh College Road  (Total Length 2.10 KM) for the Year 2025-26,2026-08-20 15:00,,,no,"The tender concerns road widening and strengthening, which is unrelated to medical or diagnostic products."
23,137754,NIT NO-01/2026-27(R1)/O&M-PHED GROUP NO-01,Public Health Engineering Department,"Comprehensive operation and maintenance and Special repair of 54 Nos Ward level Piped Water Supply Schemes (Quality),  369 Nos Ward level Piped Water Supply Schemes (Non Quality) & 6 nos PWS Scheme based on item rates; constructed by the Public Health Engineering Department including payment to the pump operators, electricity bill for five years.",2026-08-20 15:00,,,no,Hard-reject: civil/electrical/administrative signal 'water supply' — not a Meril product.
24,137985,NP MADHUBAN 01/2026-27,Urban Development and Housing Department,"Nagar Panchayat madhuban , Motihari invites online Proposals for Selection of Agencies for Providing Outsourced Manpower for Performing and Managing Day to Day Activities related to Sanitation work for ULB Nagar Panchayat Madhuban.",2026-08-20 15:00,,,no,"The tender is for outsourced sanitation manpower, unrelated to medical, surgical, or diagnostic products."
25,137981,27/E-TENDER/BSTDC/RFP/2026-27tedma,Bihar State Tourism Development Corporation,"SELECTION OF CONSULTANT FOR TEDMA OF CONSTRUCTION OF BUDDHIST MEDITATION AND EXPERIENCE CENTRE, BODH GAYA.",2026-08-20 15:00,,,no,"The tender is for a construction consultancy for a Buddhist meditation centre, unrelated to medical or diagnostic products."
26,137093,DoEF&CC/MANPOWER/TMA/2026,"Environment, Forest & Climate Change Department",Request for Proposal (RFP) / Tender Document for Engagement of a Manpower Supply Agency for Deployment of Professional & Technical Manpower,2026-08-20 15:00,,,no,"The tender is for a manpower supply agency, unrelated to medical or diagnostic products."
27,136180,IPRD_PR_007900/26-27,Urban Development and Housing Department,Request for Proposal (RFP) Empanelment of CA Firms for conduct of statutory audit in the Urban Local Bodies of Bihar.,2026-08-20 15:00,,,no,"The tender is for audit services, unrelated to medical or diagnostic products."
28,137292,NITNO:02/ 2026-27,Urban Development and Housing Department,"Empanelment for Repairing of drain, cross drain, slab, Road, Building, Installation of Hume Pipe, other miscellaneous works and necessary supply items which are required etc. from Ward No 01- 14 of Nagar Panchayat, Goraul Area.",2026-08-20 15:00,,,no,Hard-reject: civil/electrical/administrative signal 'hume pipe' — not a Meril product.
29,136191,Comprehensive Human Resource/BIPARD(Patna)-23/2026,Bihar Institute of Public Administration and Rural Development (BIPARD),"Selection of Agency for Comprehensive Human Resource Outsourcing and Facility Management Services at BIPARD, Patna",2026-08-20 16:00,,,no,Hard-reject: civil/electrical/administrative signal 'outsourcing' — not a Meril product.
30,136693,NIT/NALANDA/03/2026-27/GR01,Urban Development and Housing Department,"Design, Build, Construct, Install and commissioning of Material Recovery Facility (MRF) of 5 TPD for dry waste along with operation and maintenance of the Plant for 5 years at Nagar Panchayat, Nalanda.",2026-08-20 16:00,,,no,Hard-reject: civil/electrical/administrative signal 'nala' — not a Meril product.
31,136696,NIT/NALANDA/04/2026-27/GR01,Urban Development and Housing Department,"Design, Build, Construct, Install, commissioning of Compost plant of  05 TPD for wet waste along with operation and maintenance of plant for 5 years including the tipping fee in Nagar Panchayat, Nalanda.",2026-08-20 16:00,,,no,Hard-reject: civil/electrical/administrative signal 'nala' — not a Meril product.
32,137108,BUIDCo/ Yo-3474/2026-55,Bihar Urban Infrastructure Development Corporation Ltd.,House Connection under Digha-Kankarbagh Network under Namami Gangge.,2026-08-20 16:00,,,no,"The tender concerns a water supply house connection under a river cleaning program, unrelated to medical or diagnostic products."
33,138022,NIT NO-5(2026-27)PHED-ARA-MBD (GR-01),Public Health Engineering Department,"Design, Construction, Supply, Testing and Commissioning of Piped Water Supply Schemes for habitations left out under “Har Ghar nal Ka Jal” nischay yojna in areas having ground water quality issues; with Electric Driven Pumps and Arsenic Removal Treatment Plant having Technology (Adsorption/ Ion exchange/Membrane/Nano Technology/ etc.) certified by CSIR or any other institute of national repute.In the District of Bhojpur, Bihar on turn-key basis with 6 months Trial Run Period and Comprehensive Operation and Maintenance of 60 months under Mukhyamantri Grameen Peyjal Nishchay Yojna (Quality Affected) Under P.H. Division, Ara, ward -3A & 3B of Neknam Tola Panchayat under Block-Barhara in the district Bhojpur.  (GR-01)",2026-08-20 16:00,,,no,Hard-reject: civil/electrical/administrative signal 'water supply' — not a Meril product.
34,137794,NIT-04/2026-27/GR01/PALIGANJ,Urban Development and Housing Department,EOI FOR EMPANELMENT OF AGENCY FOR PROVIDING SKILLED MAN POWER SERVICES AS AND WHEN AND WHERE REQUIRED WITH ALL EQUIPMENTS & MACHINERIES (OUT SOURCING) FOR OPERATION AND MAINTENANCE OF URBAN WATER SUPPLY SCHEME UNDER ‘PEYJAL NISCHAY YOJANA’ OF NAGAR PANCHAYAT PALIGANJ UNDER URBAN DEVELOPMENT BODY (NAGAR PANCHAYAT  PALIGANJ) IN THE DISTRICT OF PATNA (BIHAR),2026-08-20 16:00,,,no,Hard-reject: civil/electrical/administrative signal 'water supply' — not a Meril product.
35,138043,NIT NO-5(2026-27)PHED-ARA-MBD (GR-02),Public Health Engineering Department,"Design, Construction, Supply, Testing and Commissioning of Piped Water Supply Schemes for habitations left out under “Har Ghar nal Ka Jal” nischayyojna in areas having ground water quality issues; with Electric Driven Pumps and Arsenic Removal Treatment Plant having Technology (Adsorption/ Ion exchange/ Membrane/ Nano Technology/ etc.) certified by CSIR or any other institute of national repute. In the District of .Bhojpur, Bihar on turn-key basis with 6 months Trial Run Period and Comprehensive Operation and Maintenance of 60 months under Mukhyamantri Grameen Peyjal Nishchay Yojna (Quality Affected) Under P.H. Division, Ara, BLOCK- ARA  PANCHAYAT- MAHULI  (WARD NO-10 ) Gr-02",2026-08-20 16:00,,,no,Hard-reject: civil/electrical/administrative signal 'water supply' — not a Meril product.
36,137369,NIT/NPSAKRA/04/2026-27 Compost Plant,Urban Development and Housing Department,Waste to Compost (Solid Waste Management) Project,2026-08-20 16:00,,,no,"The tender concerns a solid waste management/composting project, unrelated to medical, surgical, or diagnostic products."
37,137398,NIT/NPSAKRA/03/2026-27 MRF,Urban Development and Housing Department,Development of Material Recovery Facility (Solid Waste Management Project),2026-08-20 16:00,,,no,"The tender concerns a solid waste management facility, unrelated to medical, surgical, or diagnostic products."
38,137318,NP/GUTHANI/NIT-04/2026-27/GR-01,Urban Development and Housing Department,CONSTRCTION OF ROAD AND RCC DRAIN IN GUTHANI BAZAR MAIN ROAD FROM THE SIDE OF MASJID TO THE  HOUSE OF VISHWANATH GUPTA THROUGH THE HOUSE OF ANIL TURAHA IN WARD NO.-04,2026-08-20 17:00,,,no,"The tender is for road and RCC drain construction, unrelated to medical or diagnostic products."
39,137322,NP/GUTHANI/NIT-04/2026-27/GR-02,Urban Development and Housing Department,CONSTRCTION OF RCC DRAIN FROM THE SHOP OF BASANT SINGH TO HOUSE OF BASANT SINGH THROUGH THE HOUSE OF ANIL JAISWAL IN WARD NO.-04,2026-08-20 17:00,,,no,"The tender is for construction of an RCC drain, which is civil work unrelated to medical or diagnostic products."
40,137323,NP/GUTHANI/NIT-04/2026-27/GR-03,Urban Development and Housing Department,CONSTRCTION OF RCC DRAIN FROM THE HOUSE OF RAJU YADAV TO THE CULVERT IN FRONT OF RAMESHWAR YADAV THROUGH THE HOUSE OF RAMESHWAR YADAV AND TETATRIYA BABA IN WARD NO.-15,2026-08-20 17:00,,,no,"The tender describes civil construction of an RCC drain and culvert, unrelated to medical or diagnostic products."
41,137325,NP/GUTHANI/NIT-04/2026-27/GR-04,Urban Development and Housing Department,CONSTRCTION OF RCC DRAIN FROM THE HOUSE OF JANGBAHADUR TO THE NAHAR PULIYA THROUGH HOUSE OF ROHIT YADAV AND NAGENDRA YADAV IN WARD NO.-15,2026-08-20 17:00,,,no,"The tender describes construction of an RCC drain, which is civil infrastructure, not medical or diagnostic equipment."
42,137326,NP/GUTHANI/NIT-04/2026-27/GR-05,Urban Development and Housing Department,CONSTRCTION OF SOAK PIT NEAR THE HANDPIPES IDENTIFIED AT 140 (ONE HUNDRED FORTY) IN NAGAR PANCHAYAT GUTHANI AREA ( 140 HANDPIPE  X  Rs. 26862 PER SOAK PIT),2026-08-20 17:00,,,no,"The tender concerns construction of soak pits for handpipes, which is civil infrastructure unrelated to medical or diagnostic products."
43,137219,GEC/Abad/canteen/02/2026,Department of Science and Technology,Government Engineering college Aurangabad invites tender for canteen service in college campus.,2026-08-20 17:00,,,no,"The tender is for canteen services at an engineering college, unrelated to medical or diagnostic products."
44,137017,COMFED:ENGG:3866 DT. 25.07.2026,Bihar State Milk Cooperative Federation Limited,Supply of 05 Lts. capacity SS 304 Milk Cans with Lids - 3774 nos. at different dairies of COMFED as per technical specification of tender document.,2026-08-20 17:00,,,no,"The tender is for stainless steel milk cans for dairies, unrelated to medical or diagnostic products."
45,136184,BMSIC/2026-27/ME-509,Bihar Medical Services and Infrastructure Corporation Limited,"Tender for the Procurement, Rate Contract and Supply & Installation of OT Table (Minor) for different Government Health Institutions of Bihar",2026-08-20 17:00,,,no,OT tables are not part of Meril's Endo surgical or Diagno diagnostic product portfolio
46,137934,NIT 19/2026-27/GR-05,Bihar Police Building Construction Corporation,"CONSTRUCTION OF MULAKATI BUILDING (9 COUNTER) AT SUB JAIL, BENIPUR IN THE DISTRICT OF  DARBHANGA - WITH ELECTRIFICATION",2026-08-20 17:00,,,no,"The tender is for construction of a building with electrification, which is unrelated to surgical or diagnostic products."
47,137935,NIT 19/2026-27/GR-06,Bihar Police Building Construction Corporation,CONSTRUCTION OF MULAKATI KAKSH AT SUBJAIL HILSA IN THE DISTRICT OF NALANDA WITH ELECTRIFICATION,2026-08-20 17:00,,,no,Hard-reject: civil/electrical/administrative signal 'nala' — not a Meril product.
48,137923,NIT 19/2026-27/GR-01,Bihar Police Building Construction Corporation,"CONSTRUCTION OF (MULAKATI) VISITOR BUILDING, DANAPUR (6 COUNTER GROUND STRUCTURE) AT MANDAL JAIL, DANAPUR IN THE DISTRICT OF PATNA WITH ELECTRIFICATION",2026-08-20 17:00,,,no,"The tender is for construction of a visitor building with electrification, unrelated to medical or diagnostic products."
49,137928,NIT 19/2026-27/GR-02,Bihar Police Building Construction Corporation,"CONSTRUCTION OF MULAKATI (VISITOR) BUILDING (9 COUNTER) AT MANDAL JAIL, BUXAR IN THE DISTRICT OF  BUXAR WITH ELECTRIFICATION",2026-08-20 17:00,,,no,"The tender is for construction of a visitor building with electrification, unrelated to medical or diagnostic products."
50,137930,NIT 19/2026-27/GR-03,Bihar Police Building Construction Corporation,CONSTRUCTION OF MULAKATI KAKSH AT SUBJAIL JHANJHARPUR IN THE DISTRICT OF MADHUBANI WITH ELECTRIFICATION,2026-08-20 17:00,,,no,"The tender is for construction and electrification of a jail facility, unrelated to medical or diagnostic products."
52,137937,NIT 19/2026-27/GR-07,Bihar Police Building Construction Corporation,CONSTRUCTION OF VISITOR COMPLEX AT DISTRICT JAIL IN THE DISTRICT OF AURANGABAD WITH ELECTRIFICATION,2026-08-20 17:00,,,no,"The tender is for construction of a visitor complex with electrification, unrelated to medical or diagnostic products."
53,137938,NIT 19/2026-27/GR-08,Bihar Police Building Construction Corporation,"CONSTRUCTION OF MULAKATI ROOM AT SUB JAIL, BIKRAMGANJ IN THE DISTRICT OF  ROHTAS  - WITH ELECTRIFICATION",2026-08-20 17:00,,,no,"The tender is for construction of a room with electrification, which is a civil work unrelated to medical or diagnostic products."
54,138099,"06/PHED/SKP/2026-27,GR-01",Public Health Engineering Department,"Estimate For Construction of  125 mm dia , 55 Mtr  Deep gravel packed tubewell ( 46 Nos)  and construction of 125 mm / 115 mm x 60 M deep  drilled tube well  ( 05 Nos) with India mark-II handpump with platform and drain as per UNICEF design and Construction of Soakpit (51 Nos) in place of old defunct handpump in the water scarce rural areas of Sheikhpura District under P.H.Division Sheikhpura for the year 2026-27",2026-08-20 17:00,,,no,"The tender concerns construction of tubewells and handpumps for water supply, unrelated to medical or diagnostic products."
55,136769,01/Coop/PMU/2026,COOPERATIVE DEPARTMENT,"RFP for Hiring a Consulting Firm for setting up a Project Management Unit (PMU) for PMFBY Implementation, Cooperative Department, Government of Bihar",2026-08-20 17:00,,,no,"Tender is for consulting services to set up a project management unit for an agricultural scheme, not related to medical, surgical, or diagnostic products."
56,137111,NCE/CHANDI/01/2026-27,Department of Science and Technology,"Outsourcing of Services of Security Guard, Housekeeping Staff and Gardener",2026-08-20 17:00,,,no,Hard-reject: civil/electrical/administrative signal 'housekeeping' — not a Meril product.
57,137083,42/PR/NBPDCL/2026,NORTH BIHAR POWER DISTRIBUTION COMPANY LIMITED,"Design, Manufacture, Assembly, Testing, Supply & Delivery of 46 Nos. of Leaky Insulator Detector with Video Partial Discharge (LID-VPD) kit for each division under IRF/O&M Head under NBPDCL.",2026-08-20 18:00,,,no,"The tender is for leaky insulator detectors and video partial discharge kits, which are electrical/power equipment unrelated to medical or diagnostic products."
58,136862,39/PR/NBPDCL/2026,NORTH BIHAR POWER DISTRIBUTION COMPANY LIMITED,"Turnkey Contract for Installation of 18 nos. of additional 5 MVA Departmental Power Transformer along with associated 33 kV & 11 kV Protection System and 11 kV Bay at different Power Sub Station in Electric Supply Circle, Chapra and Samastipur under O&M capital head/ Internal Resource Fund (IRF), O&M Department, NBPDCL.",2026-08-20 18:00,,,no,Hard-reject: civil/electrical/administrative signal '33 kv' — not a Meril product.
59,136401,BSCL/DPR/2026/95,Urban Development and Housing Department,Selection of Consultants for Preparation of Detailed Project Report for various projects of Bhagalpur Smart City Limited.,2026-08-20 23:00,,,no,"Tender is for consulting services to prepare project reports for smart city projects, unrelated to medical or diagnostic products."
60,137674,GR02NITNO04202627,Urban Development and Housing Department,"Design, Build, Construct, Install, and Commissioning of Compost Plant of 13.2 TDP for Wet Waste along with Operation and Maintenance of the Plant for 5 years on EPC Mode under Nagar Parishad Teghra.",2026-08-21 03:30,,,no,Hard-reject: civil/electrical/administrative signal 'compost plant' — not a Meril product.
61,137669,GR01NITNO04202627,Urban Development and Housing Department,"Design, Build, Construct, Install, and Commissioning of Material Recovery Facility (MRF) of 10 TPD for Dry waste along with Operation and Maintenance of the plant for 5 years on EPC Mode under Nagar Parishad Teghra.",2026-08-21 03:30,,,no,"The tender is for designing and constructing a material recovery facility for dry waste, which is unrelated to medical, surgical, or diagnostic products."
62,136799,NIT/RFP No.:4 e-proc/ BETDS / PMU/RFP/ 2026- 27,"Environment, Forest & Climate Change Department","REQUEST FOR PROPOSAL (RFP) FOR SELECTION OF AN AGENCY FOR SETTING UP OF ""PROGRAM MANAGEMENT UNIT (PMU)"" FOR BIHAR ECO TOURISM DEVELOPMENT SOCIETY (BETDS).",2026-08-21 14:00,,,no,"The tender concerns setting up a program management unit for an eco‑tourism society, unrelated to medical or diagnostic products."
63,136781,38/2026-27/EBD-3/PATNA/BCD,Building Construction Department,"PROVISION OF LED STREET LIGHT & E/I IN WASHROOMS & DRIVER REST ROOM BEHIND OF BOARD OF REVENUE DEPTT. AND INFRONT OF MAIN BUILDING FROM GATE 1 TO GATE 2 AT OLD SECTT., PATNA",2026-08-21 15:00,,,no,"The tender is for LED street lighting and electrical work in washrooms and driver rest rooms, unrelated to medical or diagnostic products."
64,137040,NIT-06/BCD/KHAGARIA/2026-27 GR 2,Building Construction Department,"Construction of ANANDPUR PRAS SHC,  and Residential Quarter at ANANDPUR MARAN, ALAULI  BLOCK, Under Khagaria District 2026-27.",2026-08-21 15:00,,,no,"The tender is for construction of residential quarters, unrelated to medical or diagnostic products."
65,137041,NIT-06/BCD/KHAGARIA/2026-27 GR 1,Building Construction Department,"Construction of KANJRI WEST  SHC,  and Residential Quarter at KANJRI PANCHAYAT, BELDAUR  BLOCK, Under Khagaria District 2026-27.",2026-08-21 15:00,,,no,"The tender is for construction of a sub‑health centre and residential quarters, not for medical or diagnostic products."
66,137001,15/BSBCCL/2026-27 GR 02,Bihar State Building Construction Corporation Ltd,"Construction of Residential (CO-ED) School 560 Capacity for Minority Welfare Department at Manjha,Gopalganj.",2026-08-21 15:00,,,no,"The tender is for construction of a residential school, which is unrelated to medical, surgical, or diagnostic products."
67,137014,NIT 20/BCD/PURNEA/2026-27,Building Construction Department,"Patrolling Road Four Sided of main Perimeter wall inner and outer In the Campus of Central Jail, Purnea for the Year - 2026 -2027",2026-08-21 15:00,,,no,"The tender concerns construction of a patrolling road around a jail perimeter, unrelated to medical or diagnostic products."
68,136986,15/BSBCCL/2026-27 GR 01,Bihar State Building Construction Corporation Ltd,"Construction of Dr.A.P.J.Abdul Kalam Residential Science school, Block- Palasi,Dist-Araria.",2026-08-21 15:00,,,no,"The tender is for construction of a residential science school, which is a civil infrastructure project unrelated to medical or diagnostic products."
69,137089,18/SBD/BCD/PURNEA/2026-27,Building Construction Department,"Raise of Perimeter Wall at Central Jail, Purnea for the year 2026-27",2026-08-21 15:00,,,no,"The tender is for constructing a perimeter wall at a jail, which is civil construction and unrelated to medical or diagnostic products."
70,137672,RE NIT 03/2026-27/SHLCD-TEKARI GAYAJEE,Water Resources Department,Restoration Work of Sone High Level Canal System under Sone High Level Canal Division Tekari,2026-08-21 15:00,,,no,Hard-reject: civil/electrical/administrative signal 'canal' — not a Meril product.
71,136672,PR _ 008527(URBAN)2026-27,Urban Development and Housing Department,Retender (Group 4) - Request for Proposal for Selection of Consultant for the Preparation of Town Planning Scheme(s) for the Multiple Greenfield Satellite Townships in Bihar,2026-08-21 15:00,,,no,"The tender is for a town planning consultancy for satellite townships, unrelated to medical or diagnostic products."
72,136865,GPMUNGER/05/2026-27,Department of Science and Technology,"Outsourcing of Services of Security Guards, Housekeepings (Including Sweepers) Staff, Electrician, Plumber, and Gardeners in 
Government Polytechnic 
Munger",2026-08-21 16:00,,,no,Hard-reject: civil/electrical/administrative signal 'housekeeping' — not a Meril product.
73,136674,NIT No. 05/PR/BSPGCL/2026,Bihar State Power Generation Company Limited,Selection of Solar Power Developers for Setting up of 150 MW Solar PV Power Projects with 75 MW/300 MWh Energy Storage Systems (ESS) in the state of Bihar under Tariff-Based Competitive Bidding,2026-08-21 16:00,,,no,"The tender is for solar power development and energy storage, unrelated to medical or diagnostic products."
74,136063,RFP: 5/Khel 8-27/2026/02,Department of Sports,"Request for Proposal (RFP) For Establishing a Project Management Unit (PMU) for the Department of Sports, Government of Bihar",2026-08-21 16:00,,,no,"The tender is for establishing a project management unit for a sports department, unrelated to medical or diagnostic products."
75,136597,Short NIT No: 03/e-PROC /RZS/2026-27,"Environment, Forest & Climate Change Department",Supply and installation of total 2 unit servo voltage stabilizer in Rajgir Zoo Safari Nalanda.,2026-08-21 17:00,,,no,Hard-reject: civil/electrical/administrative signal 'nala' — not a Meril product.
76,137048,NIT NO:MDUSS:JICA:ENGG:2817,MITHILA DUGDH UTPADAK SAHKARI SANGH LTD.,"Supply, installation, testing and commissioning of 04 sets of 10 KL Walk in Type Product Cold Room at Rosera,Madhubani,Darbhanga and Umgaon sites, under Mithila Dugdh Utpadak Sahkari Sangh Ltd, Samstipur under JICA Fund as per technical specification of tender documents",2026-08-21 17:00,,,no,"The tender is for supplying and installing cold rooms, which are unrelated to Meril's surgical or diagnostic product lines."
77,137300,NIT-13/SBD/2026-27/GR-01,Bihar Police Building Construction Corporation,CONSTRUCTION OF POLICE STATION BUILDING (G+3 STRUCTURE) AT BAKHARPUR POLICE STATION WITH ELECTRIFICATION IN THE DISTRICT OF BHAGALPUR,2026-08-21 17:00,,,no,"The tender is for construction of a police station building and electrification, unrelated to medical or diagnostic products."
78,137301,NIT-13/SBD/2026-27/GR-02,Bihar Police Building Construction Corporation,CONSTRUCTION OF FIRE STATION BUILDING (G+1) OF 02 UNIT FIRE STATION AT GOGRI SUBDIVISION IN THE DISTRICT OF KHAGARIA WITH ELECTRIFICATION,2026-08-21 17:00,,,no,"The tender is for construction of a fire station building with electrification, unrelated to medical or diagnostic products."
79,137984,NIT-05/2026-2027/NPKOCHAS,Urban Development and Housing Department,Disposal and Processing of Solid Waste in three (3) Composte Pit Site in Nagar Panchayat Kochas,2026-08-21 17:00,,,no,"The tender concerns solid waste disposal and compost pits, unrelated to medical or diagnostic products."
80,136475,BMSIC/DRUGS/26-08,Bihar Medical Services and Infrastructure Corporation Limited,Tender for rate contract and supply of Drugs for different healthcare facilities of state of Bihar,2026-08-21 17:00,,,no,"The tender is for supplying drugs, which Meril does not sell."
82,137873,NIT-04/2026-27/Gr-14,Urban Development and Housing Department,Nagar Parishad Sampatchak in ward no. 20 Me sohgi bahuara road se raju mahto ke ghar tak nala avam pcc sadak Nirman karya.,2026-08-22 15:00,,,no,Hard-reject: civil/electrical/administrative signal 'nala' — not a Meril product.
83,137875,NIT-04/2026-27/Gr-15,Urban Development and Housing Department,"Nagar Parishad Sampatchak in ward no. 21 Me Santosh ke ghar se dablu, dinesh ke ghar tak, kailash ke ghar se gappu ramsevak ke cone payne tak Sriram ke ghar se arura bahal, satendra ke ghar tak, Rajendra ke ghar se jitu, uday, Ramesh, kallu, tribhuan, ramadhar, sonu, shiv ji, Naveen, Upendra ji ke ghar tak pcc sadak avam nali Nirman karya.",2026-08-22 15:00,,,no,"The tender describes road and drain construction work, which is unrelated to medical or diagnostic products."
84,137877,NIT-04/2026-27/Gr-16,Urban Development and Housing Department,Nagar Parishad Sampatchak in ward no. 25 Me karanpura hari singh ke tola pul se pavan urf omnarayan singh ke makan hote hue rampyare singh ke bagicha tak pcc sadak Nirman karya.,2026-08-22 15:00,,,no,"The description refers to a road construction (sadak nirman) project, unrelated to medical or diagnostic products."
85,137880,NIT-04/2026-27/Gr-17,Urban Development and Housing Department,Nagar Parishad Sampatchak in ward no. 25 me karanpura abhaydwar se shiv mandir hote hue bablu singh ke makan ki or pcc sadak Nirman karya.,2026-08-22 15:00,,,no,"The tender describes a road construction (sadak nirman) project, unrelated to medical or diagnostic products."
86,137886,NIT-04/2026-27/Gr-18,Urban Development and Housing Department,Nagar Parishad Sampatchak in ward no. 26 me sati mandir se mithu ji ke ghar tak pcc sadak Nirman karya.,2026-08-22 15:00,,,no,"The tender is for a PCC road construction project, unrelated to medical or diagnostic products."
87,137887,NIT-04/2026-27/Gr-19,Urban Development and Housing Department,Nagar Parishad Sampatchak in ward no. 27 me damaoder rai ke makan se Nagendra mahto ke ghar hote hue pavan sir ke ghar tak nala avam pcc sadak Nirman karya.,2026-08-22 15:00,,,no,Hard-reject: civil/electrical/administrative signal 'nala' — not a Meril product.
88,137888,NIT-04/2026-27/Gr-20,Urban Development and Housing Department,Nagar Parishad Sampatchak in ward no. 30 Me Gaurav kumar ke ghar se jagnandan kevat ke ghar tak avam murari singh ke ghar se Khusboo kumari ke ghar ki or nala avam pcc sadak Nirman karya.,2026-08-22 15:00,,,no,Hard-reject: civil/electrical/administrative signal 'nala' — not a Meril product.
89,137889,NIT-04/2026-27/Gr-21,Urban Development and Housing Department,Nagar Parishad Sampatchak in ward no. 30 Me men nahar se ajay kumar ke ghar hote hue payne se sunny kumar tak avam Santosh badhai ke ghar se payne tak nala avam pcc sadak Nirman karya.,2026-08-22 15:00,,,no,Hard-reject: civil/electrical/administrative signal 'nala' — not a Meril product.
90,137890,NIT-04/2026-27/Gr-22 (Re-Tender),Urban Development and Housing Department,Nagar Parishad Sampatchak in ward no. 01 Me neha Vikash sharma ke makan se badsahi nala tak pcc sadak avam nala avam badsahi nala ke purvi tatbandh se pragati bihar colony se Paschim chore pr milne wali pcc sadak tak pcc sadak Nirman karya.,2026-08-22 15:00,,,no,Hard-reject: civil/electrical/administrative signal 'nala' — not a Meril product.
91,137892,NIT-04/2026-27/Gr-23 (Re-Tender),Urban Development and Housing Department,Nagar Parishad Sampatchak in ward no. 08 Me mahindra godam se surya mandir dhalai road tak nala Nirman karya.,2026-08-22 15:00,,,no,Hard-reject: civil/electrical/administrative signal 'nala' — not a Meril product.
92,137893,NIT-04/2026-27/Gr-24 (Re-Tender),Urban Development and Housing Department,Nagar Parishad Sampatchak in ward no. 15 Me devnagar road no. 03 manoj singh ke ghar se uday singh ke ghar hote hue sharda devi ke ghar tak nala avam pcc sadak Nirman karya.,2026-08-22 15:00,,,no,Hard-reject: civil/electrical/administrative signal 'nala' — not a Meril product.
93,137894,NIT-04/2026-27/Gr-25 (Re-Tender),Urban Development and Housing Department,Nagar Parishad Sampatchak in ward no. 15 Me dev nagar road no. 01 me pcc sadak avam hume pype nala Nirman karya.,2026-08-22 15:00,,,no,Hard-reject: civil/electrical/administrative signal 'nala' — not a Meril product.
94,137895,NIT-04/2026-27/Gr-26 (Re-Tender),Urban Development and Housing Department,Nagar Parishad Sampatchak in ward no. 17 Me rama pandit ke ghar se sona singh tak pcc sadak Nirman karya.,2026-08-22 15:00,,,no,"The tender describes a PCC road construction project, unrelated to medical or diagnostic products."
95,137896,NIT-04/2026-27/Gr-27 (Re-Tender),Urban Development and Housing Department,Nagar Parishad Sampatchak in ward no. 27 Me ram bali rai ke makan se Damodar rai ke makan tak rcc nala avam pcc sadak Nirman karya.,2026-08-22 15:00,,,no,Hard-reject: civil/electrical/administrative signal 'nala' — not a Meril product.
96,137738,"14/E/Bankipur/2026, Group No. 01",Patna Municipal Corporation,"Renovation of Ambedkar Bhawan Situated at Nala Road in front of Petrol Pump in ward No. 43 under Bankipur Division, PMC",2026-08-22 15:00,,,no,Hard-reject: civil/electrical/administrative signal 'nala' — not a Meril product.
97,137816,NIT-04/2026-27/Gr-01,Urban Development and Housing Department,Nagar Parishad Sampatchak in ward no. 01 me lalan Yadav ke jamin se Surendra ji ke bharav hote hue rajkumar ji ke makan tak nala avam pcc sadak Nirman karya.,2026-08-22 15:00,,,no,Hard-reject: civil/electrical/administrative signal 'nala' — not a Meril product.
98,137827,NIT-04/2026-27/Gr-02,Urban Development and Housing Department,Nagar Parishad Sampatchak in ward no. 03 me adarsh colony road no. 04 me main road se Dr. Sarvesh ke makan hote hue amit kumar ji ke makan tak nala avam pcc sadak Nirman karya.,2026-08-22 15:00,,,no,Hard-reject: civil/electrical/administrative signal 'nala' — not a Meril product.
99,137828,NIT-04/2026-27/Gr-03,Urban Development and Housing Department,Nagar Parishad Sampatchak in ward no. 04 Me nayachak radhekrishna colony road no. 02 suresh singh ke ghar se Virendra singh ke makan tak nala avam pcc sadak Nirman karya.,2026-08-22 15:00,,,no,Hard-reject: civil/electrical/administrative signal 'nala' — not a Meril product.
100,137829,NIT-04/2026-27/Gr-04,Urban Development and Housing Department,Nagar Parishad Sampatchak in ward no. 15 Me lal babu singh ke ghar se saroj Ranjan patel ji ke avas se hote hue pani tanki tak nala Nirman karya.,2026-08-22 15:00,,,no,Hard-reject: civil/electrical/administrative signal 'nala' — not a Meril product.
101,137830,NIT-04/2026-27/Gr-05,Urban Development and Housing Department,Nagar Parishad Sampatchak in ward no. 07 Me deena singh ke makan se murgiya tola hote hue kachhuara mukhya sadak tak nala avam pcc sadak Nirman karya.,2026-08-22 15:00,,,no,Hard-reject: civil/electrical/administrative signal 'nala' — not a Meril product.
102,137836,NIT-04/2026-27/Gr-06,Urban Development and Housing Department,Nagar Parishad Sampatchak in ward no. 07 Me maa pitambra apartment se shahi bhavan Vikash kumar ke makan ki or pcc sadak Nirman karya.,2026-08-22 15:00,,,no,"The description refers to municipal road construction work, unrelated to medical or diagnostic products."
103,137846,NIT-04/2026-27/Gr-08,Urban Development and Housing Department,Nagar Parishad Sampatchak in ward no. 09 Me Kuldeep nagar me gas godam se ramdahin ji ke ghar tak avam ajit ji ke dalan se lalit ji ke ghar tak nala avam pcc sadak Nirman karya.,2026-08-22 15:00,,,no,Hard-reject: civil/electrical/administrative signal 'nala' — not a Meril product.
104,137848,NIT-04/2026-27/Gr-09,Urban Development and Housing Department,Nagar Parishad Sampatchak in ward no. 10 Me dariyapur dhalai road se shivchandika colony se purav Pathak ji avam mithu lalbhadur pandit ke ghar tak nala avam pcc sadak Nirman karya.,2026-08-22 15:00,,,no,Hard-reject: civil/electrical/administrative signal 'nala' — not a Meril product.
105,137843,NIT-04/2026-27/Gr-07,Urban Development and Housing Department,Nagar Parishad Sampatchak in ward no. 08 Me gaya prasad ke ghar se sidhe Paschim ki  or jagdish rai ke ghar hote hue nagina rai ke makan ki or pcc sadak Nirman karya.,2026-08-22 15:00,,,no,"The description refers to road construction work, which is unrelated to Meril's surgical or diagnostic products."
106,137856,NIT-04/2026-27/Gr-10,Urban Development and Housing Department,Nagar Parishad Sampatchak in ward no. 11 Me saidanichak me Surendra saw ke makan se manoj singh ke makan hote hue Parmanand singh ke makan ki or nala avam pcc sadak Nirman karya.,2026-08-22 15:00,,,no,Hard-reject: civil/electrical/administrative signal 'nala' — not a Meril product.
107,137863,NIT-04/2026-27/Gr-11,Urban Development and Housing Department,Nagar Parishad Sampatchak in ward no. 12 Me virndavan colony me mukhya sadak se satyanarayan singh ke makan ki or nala avam pcc sadak Nirman karya.,2026-08-22 15:00,,,no,Hard-reject: civil/electrical/administrative signal 'nala' — not a Meril product.
108,137866,NIT-04/2026-27/Gr-12,Urban Development and Housing Department,Nagar Parishad Sampatchak in ward no. 16 Me lt. sushil kumar singh ke makan se vijay singh ke makan tak nala avam pcc sadak Nirman karya.,2026-08-22 15:00,,,no,Hard-reject: civil/electrical/administrative signal 'nala' — not a Meril product.
109,137868,NIT-04/2026-27/Gr-13,Urban Development and Housing Department,Nagar Parishad Sampatchak in ward no. 20 Me Kishor ji ke ghar se Kundan ji ke ghar ki or nala avam pcc sadak Nirman karya.,2026-08-22 15:00,,,no,Hard-reject: civil/electrical/administrative signal 'nala' — not a Meril product.
110,136785,39/2026-27/EBD-3/PATNA/BCD,Building Construction Department,"RENOVATION WITH ADDITION & ALTERATION TO E/W & E/I ALONG WITH CASSETTE AC & SPLIT AC IN PRINCIPAL SECRETARY (GAD) CHAMBER, ROOM NOs. 135,19,20 ( RECORD ROOM), SERVER ROOM, BESIDE LADIES TOILET AND EXTRA WORK ( ELECTRICAL & NETWORKING) AT GAD, OLD SECTT., PATNA",2026-08-22 15:00,,,no,Hard-reject: civil/electrical/administrative signal 'renovation' — not a Meril product.
112,137038,NIT 2/BCD/NALANDA/2026-27,Building Construction Department,Construction of  Proposed Toilet Complex in the Campus of Civil Court  Bihar Sharif in Dist-Nalanda for the Year-2026-27,2026-08-22 15:00,,,no,Hard-reject: civil/electrical/administrative signal 'nala' — not a Meril product.
113,136999,NIT-06/2026-27/GR - 01/NIRMALI,Urban Development and Housing Department,"Detail Estimate for Installation of street Light Under Nagar Panchayat Nirmali, Supaul (Bihar)",2026-08-22 15:00,,,no,"The tender is for street light installation, which is unrelated to medical or diagnostic products."
114,137142,12/BCD/GAYA/2026-27,Building Construction Department,Repair of perimeter wall (2) at Sub-jail Sherghati Dist-Gaya Ji for year 2026-27,2026-08-22 15:00,,,no,"The tender is for repairing a prison perimeter wall, which is a civil construction activity unrelated to medical or diagnostic products."
115,137370,09(CONS)/BSBCCL/2026-27,Bihar State Building Construction Corporation Ltd,"Selection of agency for housekeeping Services at Bihar State Building Construction Corporation Ltd. (HQ), Rajvanshi Nagar Gymnasium Adhiveshan Bhawan, and Maulana Majaharul Haque Auditorium at Patna",2026-08-22 15:00,,,no,Hard-reject: civil/electrical/administrative signal 'building construction' — not a Meril product.
116,137480,NIT-05/2026-27/Gr-01,Urban Development and Housing Department,Nagar Parishad Sampatchak in ward no.05 me Ramkrishna Colony Arvind kumar ke jamin se Paschim Sanjay ji ke jamin tak nala avam pcc sadak Nirman karya.,2026-08-22 15:00,,,no,Hard-reject: civil/electrical/administrative signal 'nala' — not a Meril product.
117,137482,NIT-05/2026-27/Gr-02,Urban Development and Housing Department,Nagar Parishad Sampatchak in ward no.06 me Vijendra singh ke jamin se master saheb ke ghar ki or nala avam pcc sadak Nirman karya.,2026-08-22 15:00,,,no,Hard-reject: civil/electrical/administrative signal 'nala' — not a Meril product.
118,137483,NIT-05/2026-27/Gr-03,Urban Development and Housing Department,Nagar Parishad Sampatchak in ward no.09 me Pinku ji ke ghar se satendra ji ke ghar ki or pcc sadak Nirman karya.,2026-08-22 15:00,,,no,"The description refers to road construction work, unrelated to medical or diagnostic products."
119,137484,NIT-05/2026-27/Gr-04,Urban Development and Housing Department,"Nagar Parishad Sampatchak in ward no.22  me anil ji ke ghar se rajeshwar ji, chootu ji avam pintu ji ke ghar hote hue Dilip kumar ke ghar tak nala avam pcc sadak Nirman karya.",2026-08-22 15:00,,,no,Hard-reject: civil/electrical/administrative signal 'nala' — not a Meril product.
120,137485,NIT-05/2026-27/Gr-05 (Re-Tender),Urban Development and Housing Department,Nagar Parishad Sampatchak in ward no.10 me dariyapur me suresh ji ke makan ke samip kuan ke pas stand post Nirman karya.,2026-08-22 15:00,,,no,"The tender describes construction of a stand post near a well, unrelated to medical or diagnostic products."
121,137487,NIT-05/2026-27/Gr-06 (Re-Tender),Urban Development and Housing Department,Nagar Parishad Sampatchak in ward no.10 me sunder das ke ghar ke pas stand post Nirman karya.,2026-08-22 15:00,,,no,"The tender describes construction of a stand post in a municipal ward, unrelated to medical or diagnostic products."
122,138158,NIT-03/2026-27/E-TENDER/LAEO/WD-1 NAWADA/GR-01,"Local Area Engineering Organization, Planning & Development Department","CONSTRUCTION OF COMMUNITY HALL CUM WORK-SHED AT TOLA :-MAHULIATAND, MOUZA:-MAHULIATAND, THANA :141, KHATA NO:-370 AT MAHUDER PANCHYAT UNDER BLOCK KAWAKOL.",2026-08-22 15:00,,,no,"The tender is for construction of a community hall, which is a civil infrastructure project unrelated to medical or diagnostic products."
123,138159,NIT-03/2026-27/E-TENDER/LAEO/WD-1 NAWADA/GR-02,"Local Area Engineering Organization, Planning & Development Department","Construction of community hall cum work shed at tola -Barhauna , mouja- Barhauna Thana no:- 82, Khata no:-399, Khesra:- 6126 block :- Hisua , Nawada.",2026-08-22 15:00,,,no,"The tender is for construction of a community hall, unrelated to medical or diagnostic products."
124,137798,GR-03/NIT-E-03/2026-27/LAEO/WD-01 MOTIHARI,"Local Area Engineering Organization, Planning & Development Department","""Construction work of Community building-cum-workshed in Jaysingh North Panchayat of Jaysingh Tola Takeya under Turkauliya Block. (Thana No.-85, Khata No.-813, Khesra Number-3320)",2026-08-22 15:00,,,no,"The tender is for construction of a community building, which is unrelated to medical, surgical, or diagnostic products."
125,137767,GR-01/NIT-E-03/2026-27/LAEO/WD-01 MOTIHARI,"Local Area Engineering Organization, Planning & Development Department","""Construction work of Community building-cum-workshed in Belwa Ray, Bairaji Panchayat, under Turkauliya Block. (Thana No.-72, Khata No.-293, Khesra Number-1386)",2026-08-22 15:00,,,no,"The tender is for construction of a community building, unrelated to medical, surgical, or diagnostic products."
126,137785,GR-02/NIT-E-03/2026-27/LAEO/WD-01 MOTIHARI,"Local Area Engineering Organization, Planning & Development Department","""Construction work of Community building-cum-workshed in Turkauliya East Panchayat of Turkauliya Majhar under Turkauliya Block. (Thana No.-100, Khata No.-536, Khesra Number-430)",2026-08-22 15:00,,,no,"The tender is for construction of a community building, unrelated to medical, surgical, or diagnostic products."
127,138172,NIT09/2026-27/01,Urban Development and Housing Department,Supplying and fixing of street light with maintenance of 5 years of ward no 01 to 34 at nagar Parishad Kishanganj.,2026-08-22 15:00,,,no,"The tender concerns supplying and maintaining street lights, which is unrelated to medical or diagnostic products."
128,138134,NIT NO-14/2026-27/GR-69,Urban Development and Housing Department,Construction of new RCC Drain and PCC Road from house of Vijay Pratap singh to Dilip soni via house of mohan prasad in Ward No. 22 under Nagar parishad Gopalganj.,2026-08-22 15:00,,,no,Hard-reject: civil/electrical/administrative signal 'pcc road' — not a Meril product.
129,138135,NIT NO-14/2026-27/GR-70,Urban Development and Housing Department,Construction of PCC Road and RCC Drain with Guard wall  from house of Munna Khatal ke Bagal to Sachin shrivastav in Ward No. 21 under Nagar parishad Gopalganj.,2026-08-22 15:00,,,no,Hard-reject: civil/electrical/administrative signal 'pcc road' — not a Meril product.
130,138136,NIT NO-14/2026-27/GR-71,Urban Development and Housing Department,Construction of PCC Road and RCC Drain with Guard wall from house of Jitendra Singh to Nirmala Devi in Ward No. 22 under Nagar parishad Gopalganj.,2026-08-22 15:00,,,no,Hard-reject: civil/electrical/administrative signal 'pcc road' — not a Meril product.
131,138146,NIT NO-14/2026-27/GR-79,Urban Development and Housing Department,Construction of PCC Road from house of Lal Mohammad to  Mahesh Shrivastav via buni lal choudhari Ward No. 24 under Nagar parishad Gopalganj.,2026-08-22 15:00,,,no,Hard-reject: civil/electrical/administrative signal 'pcc road' — not a Meril product.
132,138147,NIT NO-14/2026-27/GR-80,Urban Development and Housing Department,Dismantling of Old Brick work Drain and Construction of New RCC Drain  from house of Karim Miya to Lal Mohammad in Ward No. 24 under Nagar parishad Gopalganj.,2026-08-22 15:00,,,no,"The tender concerns civil construction of a drainage system, unrelated to medical or diagnostic products."
133,138148,NIT NO-14/2026-27/GR-81,Urban Development and Housing Department,Construction of New RCC Drain and raising of PCC Road from Abdul Bari sahab to Khad via Rabe Alam sai in Ward No. 25 under Nagar parishad Gopalganj.,2026-08-22 15:00,,,no,Hard-reject: civil/electrical/administrative signal 'pcc road' — not a Meril product.
134,138149,NIT NO-14/2026-27/GR-82,Urban Development and Housing Department,Construction of PCC Road and RCC Drain from house of Ashok Mishra to Amresh Pandey in Ward No. 26 under Nagar parishad Gopalganj.,2026-08-22 15:00,,,no,Hard-reject: civil/electrical/administrative signal 'pcc road' — not a Meril product.
135,138150,NIT NO-14/2026-27/GR-83,Urban Development and Housing Department,Construction of brick on edge soling Road from house of Md Imran to house of masjid in Ward No. 26 under Nagar parishad Gopalganj.,2026-08-22 15:00,,,no,"The tender is for road construction work, unrelated to medical or diagnostic products."
136,138151,NIT NO-14/2026-27/GR-84,Urban Development and Housing Department,Construction of PCC Road from house of Abhayanand Dubey to Dr. Parbhajan via ouse of Pandit Bharmdat Ojha in Ward No. 26 under Nagar parishad Gopalganj.,2026-08-22 15:00,,,no,Hard-reject: civil/electrical/administrative signal 'pcc road' — not a Meril product.
137,138152,NIT NO-14/2026-27/GR-85,Urban Development and Housing Department,Construction of PCC Road and RCC drain with Guard wall  from house of Chandrashekhar giri to house of Dilip sah  in Ward No. 26 under Nagar parishad Gopalganj.,2026-08-22 15:00,,,no,Hard-reject: civil/electrical/administrative signal 'pcc road' — not a Meril product.
138,138153,NIT NO-14/2026-27/GR-86,Urban Development and Housing Department,Construction of PCC Road  from house of Pappu Kumar to River in Ward No. 26 under Nagar parishad Gopalganj.,2026-08-22 15:00,,,no,Hard-reject: civil/electrical/administrative signal 'pcc road' — not a Meril product.
139,138154,NIT NO-14/2026-27/GR-87,Urban Development and Housing Department,Construction of PCC Road and RCC drainn from house of Jitendra Rawat to N.H 27 via Pradip in Ward No. 27 under Nagar parishad Gopalganj.,2026-08-22 15:00,,,no,Hard-reject: civil/electrical/administrative signal 'pcc road' — not a Meril product.
140,138155,NIT NO-14/2026-27/GR-88,Urban Development and Housing Department,Construction of PCC Road and RCC drain from house of Dr. O.P Tiwari to Fhananjayn sinha via Pradip in Ward No. 27 under Nagar parishad Gopalganj.,2026-08-22 15:00,,,no,Hard-reject: civil/electrical/administrative signal 'pcc road' — not a Meril product.
142,138157,NIT NO-14/2026-27/GR-90,Urban Development and Housing Department,Renovation of PCC Road and drain  from Arar Pitch to house of iliyaash ahamad via housev of Rajesh Kushwaha in Ward No. 28 under Nagar parishad Gopalganj.,2026-08-22 15:00,,,no,Hard-reject: civil/electrical/administrative signal 'pcc road' — not a Meril product.
143,138100,NIT NO-14/2026-27/GR-48,Urban Development and Housing Department,Construction of new RCC Drain and PCC Road from Murtuja nji to house of Kalim Ansari via house of vakil chacha in Ward No. 15 under Nagar parishad Gopalganj.,2026-08-22 15:00,,,no,Hard-reject: civil/electrical/administrative signal 'pcc road' — not a Meril product.
144,138101,NIT NO-14/2026-27/GR-49,Urban Development and Housing Department,Dismantling of Old Brick work and Construction of new RCC Drain and PCC Road from Mamta Stationery to house of Deepak Singh in Ward No. 15 under Nagar parishad Gopalganj.,2026-08-22 15:00,,,no,Hard-reject: civil/electrical/administrative signal 'pcc road' — not a Meril product.
145,138069,NIT NO-14/2026-27/GR-31,Urban Development and Housing Department,Dismantling of Old Brick work drain and construction of new RCC Drain and PCC Road from house of Om Prakash upadhyay  to house of Rajak Ram via house of Fenku Ram in Ward No. 10 under Nagar parishad Gopalganj.,2026-08-22 15:00,,,no,Hard-reject: civil/electrical/administrative signal 'pcc road' — not a Meril product.
146,138072,NIT NO-14/2026-27/GR-32,Urban Development and Housing Department,Construction of PCC Road cum Guard wall and RCC Drain from house of Chhathuy sah to house of Arvind Tiwari via Ram Vilash sahni in Ward No. 10 under Nagar parishad Gopalganj.,2026-08-22 15:00,,,no,Hard-reject: civil/electrical/administrative signal 'pcc road' — not a Meril product.
147,138083,NIT NO-14/2026-27/GR-33,Urban Development and Housing Department,Construction of PCC Road and RCC Drain from house of Naresh Yadav to house of Baidhnath Yadav in Ward No. 10 under Nagar parishad Gopalganj.,2026-08-22 15:00,,,no,Hard-reject: civil/electrical/administrative signal 'pcc road' — not a Meril product.
148,138084,NIT NO-14/2026-27/GR-34,Urban Development and Housing Department,Renovation of PCC Road cum Gaurd wall and brick work Drain from house of Nijam Jee to Musan Choudhary Land in Ward No. 10 under Nagar parishad Gopalganj.,2026-08-22 15:00,,,no,Hard-reject: civil/electrical/administrative signal 'pcc road' — not a Meril product.
149,138086,NIT NO-14/2026-27/GR-35,Urban Development and Housing Department,Construction of  new RCC Drain and PCC Road from house of dharmendar sah to house of dipak Gupta in Ward No. 11 under Nagar parishad Gopalganj.,2026-08-22 15:00,,,no,Hard-reject: civil/electrical/administrative signal 'pcc road' — not a Meril product.
150,138087,NIT NO-14/2026-27/GR-36,Urban Development and Housing Department,Construction of PCC(rise) Road from house of Tarkeshwar Prasad to house of Md. Sakil bia house of Sagir Ahmad in Ward No. 11 under Nagar parishad Gopalganj.,2026-08-22 15:00,,,no,"The tender is for road construction, which is unrelated to Meril's surgical or diagnostic products."
151,138088,NIT NO-14/2026-27/GR-37,Urban Development and Housing Department,Construction of Brick work drainfrom house of Asalum to house of Lalbabu singh in Ward No. 11 under Nagar parishad Gopalganj.,2026-08-22 15:00,,,no,"The tender is for brick work drain construction, which is unrelated to medical or diagnostic products."
152,138089,NIT NO-14/2026-27/GR-38,Urban Development and Housing Department,"Dismantling of P.C.C Road and Construction of PCC Road and RCC Drain from house of Prabhat Shrivastav to house of Manoj Yadav Via house of rambabu Singh, Prahalad Yadav, Ravindra Singh in Ward No. 11 under Nagar parishad Gopalganj.",2026-08-22 15:00,,,no,Hard-reject: civil/electrical/administrative signal 'pcc road' — not a Meril product.
153,138090,NIT NO-14/2026-27/GR-39,Urban Development and Housing Department,Construction of Paver Block Road from vyapar mandal to Pool in Ward No. 11 under Nagar parishad Gopalganj.,2026-08-22 15:00,,,no,"The tender is for road construction (paver block road), which is unrelated to Meril's surgical or diagnostic products."
154,138091,NIT NO-14/2026-27/GR-40,Urban Development and Housing Department,Construction of drain with slab and PCC Road from house of Rajesh Gupta to shop of Vinay Gupta in Ward No. 11 under Nagar parishad Gopalganj.,2026-08-22 15:00,,,no,Hard-reject: civil/electrical/administrative signal 'pcc road' — not a Meril product.
155,138092,NIT NO-14/2026-27/GR-41,Urban Development and Housing Department,Dismantling of old drain and PCC Road and Construction of new RCC drain and PCC Road from house of Bhola shah to Ramji shah via house of Ravi Pandey in Ward No. 12 under Nagar parishad Gopalganj.,2026-08-22 15:00,,,no,Hard-reject: civil/electrical/administrative signal 'pcc road' — not a Meril product.
156,138093,NIT NO-14/2026-27/GR-42,Urban Development and Housing Department,Dismantling of old Brick work drain and  Construction of new RCC drain  from house of Sanjay Shrivastav to Manoj Gupta in Ward No. 12 under Nagar parishad Gopalganj.,2026-08-22 15:00,,,no,"Tender concerns civil construction of a drainage system, unrelated to medical or diagnostic products."
157,138094,NIT NO-14/2026-27/GR-43,Urban Development and Housing Department,Construction of PCC Road and RCC Drain from R.K Medical Shop Agency to house of Anuj Medical in Ward No. 14 under Nagar parishad Gopalganj.,2026-08-22 15:00,,,no,Hard-reject: civil/electrical/administrative signal 'pcc road' — not a Meril product.
158,138095,NIT NO-14/2026-27/GR-44,Urban Development and Housing Department,Construction of PCC Road and RCC Drain from Jagannath shah to house of harendra ji via house of Prerm ji (including Construction of PCC Road from house of PR Thakur to house Ravi Priyadarshi) in Ward No. 14 under Nagar parishad Gopalganj.,2026-08-22 15:00,,,no,Hard-reject: civil/electrical/administrative signal 'pcc road' — not a Meril product.
159,138096,NIT NO-14/2026-27/GR-45,Urban Development and Housing Department,Construction of PCC Road and RCC Drain with guard wall from house of saheb singh to Adv. Brajesh tiwari near Radio Varsha in Ward No. 14 under Nagar parishad Gopalganj.,2026-08-22 15:00,,,no,Hard-reject: civil/electrical/administrative signal 'pcc road' — not a Meril product.
160,138097,NIT NO-14/2026-27/GR-46,Urban Development and Housing Department,Construction of new RCC Drain and PCC Road from house of Irfan to Rajan Mishra in Ward No. 14 under Nagar parishad Gopalganj.,2026-08-22 15:00,,,no,Hard-reject: civil/electrical/administrative signal 'pcc road' — not a Meril product.
161,138098,NIT NO-14/2026-27/GR-47,Urban Development and Housing Department,Construction of new Brick work Drain and PCC Road from house of Sagir sahab to Babu bhai in Ward No. 15 under Nagar parishad Gopalganj.,2026-08-22 15:00,,,no,Hard-reject: civil/electrical/administrative signal 'pcc road' — not a Meril product.
162,138064,NIT NO-14/2026-27/GR-29,Urban Development and Housing Department,Construction of  R.C.C Cover from house of Prem Sharma to house of Shiv mandir in Ward No. 09 under Nagar parishad Gopalganj.,2026-08-22 15:00,,,no,"The tender is for civil construction of an RCC cover, unrelated to medical or diagnostic products."
163,138066,NIT NO-14/2026-27/GR-30,Urban Development and Housing Department,Construction of  R.C.C Drain with Slab from house of Jagannath Patewah to house of Kashinath dubey in Ward No. 09 under Nagar parishad Gopalganj.,2026-08-22 15:00,,,no,"The tender is for civil construction of a drainage system, unrelated to medical or diagnostic products."
164,138046,NIT NO-14/2026-27/GR-28,Urban Development and Housing Department,Construction of new R.C.C Drain and dismantiling of old brick work drain from house of islam Miya to house of swaminath thakur in Ward No. 09 under Nagar parishad Gopalganj.,2026-08-22 15:00,,,no,"The tender is for civil construction of a drainage system, unrelated to medical or diagnostic products."
165,138103,NIT NO-14/2026-27/GR-50,Urban Development and Housing Department,Construction of new RCC Drain and PCC Road from 1. house of Reena Devi to Raghunath Chaudhari 2. house of Shahab hussain to Ali Immam in Ward No. 15 under Nagar parishad Gopalganj.,2026-08-22 15:00,,,no,Hard-reject: civil/electrical/administrative signal 'pcc road' — not a Meril product.
166,138107,NIT NO-14/2026-27/GR-51,Urban Development and Housing Department,Construction of new RCC Drain and PCC Road from house of Jainul Allum to house of Kabil Ansari in Ward No. 15 under Nagar parishad Gopalganj.,2026-08-22 15:00,,,no,Hard-reject: civil/electrical/administrative signal 'pcc road' — not a Meril product.
167,138115,NIT NO-14/2026-27/GR-53,Urban Development and Housing Department,Dismantling of old brick work  drain and construction of new RCC Drain from house of brother of alimam shah to house of sandeep via house of Pinki ji in Ward No. 16 under Nagar parishad Gopalganj.,2026-08-22 15:00,,,no,"The tender involves civil construction and drainage work, unrelated to medical or diagnostic products."
168,138116,NIT NO-14/2026-27/GR-54,Urban Development and Housing Department,Dismantling of old drain and PCC Road and construction of new RCC Drain and PCC Road from house of Arman Ali to house of dhiraj Kumar via house of Anjani Kumar in Ward No. 16 under Nagar parishad Gopalganj.,2026-08-22 15:00,,,no,Hard-reject: civil/electrical/administrative signal 'pcc road' — not a Meril product.
169,138117,NIT NO-14/2026-27/GR-55,Urban Development and Housing Department,Construction of new RCC Drain and PCC Road from house of Ajay Ram to house of Chandan in Ward No. 16 under Nagar parishad Gopalganj.,2026-08-22 15:00,,,no,Hard-reject: civil/electrical/administrative signal 'pcc road' — not a Meril product.
170,138118,NIT NO-14/2026-27/GR-56,Urban Development and Housing Department,Renovation of Drain and Construction of PCC Road from house of verma Mehta to house of Mukund Gupta via house of Jagdish ji in Ward No. 17 under Nagar parishad Gopalganj.,2026-08-22 15:00,,,no,Hard-reject: civil/electrical/administrative signal 'pcc road' — not a Meril product.
172,138120,NIT NO-14/2026-27/GR-58,Urban Development and Housing Department,Dismantling of old Brick work drain and Construction of new RCC Drain and PCC Road from house of Shivji Prasad to Market of Shivdhul ji in Ward No. 17 under Nagar parishad Gopalganj.,2026-08-22 15:00,,,no,Hard-reject: civil/electrical/administrative signal 'pcc road' — not a Meril product.
173,138121,NIT NO-14/2026-27/GR-59,Urban Development and Housing Department,Construction of new RCC Drain from house of DR. S.H Khlan to house towards east of sarkar khard in Ward No. 18 under Nagar parishad Gopalganj.,2026-08-22 15:00,,,no,"The tender is for construction of a concrete drain, which is a civil infrastructure project unrelated to medical or diagnostic products."
174,138122,NIT NO-14/2026-27/GR-60,Urban Development and Housing Department,Construction of new RCC Drain and PCC Road from house of Kashi Master to main PCC Road via house of dharmnath mama in Ward No. 18 under Nagar parishad Gopalganj.,2026-08-22 15:00,,,no,Hard-reject: civil/electrical/administrative signal 'pcc road' — not a Meril product.
175,138123,NIT NO-14/2026-27/GR-61,Urban Development and Housing Department,Construction of PCC Road  and RCC Drain from main PCC Road to house of Julfikar master via house of bhola mahto and house of bhuteli mahto in Ward No. 18 under Nagar parishad Gopalganj.,2026-08-22 15:00,,,no,Hard-reject: civil/electrical/administrative signal 'pcc road' — not a Meril product.
176,138125,NIT NO-14/2026-27/GR-62,Urban Development and Housing Department,Construction of new RCC Drain and PCC Road from house of Durgesh Chandra to main PCC Road Via house of Kaushalya singh in Ward No. 18 under Nagar parishad Gopalganj.,2026-08-22 15:00,,,no,Hard-reject: civil/electrical/administrative signal 'pcc road' — not a Meril product.
177,138126,NIT NO-14/2026-27/GR-63,Urban Development and Housing Department,Construction of  Drain and PCC Road from house of Fatima Khan to Babar chowk in Ward No. 18 under Nagar parishad Gopalganj.,2026-08-22 15:00,,,no,Hard-reject: civil/electrical/administrative signal 'pcc road' — not a Meril product.
178,138127,NIT NO-14/2026-27/GR-64,Urban Development and Housing Department,Construction of  Drain and PCC Road and RCC Drain from hotel Rajkumar to Sai Hospital in Ward No. 19 under Nagar parishad Gopalganj.,2026-08-22 15:00,,,no,Hard-reject: civil/electrical/administrative signal 'pcc road' — not a Meril product.
179,138128,NIT NO-14/2026-27/GR-65,Urban Development and Housing Department,Construction of PCC Road and RCC Drain from house of Manoj Shrivastava to house of Mithlesh jaswal via virendra jaswal in Ward No. 20 under Nagar parishad Gopalganj.,2026-08-22 15:00,,,no,Hard-reject: civil/electrical/administrative signal 'pcc road' — not a Meril product.
180,138129,NIT NO-14/2026-27/GR-66,Urban Development and Housing Department,Dismantling of old drain and Construction of new RCC Drain from house of Vakar Ahmad to Main P.C.C in Ward No. 21 under Nagar parishad Gopalganj.,2026-08-22 15:00,,,no,"The tender involves civil construction of a drainage system, unrelated to medical or diagnostic products."
181,138112,NIT NO-14/2026-27/GR-52,Urban Development and Housing Department,Dismantling of old brick work and construction of new RCC Drain from Baba Mobile to Rajan Hotel in Ward No. 16 under Nagar parishad Gopalganj.,2026-08-22 15:00,,,no,"The tender involves civil construction (brick dismantling and RCC drain) with no medical or diagnostic context, unrelated to Meril products."
182,138131,NIT NO-14/2026-27/GR-67,Urban Development and Housing Department,Dismantling of old drain and PCC Road and Construction of new RCC Drain and PCC Road from infront of house of Mandev ji to Sanjiv via house of Santosh shah in Ward No. 21 under Nagar parishad Gopalganj.,2026-08-22 15:00,,,no,Hard-reject: civil/electrical/administrative signal 'pcc road' — not a Meril product.
183,138132,NIT NO-14/2026-27/GR-68,Urban Development and Housing Department,Construction of PCC Road and RCC Drain from infront of house of Mahavir Tiwari to house of Krishna Singh and house of Ravindra Yadav in Ward No. 21 under Nagar parishad Gopalganj.,2026-08-22 15:00,,,no,Hard-reject: civil/electrical/administrative signal 'pcc road' — not a Meril product.
184,138138,NIT NO-14/2026-27/GR-72,Urban Development and Housing Department,Construction of PCC Road from Paradise Public school to house of sanjay Tiwari  in Ward No. 22 under Nagar parishad Gopalganj.,2026-08-22 15:00,,,no,Hard-reject: civil/electrical/administrative signal 'pcc road' — not a Meril product.
185,138139,NIT NO-14/2026-27/GR-73,Urban Development and Housing Department,Construction of PCC Road from house of Om Prakash sharma to Sunil Sharma via saran Nahar & Tanki in Ward No. 23 under Nagar parishad Gopalganj.,2026-08-22 15:00,,,no,Hard-reject: civil/electrical/administrative signal 'pcc road' — not a Meril product.
186,138140,NIT NO-14/2026-27/GR-74,Urban Development and Housing Department,Construction of PCC Road and RCC Drain from house of Suman Srivastav to house of Brijmaan in Ward No. 23 under Nagar parishad Gopalganj.,2026-08-22 15:00,,,no,Hard-reject: civil/electrical/administrative signal 'pcc road' — not a Meril product.
187,138141,NIT NO-14/2026-27/GR-75,Urban Development and Housing Department,Construction of PCC Road from house of Prabhu Mahto to Eidrish Miya Via house of motilaal in Ward No. 23 under Nagar parishad Gopalganj.,2026-08-22 15:00,,,no,Hard-reject: civil/electrical/administrative signal 'pcc road' — not a Meril product.
188,138142,NIT NO-14/2026-27/GR-76,Urban Development and Housing Department,Construction of PCC Road and RCC Drain with Guard wall from house of Venet Verma  to  house of Radheshyam Prasad via house of Krishna Manjhi in Ward No. 26 under Nagar parishad Gopalganj.,2026-08-22 15:00,,,no,Hard-reject: civil/electrical/administrative signal 'pcc road' — not a Meril product.
189,138143,NIT NO-14/2026-27/GR-77,Urban Development and Housing Department,Construction of PCC Road from Alok Bharati school to Karim Miya via vasir miya in Ward No. 24 under Nagar parishad Gopalganj.,2026-08-22 15:00,,,no,Hard-reject: civil/electrical/administrative signal 'pcc road' — not a Meril product.
190,138144,NIT NO-14/2026-27/GR-78,Urban Development and Housing Department,Construction of PCC Road  and RCC Drain in Paswan Nagar from  house of Gorakh Manjhi to Main Yadavpur PCC Road  in Ward No. 04 under Nagar parishad Gopalganj.,2026-08-22 15:00,,,no,Hard-reject: civil/electrical/administrative signal 'pcc road' — not a Meril product.
191,137991,NIT NO-14/2026-27/GR-01,Urban Development and Housing Department,"Construction of a PCC road, RCC cross-drain, and slab from the houses of Shyam Mahto and Lalan Pandey to the house of Majrul Haque in Ward No. 01 under Nagar Parishad Gopalganj.",2026-08-22 15:00,,,no,Hard-reject: civil/electrical/administrative signal 'pcc road' — not a Meril product.
192,137992,NIT NO-14/2026-27/GR-02,Urban Development and Housing Department,"Construction of a PCC road and RCC drain from Ashok Dubey's house to the main PCC road, and continuing via the houses of Rajnath Tripathi and Akhilesh Srivastava to Chunu Rahman's house in Ward No. 01under Nagar parishad Gopalganj.",2026-08-22 15:00,,,no,Hard-reject: civil/electrical/administrative signal 'pcc road' — not a Meril product.
193,137993,NIT NO-14/2026-27/GR-03,Urban Development and Housing Department,Construction of Paver block Road from zameen of Hemant Tiwari to house of AK Tiwari via zameen of Raju Chaubey in Ward No. 01 under Nagar parishad Gopalganj.,2026-08-22 15:00,,,no,"The tender is for road construction, which is unrelated to Meril's surgical or diagnostic products."
194,137994,NIT NO-14/2026-27/GR-04,Urban Development and Housing Department,Construction of P.C.C Road from house of Alimiya miya to house of Miraj Ali via Community Bhawan in Ward No. 02 under Nagar parishad Gopalganj.,2026-08-22 15:00,,,no,"The tender is for road construction, unrelated to medical or diagnostic products."
195,137995,NIT NO-14/2026-27/GR-05,Urban Development and Housing Department,Construction of P.C.C Road and R.C.C Drain from house of suman devi to house of hari shankar Yadav in Ward No. 03 under Nagar parishad Gopalganj.,2026-08-22 15:00,,,no,"The tender is for road and drain construction, unrelated to medical or diagnostic products."
196,137996,NIT NO-14/2026-27/GR-06,Urban Development and Housing Department,Construction of P.C.C Road and R.C.C Drain from house of Sunil singh to house of Ashraf qureshi via house of Vinod Tripathi  in Ward No. 03 under Nagar parishad Gopalganj.,2026-08-22 15:00,,,no,"The tender is for road and drain construction, unrelated to medical or diagnostic products."
197,137997,NIT NO-14/2026-27/GR-07,Urban Development and Housing Department,Construction of P.C.C Road and R.C.C Drain from house of Om Prakash Gupta to house of Vijay Patel in Ward No. 03 under Nagar parishad Gopalganj.,2026-08-22 15:00,,,no,"The tender is for road and drain construction, which is unrelated to medical, surgical, or diagnostic products."
198,137998,NIT NO-14/2026-27/GR-08,Urban Development and Housing Department,Construction of P.C.C Road and R.C.C Drain from house of Brajesh Shrivastava to house of Nardeshwar Tripathi in Ward No. 03 under Nagar parishad Gopalganj.,2026-08-22 15:00,,,no,"The tender is for road and drain construction, which is unrelated to Meril's surgical or diagnostic products."
199,137999,NIT NO-14/2026-27/GR-09,Urban Development and Housing Department,Construction of P.C.C Road and R.C.C Drain from house of Surendra Upadhay to house of Kashi singh in Ward No. 03 under Nagar parishad Gopalganj.,2026-08-22 15:00,,,no,"The tender is for road and drain construction, which is unrelated to medical or diagnostic products."
200,138000,NIT NO-14/2026-27/GR-10,Urban Development and Housing Department,Construction of P.C.C Road and R.C.C Drain from house of Shambhu singh to house of Shambhu Prasad via house of Mithilesh Kumar Sharma and Ramendra Kumar Singh in Ward No. 03 under Nagar parishad Gopalganj.,2026-08-22 15:00,,,no,"The tender is for construction of a road and drainage, which is unrelated to medical or diagnostic products."
202,138002,NIT NO-14/2026-27/GR-12,Urban Development and Housing Department,Construction of P.C.C Road and R.C.C drain from house of Ganesh Shah to house of Tridev in Ward No. 04 under Nagar parishad Gopalganj.,2026-08-22 15:00,,,no,"The tender is for road and drain construction, unrelated to medical or diagnostic products."
203,138003,NIT NO-14/2026-27/GR-13,Urban Development and Housing Department,Dismantling of Old drain and Construction of new R.C.C drain and P.C.C Road from house of Rajeshwar Dubey to house of Malviye in Ward No. 04 under Nagar parishad Gopalganj.,2026-08-22 15:00,,,no,"The tender involves civil construction of a drain and road, unrelated to medical or diagnostic products."
204,138004,NIT NO-14/2026-27/GR-14,Urban Development and Housing Department,Construction of P.C.C Road and R.C.C Drain from house of Baidyanath Singh to house of Kirnita Devi in Ward No. 04 under Nagar parishad Gopalganj.,2026-08-22 15:00,,,no,"The tender is for road and drain construction, which is unrelated to Meril's surgical or diagnostic products."
205,138005,NIT NO-14/2026-27/GR-15,Urban Development and Housing Department,Construction of P.C.C Road and R.C.C Drain from house of Sanjay Verma to  Main P.C.C Road via house of Adalat Singh in Ward No. 04 under Nagar parishad Gopalganj.,2026-08-22 15:00,,,no,"The tender is for road and drain construction, unrelated to medical or diagnostic products."
206,138006,NIT NO-14/2026-27/GR-16,Urban Development and Housing Department,"Reparing of Old Brick work drain and Construction of P.C.C Road from Main Road to Paradise Public School via Dr, S.K Ranjan in Ward No. 22 under Nagar parishad Gopalganj.",2026-08-22 15:00,,,no,"The tender concerns civil construction of a road and drain, unrelated to medical or diagnostic products."
207,138007,NIT NO-14/2026-27/GR-17,Urban Development and Housing Department,Renovation of P.C.C Road Cum Brick work Drain from /house of Ajay Paswan to P.C.C Road via Shardha Mahto in Ward No. 04 under Nagar parishad Gopalganj.,2026-08-22 15:00,,,no,Hard-reject: civil/electrical/administrative signal 'renovation' — not a Meril product.
208,138008,NIT NO-14/2026-27/GR-18,Urban Development and Housing Department,Construction of P.C.C Road cum Brick work Drain from house of Dileep Singh to house of Priyanka Devi in Ward No. 04 under Nagar parishad Gopalganj.,2026-08-22 15:00,,,no,"Tender is for construction of a road and brick work drain, which is unrelated to medical or diagnostic products."
209,138021,NIT NO-14/2026-27/GR-23,Urban Development and Housing Department,Dismantling of old drain and construction of new RCC Drain and Paver Block from House of Lala Babu to Nahar in Ward No. 08 under Nagar parishad Gopalganj.,2026-08-22 15:00,,,no,"Tender concerns civil drainage and construction work, not medical or diagnostic products."
210,138017,NIT NO-14/2026-27/GR-22,Urban Development and Housing Department,Construction of  PCC Road from House of Radharaman Singh to PCC Road in Ward No. 07 under Nagar parishad Gopalganj.,2026-08-22 15:00,,,no,Hard-reject: civil/electrical/administrative signal 'pcc road' — not a Meril product.
211,138010,NIT NO-14/2026-27/GR-19,Urban Development and Housing Department,Construction of Paver Block Road from Sadhu Chowk to Hanuman Gadhi in Ward No. 05 under Nagar parishad Gopalganj.,2026-08-22 15:00,,,no,"The tender is for road construction, unrelated to medical or diagnostic products."
212,138012,NIT NO-14/2026-27/GR-20,Urban Development and Housing Department,Dismantling of old brick drain and PCC Road and Construction of new RCC Drain and PCC Road from House of Shakti Babu to Aaganbadi Kendta-145 in Ward No. 05 under Nagar parishad Gopalganj.,2026-08-22 15:00,,,no,Hard-reject: civil/electrical/administrative signal 'pcc road' — not a Meril product.
213,138013,NIT NO-14/2026-27/GR-21,Urban Development and Housing Department,Renovation of drain and  Construction of  PCC Road from House of Rameshwar Singh to Arvindra Pratap via santosh yadav  in Ward No. 06 under Nagar parishad Gopalganj.,2026-08-22 15:00,,,no,Hard-reject: civil/electrical/administrative signal 'pcc road' — not a Meril product.
214,138025,NIT NO-14/2026-27/GR-24,Urban Development and Housing Department,Construction of new RCC Drain and PCC Road from house of Prem aarya to Main PCC.2. vinod ray to house of Kundan Singh 03. house of Dinesh Prasad to house of Balram Soni Road in Ward No. 21 under Nagar parishad Gopalganj.,2026-08-22 15:00,,,no,Hard-reject: civil/electrical/administrative signal 'pcc road' — not a Meril product.
215,138033,NIT NO-14/2026-27/GR-25,Urban Development and Housing Department,Construction of  PCC Road from house of Bablu Prasad to house of  baidyanath rawat via house of sudama rawat in Ward No. 08 under Nagar parishad Gopalganj.,2026-08-22 15:00,,,no,Hard-reject: civil/electrical/administrative signal 'pcc road' — not a Meril product.
216,138038,NIT NO-14/2026-27/GR-26,Urban Development and Housing Department,Construction of PCC and Soling work from PCC Road to House of Asharfi Prasad in Ward No. 08 under Nagar parishad Gopalganj.,2026-08-22 15:00,,,no,Hard-reject: civil/electrical/administrative signal 'pcc road' — not a Meril product.
217,138041,NIT NO-14/2026-27/GR-27,Urban Development and Housing Department,Construction of R.C.C Drain from Government School to Bathan of Mohan Singh in Ward No. 09 under Nagar parishad Gopalganj.,2026-08-22 15:00,,,no,"The tender is for construction of an RCC drain, which is civil infrastructure unrelated to medical or diagnostic products."
218,137073,NIT No-02/2026-27 (Group - 1,Bihar Urban Infrastructure Development Corporation Ltd.,"Construction of RCC drain and PCC Road from pukar yadav house to singh Bas mandir via indradev yadav house in ward no 5 under Nagar parishad Suryaghara, Lakhisarai",2026-08-22 15:30,,,no,Hard-reject: civil/electrical/administrative signal 'pcc road' — not a Meril product.
219,137074,NIT No-02/2026-27 (Group - 3,Bihar Urban Infrastructure Development Corporation Ltd.,Construction of Drain and Road at Aanand Venket Hall to Chandrashekhar Kumar House via Sanjay Sinha house in ward no 21 under nagar parishad Lakhisarai,2026-08-22 15:30,,,no,"Tender is for civil construction of a drain and road, unrelated to medical or diagnostic products."
220,137075,NIT No-02/2026-27 (Group - 2,Bihar Urban Infrastructure Development Corporation Ltd.,Construction of drain and Road at prakash chaudhry house to shree ram central school via Baba bhawan in ward no 6 and 8 under Nagar parishad Lakhisarai,2026-08-22 15:30,,,no,"The tender is for construction of a drain and road, which is unrelated to medical or diagnostic products."
221,137097,NIT No: 06/PR/BSPGCL/2026,Bihar State Power Generation Company Limited,"For Selection of Agency for Design, Development, Deployment, Integration and 5-Year Operation & Maintenance of the BIHAR STATE SOLAR ENERGY DATA MANAGEMENT (SEDM) PORTAL for connectivity with Remote Monitoring Systems (RMS) of Feeder Level Solarisation and other Solar Plants under PM-KUSUM Scheme (Component C) and Integration with the MNRE National Level SEDM Portal.",2026-08-22 16:00,,,no,"The tender concerns a solar energy data management portal, unrelated to medical or diagnostic products."
222,136820,NIT- 582 Dated 08.07.2026,Bihar State Food and Civil Supplies Corporation Limited,NOTICE INVITING TENDER FOR SELECTION AND EMPANELMENT OF CONTRACTORS FOR DOOR STEP DELIVERY TRANSPORTATION OF FOOD GRAINS AT JEHANABAD DISTRICT.,2026-08-22 17:00,,,no,"The tender concerns door‑step delivery of food grains, unrelated to medical, surgical, or diagnostic products."
223,137966,756,Bihar State Text Book Publishing Corporation Limited,"REQUEST FOR PROPOSAL (RFP) FOR PRINTING AND SUPPLY OF ANSWER BOOKLETS, MULYANKAN PANJIS, AND PARINAM PATRAKS, WITH DELIVERY TO ALL 38 DISTRICT HEADQUARTERS OF BIHAR",2026-08-24 13:00,,,no,"The tender is for printing and supplying answer booklets and forms, unrelated to medical or diagnostic products."
224,137967,NIT-15/2026-27/GR234,Urban Development and Housing Department,"Construction of PCC road and RCC drain with cover slab from Kamlesh Choudhary h/o to Umesh Saw in Ward No. 48 under Nagar Nigam, Gayaji",2026-08-24 15:00,,,no,Hard-reject: civil/electrical/administrative signal 'pcc road' — not a Meril product.
225,137968,NIT-15/2026-27/GR236,Urban Development and Housing Department,construction under Ward No. 48 from Head Manpur Joda Masjid Ganesh Bhawan to Shiv Temple Main Road. Gaya ji,2026-08-24 15:00,,,no,"The tender describes a civil construction project, unrelated to medical or diagnostic products."
226,137969,NIT-15/2026-27/GR237,Urban Development and Housing Department,"Construction of a drain and PCC road in Ward No. 48 from the house of Girani Prasad at Surya Pokhara to the house of Dinesh Prasad, and from the house of Rajesh Prasad to the house of Hari Om Patwa. Gaya ji",2026-08-24 15:00,,,no,Hard-reject: civil/electrical/administrative signal 'pcc road' — not a Meril product.
227,137970,NIT-15/2026-27/GR238,Urban Development and Housing Department,Construction of a PCC road from the house of MD. Seraj to the house of Guddu under Ward No. 48. Gaya ji,2026-08-24 15:00,,,no,Hard-reject: civil/electrical/administrative signal 'pcc road' — not a Meril product.
228,137971,NIT-15/2026-27/GR241,Urban Development and Housing Department,Construction P.C.C. road in Ward No. 49 from the house of Prem Prakash Patwa in Tantitola to Nimtar Temple via the houses of Hira Saw and Gulab Tanti. Gaya ji,2026-08-24 15:00,,,no,"The description is for a road construction project, unrelated to medical or diagnostic products."
229,137973,NIT-15/2026-27/GR242,Urban Development and Housing Department,"Construction of drain and PCC road in the link lane of Manpur Pehani Bakraur Gali under Ward No. 49, from the house of Duleshwar Prasad through Ram Babu and Moti Choru to the house of Rajendra Saw. Gaya ji",2026-08-24 15:00,,,no,Hard-reject: civil/electrical/administrative signal 'pcc road' — not a Meril product.
230,137974,NIT-15/2026-27/GR243,Urban Development and Housing Department,"Construction PCC road under Ward No. 49, from Varun Tola through Umesh Patwa's house to Faldhari Babu's house, via Akash Ji's house to Dilip Prasad's house, and in Manpur Pehani Old Madrasa, from Ajay Chaudhary's house through Dhobi Ji's house to Prem Salman Khan's shop. Gaya ji",2026-08-24 15:00,,,no,Hard-reject: civil/electrical/administrative signal 'pcc road' — not a Meril product.
232,137976,NIT-15/2026-27/GR245,Urban Development and Housing Department,Construction Drain and PCC road from Hussaini Masjid to Sarfaraz Ji's house and from Reshma Khatoon’s house via Sadiq Ji to Nawsad Ji's house. Gaya ji,2026-08-24 15:00,,,no,Hard-reject: civil/electrical/administrative signal 'pcc road' — not a Meril product.
233,137936,NIT-15/2026-27/GR175,Urban Development and Housing Department,"Construction of a drain and road from Basant Prasad's house to Kishori Prasad's house near Dighhi Pond, Motisen Garden, under Ward No.-37 GMC Gaya ji",2026-08-24 15:00,,,no,"The tender is for civil construction of a drain and road, unrelated to medical or diagnostic products."
234,137960,NIT-15/2026-27/GR197,Urban Development and Housing Department,"(1) Ward No. 42, in Tilha Dharamshala locality, Azad Bhawan Lane, from Dilip Soni's house to Azad Bhawan and from Azad Bhawan to Bharat Mistri 
(2) Tilha Dharamshala locality, western lane, from Bhola Saw's house to Sanjay Rajak's (Main Road) house 
(3) From Chandan Ji's house to Muskan Beauty Parlour, Manoj Ji's lane and Sumit Ji's lane, construction of PCC road and RCC drain. Gaya ji",2026-08-24 15:00,,,no,Hard-reject: civil/electrical/administrative signal 'pcc road' — not a Meril product.
235,137961,NIT-15/2026-27/GR198,Urban Development and Housing Department,"Construction Road and RCC drain under Ward No. 42, from Yudhishthir Pandey's house through Akhilesh Ji's house to Chaurasia Ji's house in Mayadham Colony. Gaya ji",2026-08-24 15:00,,,no,"The tender describes construction of a road and RCC drain, which is unrelated to medical, surgical, or diagnostic products."
236,137962,NIT-15/2026-27/GR199,Urban Development and Housing Department,"(1) Drain construction from Pappu Sinha's house to Harinandan Prasad's house in Mohalla Chand Chaura under Ward No. 42 (2) Road and RCC drain construction from Shashi Prasad's house to Jitendra Singh's house, Sevadal Road, Champat Gali. Gaya ji",2026-08-24 15:00,,,no,"The tender is for civil drain and road construction work, which is unrelated to Meril's surgical or diagnostic product lines."
237,137963,NIT-15/2026-27/GR200,Urban Development and Housing Department,"Ward No. 42: (1) Drain and road from the house of Pramod Kumar to Tinku Rajak, in Tilha Dharamshala West in Badri Babu Gali; (2) drain construction from the house of Shivpujan Ji to the house of Ranjit Sinha Ji in Hari Pandey Lane locality Undar GMC Gaya ji.",2026-08-24 15:00,,,no,"The tender concerns civil drainage and road construction, which are unrelated to Meril's surgical or diagnostic products."
238,137965,NIT-15/2026-27/GR201,Urban Development and Housing Department,"Ward No. 42, (1) localities of Nauvagarhi and Maulanganj, construction of a road and RCC drain from Kanhaiya Prasad's house, via the houses of Late Sarju Singh and Satish Kumar Keshari, up to the main road (2) In Maulanganj, construction of a road and RCC drain from Arun Sharma's house to Sanjay Barnwal's house Undar GMC Gaya ji.",2026-08-24 15:00,,,no,"The tender describes road and RCC drain construction, which is unrelated to medical, surgical, or diagnostic products."
239,138042,NIT-15/2026-27/GR261,Urban Development and Housing Department,Construction of PCC Road & RCC Drain From H/O-Manoj Sinha to H/O-Kaushal Pandey Under G.M.C. Ward No-52 at Gaya Ji.,2026-08-24 15:00,,,no,Hard-reject: civil/electrical/administrative signal 'pcc road' — not a Meril product.
240,138034,NIT-15/2026-27/GR256,Urban Development and Housing Department,"Construction of RCC drain of PCC Road from H/O dinseh prasad to H/O shankar  babu via H/O kadar tati, Dharmendra Prasad and faudhari kewani in Mohalla- sudhi Tola Road no- 2 ward no. 51 under GMC Gayaji",2026-08-24 15:00,,,no,Hard-reject: civil/electrical/administrative signal 'pcc road' — not a Meril product.
241,138035,NIT-15/2026-27/GR257,Urban Development and Housing Department,Construction of RCC drain and Renovation of PCC Road from H/O bhuuuutani Tali to green Medicale store via H/O Sri Ganesh Prasad and Tali Tola dharmendra in Moh-Tali Tola ward no. 51 under GMC Gaya ji,2026-08-24 15:00,,,no,Hard-reject: civil/electrical/administrative signal 'pcc road' — not a Meril product.
242,138036,NIT-15/2026-27/GR258,Urban Development and Housing Department,Construction of  Remaning PCC Road From H/O-Dr. Ranjit to H/O-Binod Bharti   Under G.M.C. Ward No-52 at Gaya Ji.,2026-08-24 15:00,,,no,Hard-reject: civil/electrical/administrative signal 'pcc road' — not a Meril product.
243,138037,NIT-15/2026-27/GR259,Urban Development and Housing Department,Construction of PCC road and RCC drain with cover slab from Durgapuri Colony Dhirendra Ji Birju House to Krishna Ji house Under G.M.C. Ward No-52 at Gaya Ji.,2026-08-24 15:00,,,no,Hard-reject: civil/electrical/administrative signal 'pcc road' — not a Meril product.
244,138026,NIT-15/2026-27/GR250,Urban Development and Housing Department,Construction of a drain and PCC road from Laxmi Saw's house to Ashok Singh's house under Ward No. 50. Gaya ji,2026-08-24 15:00,,,no,Hard-reject: civil/electrical/administrative signal 'pcc road' — not a Meril product.
245,138027,NIT-15/2026-27/GR251,Urban Development and Housing Department,Construction of a PCC road from Upendra Sharma's house to Kishore Sir's house under Ward No. 50. Gaya ji,2026-08-24 15:00,,,no,Hard-reject: civil/electrical/administrative signal 'pcc road' — not a Meril product.
246,138028,NIT-15/2026-27/GR252,Urban Development and Housing Department,Construction of a PCC road from Ravidas Ji's house to Birendra Singh's house under Ward No. 50. Gayaji,2026-08-24 15:00,,,no,Hard-reject: civil/electrical/administrative signal 'pcc road' — not a Meril product.
247,138029,NIT-15/2026-27/GR253,Urban Development and Housing Department,"Construction of a PCC road from Manpur Khizarsarai Mian Road to Prem Shankar,s house under Ward No. 50. Gayaji",2026-08-24 15:00,,,no,Hard-reject: civil/electrical/administrative signal 'pcc road' — not a Meril product.
248,138030,NIT-19/2026-27/01,Bihar State Educational Infrastructure Development Corporation Limited,Request for Proposal (RFP) for Providing Services of Office Boy at BSEIDC Office,2026-08-24 15:00,,,no,"The tender is for office boy services, unrelated to medical or diagnostic products."
249,138031,NIT-15/2026-27/GR254,Urban Development and Housing Department,Construction of PCC Road From H/O-Birendra Singh to H/O-Manoj Kumar and H/O-Dilip Singh Yogendra House Under G.M.C. Ward No-52 at Gaya Ji.,2026-08-24 15:00,,,no,Hard-reject: civil/electrical/administrative signal 'pcc road' — not a Meril product.
250,138032,NIT-15/2026-27/GR255,Urban Development and Housing Department,Construction of PCC Road & RCC Drain From H/O-Surendra Prasad to H/O-Yogendra Singh Under G.M.C. Ward No-50 at Gaya Ji.,2026-08-24 15:00,,,no,Hard-reject: civil/electrical/administrative signal 'pcc road' — not a Meril product.
251,138018,NIT-15/2026-27/GR246,Urban Development and Housing Department,Construction of RCC Drain From Masjid to H/O-Habbu Miyan to H/O-Chaudhary Ji via H/O-Jeet Narayan Ji Under G.M.C. Ward No-49 at Gaya Ji.,2026-08-24 15:00,,,no,"The tender is for construction of a reinforced cement concrete drain, which is civil infrastructure, not medical or diagnostic equipment."
252,138019,NIT-15/2026-27/GR247,Urban Development and Housing Department,Construction of a drain and PCC road from Devendra Saw's house to Shailesh Kumar's house and from Bachchu Pandey's house to Thakur Bari under Ward No. 50. Gaya ji,2026-08-24 15:00,,,no,Hard-reject: civil/electrical/administrative signal 'pcc road' — not a Meril product.
253,138023,NIT-15/2026-27/GR248,Urban Development and Housing Department,Construction of a drain and PCC road from the house of Ram Khelawan Sah to the house of Mahendra Singh under Ward No. 50. Gaya ji,2026-08-24 15:00,,,no,Hard-reject: civil/electrical/administrative signal 'pcc road' — not a Meril product.
254,138024,NIT-15/2026-27/GR249,Urban Development and Housing Department,Construction of a drain and PCC road from Yugal Yadav's house to Birendra's house under Ward No. 50. Gaya ji,2026-08-24 15:00,,,no,Hard-reject: civil/electrical/administrative signal 'pcc road' — not a Meril product.
255,137904,"NIT 01 SBD/2026-27/TCD MOTIPUR,CAMP-MUZAFFARP /GR1",Water Resources Department,CONSTRUCTION OF ESCAPE CHANNEL AT RD 839.00 OF TMC UNDER EASTERN GANDAK CANAL SYSTEM (GANDAK PHASE-II),2026-08-24 15:00,,,no,Hard-reject: civil/electrical/administrative signal 'canal' — not a Meril product.
256,137881,NIT-15/2026-27/GR233,Urban Development and Housing Department,Construction of PCC Road & RCC Drain From H/O-Md. Fahim Mistri to H/O-Md Reyaz  Under G.M.C. Ward No-48 at Gaya Ji.,2026-08-24 15:00,,,no,Hard-reject: civil/electrical/administrative signal 'pcc road' — not a Meril product.
257,137882,NIT-15/2026-27/GR235,Urban Development and Housing Department,Construction of PCC Road & RCC Drain From Manpur Pathan Toli to H/O-Shahid Master to H/O-Jamshed Under G.M.C. Ward No-48 at Gaya Ji.,2026-08-24 15:00,,,no,Hard-reject: civil/electrical/administrative signal 'pcc road' — not a Meril product.
258,137883,NIT-15/2026-27/GR239,Urban Development and Housing Department,Construction of PCC Road & RCC Drain From H/O-Sanjay Patwa to H/O-Arjun Saw Under G.M.C. Ward No-48 at Gaya Ji.,2026-08-24 15:00,,,no,Hard-reject: civil/electrical/administrative signal 'pcc road' — not a Meril product.
259,137855,NIT-15/2026-27/GR226,Urban Development and Housing Department,Construction of RCC Drain From H/O-Salej Mistri to H/O-Saryu Das in Moh-Bheem Nagar in Ward No-47 Under G.M.C. Gaya Ji.,2026-08-24 15:00,,,no,"The tender is for construction of an RCC drain, a civil infrastructure project unrelated to medical or diagnostic products."
260,137939,NIT-15/2026-27/GR176,Urban Development and Housing Department,"Construction of  road from the Devi Sthan temple near  Dighhi Pond, Jogiya Bagicha   to Shambhu Patra's house, and a covered RCC drain and road from Lakshmi Mistri's house to Murari Ji's house in Ward 37 Undar GMC Gayaji",2026-08-24 15:00,,,no,"The tender is for road and drain construction, unrelated to medical or diagnostic products."
262,137931,NIT-15/2026-27/GR173,Urban Development and Housing Department,"Ward No.-37 Near Dighhi Pond, in Motisen Garden, construction of a covered RCC drain and road from Gopal Yadav's house to Gautam Buddha School under GMC Gaya ji",2026-08-24 15:00,,,no,"The tender is for construction of a covered RCC drain and road, which is unrelated to medical, surgical, or diagnostic products."
263,137941,NIT-15/2026-27/GR177,Urban Development and Housing Department,"(1)Under Ward No.-38, in Nadaraganj locality, Chhoti Daha Gali, construction work of a RCC drain and road from Dr. Nanhu's house through Sonu Ansari's house up to Haider Ansari's house 
(2)Under Ward No.-38, in Nadaraganj locality, Badi Daha Gali, construction work of a RCC drain and road from Naushad Qureshi's house up to Mithun Qureshi's house 
(3)Under Ward No.-38, in Nadaraganj locality, Slaughter House Gali, construction work of a RCC drain from Bandhu Master's house up to China Khan's house under GMC Gaya ji",2026-08-24 15:00,,,no,"The tender describes construction of RCC drains and roads, which is unrelated to medical, surgical, or diagnostic products."
264,137942,NIT-15/2026-27/GR178,Urban Development and Housing Department,"Construction of P.C.C. Road and R.C.C. Drain from H/O Subham to H/O Deepak ji via Sato Gupta ,Mohalla Nadraganj Dhobi Gali (2) Construction of P.C.C. Road and R.C.C. drain from H/O Prahalad Rajak to H/O Kapil Rajak in Ward -38 under GMC  Gaya ji",2026-08-24 15:00,,,no,"The tender concerns construction of roads and drains, which is unrelated to Meril's surgical or diagnostic products."
265,137943,NIT-15/2026-27/GR179,Urban Development and Housing Department,"Construction of a PCC road and RCC drain in Ward No. 38, from Dr. Anwar Ji's house through Raju Ji's house to Bazmi Khan's house in Mohalla Nadaraganj  Gaya ji",2026-08-24 15:00,,,no,Hard-reject: civil/electrical/administrative signal 'pcc road' — not a Meril product.
266,137944,NIT-15/2026-27/GR180,Urban Development and Housing Department,"Construction of a PCC road and RCC drain in Ward No. 38, within Mohalla Nadaraganj Koeribari, from Prince Ji's house to Chhotu Ji's house Gaya ji",2026-08-24 15:00,,,no,Hard-reject: civil/electrical/administrative signal 'pcc road' — not a Meril product.
267,137945,NIT-15/2026-27/GR181,Urban Development and Housing Department,"Construction of PCC road and RCC drain In Ward No.38 from Pappu Ansari's house in the Nadraganj locality, via China Khan's house, to Mansoor Ansari's house construction of PCC road and from ChinaKhan's house to Mansoor Ansari's house, construction of RCC drain (2) From Sane Ali alias Malo's house to the biscuit factor, under GMC Gaya ji",2026-08-24 15:00,,,no,Hard-reject: civil/electrical/administrative signal 'pcc road' — not a Meril product.
268,137946,NIT-15/2026-27/GR182,Urban Development and Housing Department,"Construction of RCC drain under Ward No.-39 from Kusum Bhawan in Mohalla Bahuar Chaura through Laxmi Beauty Parlour to Krishna General Store, repair work of the Road and  GMC Gayaji",2026-08-24 15:00,,,no,"The tender describes civil construction of a drain and road repair, unrelated to medical or diagnostic products."
269,137947,NIT-15/2026-27/GR183,Urban Development and Housing Department,"Construction of a RCC drain and PCC road from Awadhesh Raut's house to Vishal Kumar's house in Badal Gali, Mohalla Nauwagadhi (2) PCC road repair work from Amitabh Sinha's house to Ramakrishna Ashram turn in the upper lane of Mohalla Brahmini Ghat Gaya ji Under Ward No.-39",2026-08-24 15:00,,,no,Hard-reject: civil/electrical/administrative signal 'pcc road' — not a Meril product.
270,137949,NIT-15/2026-27/GR184,Urban Development and Housing Department,Construction of an RCC drain and PCC road from Bablu Mahuar's house in Mohalla Nauvagarhi to Anupam Ji's house. Under Ward 39 GMC Gaya ji,2026-08-24 15:00,,,no,Hard-reject: civil/electrical/administrative signal 'pcc road' — not a Meril product.
271,137950,NIT-15/2026-27/GR185,Urban Development and Housing Department,"Road repair from Jharkhand Bhawan in Mohalla Karsilli to Deepak Kumar's house, PCC road and RCC drain from Deepak Kumar's house to Sonu Kumar's house, PCC road construction from Deepak Kumar's house to the Community Building in Ward No. 40 Under GMC Gaya ji",2026-08-24 15:00,,,no,Hard-reject: civil/electrical/administrative signal 'road construction' — not a Meril product.
272,137951,NIT-15/2026-27/GR186,Urban Development and Housing Department,"Construction of  PCC road and RCC Drain, Mohalla-Suryakund south end from Ganga Vishnu Bhawan to H/O Anil Gupta and Near +2 High School in the Gali of Bhola Grih Ashram in Ward no. 40 Under GMC Gaya ji",2026-08-24 15:00,,,no,Hard-reject: civil/electrical/administrative signal 'pcc road' — not a Meril product.
273,137952,NIT-15/2026-27/GR187,Urban Development and Housing Department,"Construction of a RCC drain and road repair work Ward No.-40, in Mohalla Updih from Dhirendra Singh's house to Jitendra Pandey's house Gaya ji",2026-08-24 15:00,,,no,The tender is for civil construction (RCC drain and road repair) and does not involve medical or diagnostic products.
274,137953,NIT-15/2026-27/GR188,Urban Development and Housing Department,"Ward No.-40, in the Upaddih locality, construction of a drain and road from Raksha Pandey's house to Sanjay Katiyar's house, from Rajendra Rajak's house to Mohan Rajak's house, from Sarman Baba's house to Rajendra Rajak's house, and from Sujit Kumar's house to Manoj Barnwal's house, and road repair work from Mohan Rajak's house to Manoj Barnwal's house Gaya ji",2026-08-24 15:00,,,no,"The tender describes construction of drains and roads, which is unrelated to medical, surgical, or diagnostic products."
275,137954,NIT-15/2026-27/GR189,Urban Development and Housing Department,Construction of  road and drain from Gajadhar Lal to Aditya Kumar under Ward No. 40. Gaya ji,2026-08-24 15:00,,,no,"The tender is for road and drain construction, which is unrelated to medical or diagnostic products."
276,137955,NIT-15/2026-27/GR190,Urban Development and Housing Department,Construction of an RCC drain and PCC road from Aditya Baba's house to the house of Late Subodh Sinha in Mohalla Karsilli under Ward No. 40. Gaya ji,2026-08-24 15:00,,,no,Hard-reject: civil/electrical/administrative signal 'pcc road' — not a Meril product.
277,137929,NIT-15/2026-27/GR172,Urban Development and Housing Department,Construction of a covered RCC drain from Oba Mai Temple to Gautam Buddha School under Ward No.-37 Gaya ji,2026-08-24 15:00,,,no,"The tender is for civil construction of a covered RCC drain, unrelated to medical or diagnostic products."
278,137885,NIT-15/2026-27/GR240,Urban Development and Housing Department,Construction of PCC Road & RCC Drain From H/O-Manpur Shivcharan Lane Murari Rao to H/O-Samar Paswan Under G.M.C. Ward No-48 at Gaya Ji.,2026-08-24 15:00,,,no,Hard-reject: civil/electrical/administrative signal 'pcc road' — not a Meril product.
279,137922,NIT-15/2026-27/GR167,Urban Development and Housing Department,Construction of a RCC cover over the big  drain from Road Dr.  Anupam to Daroga Shah's house in Jayaprakash Nagar under Ward No.-36 G.M.C.Gayaji,2026-08-24 15:00,,,no,"The tender is for civil construction of a concrete cover over a drain, unrelated to medical or diagnostic products."
280,137924,NIT-15/2026-27/GR168,Urban Development and Housing Department,"Road construction in Ward No.-36, from Dr. Anupam to Raju Singh's house on Jayaprakash Nagar Main Road Gaya ji",2026-08-24 15:00,,,no,Hard-reject: civil/electrical/administrative signal 'road construction' — not a Meril product.
281,137925,NIT-15/2026-27/GR169,Urban Development and Housing Department,"Construction of Road and drain from Khatri Ji's house to the main road drain, road and drain from Captain Saheb's house to the main road drain, construction of a covered RCC drain from Daroga Shah's house to Raju Singh's house Ward No.-36 Jayaprakash Nagar, Gaya ji",2026-08-24 15:00,,,no,"The tender describes civil construction of roads and drains, which is unrelated to Meril's surgical or diagnostic products."
282,137926,NIT-15/2026-27/GR170,Urban Development and Housing Department,"Ward No.-36, Jayaprakash Nagar Road No.-3, (1) Drain from Gaurav Sinha's house to the boundary of Harishchandra Vidyalaya (2) Covered RCC drain construction from Priyadarshini Bhawan to Chhotu Yadav's boundary, up to the main road drain Gaya ji",2026-08-24 15:00,,,no,"The tender describes civil drain construction work, unrelated to medical or diagnostic products."
283,137927,NIT-15/2026-27/GR171,Urban Development and Housing Department,"Ward No.-36 under (1) construction of PCC road and RCC drain from the house of Nagendra Dhani Prasad Ji at Geval Bigha Shiv Temple, via the house of Late Arun Sinha Ji, up to the house of Bablu Ji.(2) road repair work from Main Road at Gewal Bigha Baulipar to Divyanshi Enterprises",2026-08-24 15:00,,,no,Hard-reject: civil/electrical/administrative signal 'pcc road' — not a Meril product.
284,137915,NIT-15/2026-27/GR162,Urban Development and Housing Department,Construction of PCC  road and RCC drain from Ainul's house to Kaleem Saheb's market under Ward No. 35. Gaya ji,2026-08-24 15:00,,,no,"The tender is for road and drain construction, unrelated to medical or diagnostic products."
285,137916,NIT-15/2026-27/GR163,Urban Development and Housing Department,Construction of a PCC road from Bichli Masjid  to the house of Mobin Agarbatti and  RCC drain from the house of Mobin Agarbatti to the house of Naresh Prajapat under Ward No. 35 Gaya ji,2026-08-24 15:00,,,no,Hard-reject: civil/electrical/administrative signal 'pcc road' — not a Meril product.
286,137917,NIT-15/2026-27/GR164,Urban Development and Housing Department,Construction of the PCC road from Mojahir Painter's shop to Mazhar Principal's house  and construction work of RCC drain from Mo. Siraj's house to the pain Nala in Ward No. 35 under G.M.C.Gayaji,2026-08-24 15:00,,,no,Hard-reject: civil/electrical/administrative signal 'pcc road' — not a Meril product.
287,137918,NIT-15/2026-27/GR165,Urban Development and Housing Department,Construction of a PCC road and RCC drain from Dr. Hamid Hussain's house via Md. Naseem's house  to Bartar ground under Ward No. 35 Gaya ji,2026-08-24 15:00,,,no,Hard-reject: civil/electrical/administrative signal 'pcc road' — not a Meril product.
288,137912,NIT-15/2026-27/GR160,Urban Development and Housing Department,"Construction of PCC road  from Prince Manzil to Hafiz Jilani's house  and RCC drain from Prince Manzil Corner to Md. Manan's house under Nagar Nigam, Gaya ji.Ward-35",2026-08-24 15:00,,,no,Hard-reject: civil/electrical/administrative signal 'pcc road' — not a Meril product.
289,137913,NIT-15/2026-27/GR161,Urban Development and Housing Department,"Construction of  PCC road and RCC drain at  Mohalla Bartar Gali, from H/O Maula Baksh to H/O Principal Mazhar via H/O Akhtar Master in Ward No. 35 G.M.C.Gayaji house of Principal Mazhar. Gaya ji",2026-08-24 15:00,,,no,Hard-reject: civil/electrical/administrative signal 'pcc road' — not a Meril product.
290,137920,NIT-15/2026-27/GR166,Urban Development and Housing Department,"Construction work of (1) PCC road and RCC drain from the house of Md. Afroz in Pasi Tola through Vikas's house to Rupali's house, and (2)  PCC road and RCC drain from Devanti Chaudhary's house to Mukur Chaudhary's house, under Ward No. 35. Gaya ji",2026-08-24 15:00,,,no,Hard-reject: civil/electrical/administrative signal 'pcc road' — not a Meril product.
292,137788,NIT-15/2026-27/GR152,Urban Development and Housing Department,Construction of RCC drain from H/O bablu Vishwkarma to H/O sunil vishwakarma and H/O Mithlesh yadav to H/O Arjun goswami in ward no. 34 under G.M.C Gayaji,2026-08-24 15:00,,,no,"The tender is for construction of an RCC drain, a civil work, not a medical or diagnostic product."
293,137789,NIT-15/2026-27/GR153,Urban Development and Housing Department,Constructions of R.C.C Drain from H/o Akhilesh mistry to H/o Sri baleshwar yadav and Renuvation of P.C.C Road From H/o Akhilesh mistry to H/o Sri Manoj yadav in ward No-34 Under G.M.C. Gaya ji.,2026-08-24 15:00,,,no,"The tender concerns civil construction (R.C.C drain and P.C.C road renovation) with no medical or diagnostic context, unrelated to Meril products."
294,137790,NIT-15/2026-27/GR154,Urban Development and Housing Department,Construction of RCC drain from ajay Mehata to H/O Dinesh yadav and PCC Raod from H/O srri Bhsttscharya to H/O bhola vhakravati in Mohalla Bairagi Coloy  Ward No. 34 Gayaji,2026-08-24 15:00,,,no,"The tender describes civil construction of a drain and road, unrelated to medical or diagnostic products."
295,137791,NIT-15/2026-27/GR155,Urban Development and Housing Department,"Construction of RCC Drain From H/O-Ishear Bhagat to H/O-Ramanuj Malakar and P.C.C. Road From H/O-Rajendra Malakar to H/O-Girja Prasad Yadav in Moh-Krishna Nagar Ward No-34, Under G.M.C. Gaya Ji.",2026-08-24 15:00,,,no,"The tender is for civil construction of a drainage system and road, unrelated to medical or diagnostic products."
296,137792,NIT-15/2026-27/GR156,Urban Development and Housing Department,"Construction of R.C.C. Drain and Renovation of P.C.C. Road From H/O-Sri Mahendra Yadav to H/O-Sri Mahaveer Yadav in Mohalla-Gewal Bigha Pain par  Under G.M.C. Ward No-34, Gaya ji.",2026-08-24 15:00,,,no,Hard-reject: civil/electrical/administrative signal 'renovation' — not a Meril product.
297,137793,NIT-15/2026-27/GR157,Urban Development and Housing Department,"Construction of R.C.C. Drain and Renovation of P.C.C. Road From H/O-Mathura Raut to H/O-Sri Subodh Raut via H/O-Sri Vinay Singh in Moh-Gewal Bigha Mansha Mandir  Under G.M.C. Ward No-34, Gaya ji.",2026-08-24 15:00,,,no,Hard-reject: civil/electrical/administrative signal 'renovation' — not a Meril product.
298,137768,NIT-15/2026-27/GR141,Urban Development and Housing Department,Construction of PCC Road from H/O sri Lal Babu yadav to H/O sri suresh and H/O sri Munna yadav to H/O Sri kaku yadav in Moh- Rampur under GMC. Ward No. 31 Gayaji.,2026-08-24 15:00,,,no,Hard-reject: civil/electrical/administrative signal 'pcc road' — not a Meril product.
299,137769,NIT-15/2026-27/GR142,Urban Development and Housing Department,Construction of RCC drain from in different Lane  in mahadlit Tola rampur under GMC. Ward  no. 31 Gaya  ji.,2026-08-24 15:00,,,no,"Tender is for construction of an RCC drain, a civil infrastructure work unrelated to medical or diagnostic products."
300,137770,NIT-15/2026-27/GR143,Urban Development and Housing Department,"Construction of R.C.C. Drain From Kidzee School to Dr. Shivnarayan Babu Nursing Home more in Moh-Police Line Under G.M.C. Ward No-31, Gayaji.",2026-08-24 15:00,,,no,"Tender is for construction of an RCC drain, not for any surgical/endoscopic or diagnostic products."
301,137771,NIT-15/2026-27/GR144,Urban Development and Housing Department,"Construction of R.C.C. Drain From H/O-Shubham Das to H/O-Arjun Paswan and H/O-Dilip Ekka to H/O-Arjun Paswan in Moh-Ambedkar Nagar Under G.M.C. Ward No-31, Gayaji.",2026-08-24 15:00,,,no,"The tender is for construction of an RCC drain, which is civil infrastructure and unrelated to medical or diagnostic products."
302,137772,NIT-15/2026-27/GR145,Urban Development and Housing Department,Construction of drain from H/O A.K Ranjan to H/O sri Raghubar Dayal and H/O Rajesh Kumar and H/O Dr. Kirishna to H/o Pro. Rabindra singh to H/O Anand Sharma in mohalla& Housingboard colony ward no. 32 GMC. Gayaji,2026-08-24 15:00,,,no,"The tender describes construction of a drainage system, which is civil work unrelated to medical or diagnostic products."
303,137774,NIT-15/2026-27/GR146,Urban Development and Housing Department,"Renovation of P.C.C. Road From H/O-Dr. R.Kumar to Apollo Dental Hospital via Reinsa in Mohalla-A.P.Colony Under G.M.C. Ward No-32, Gaya Ji.",2026-08-24 15:00,,,no,Hard-reject: civil/electrical/administrative signal 'renovation' — not a Meril product.
304,137775,NIT-15/2026-27/GR147,Urban Development and Housing Department,Construction of paver Block and Reapariny of drain & drain cover from H/O Pro. C.S Ram to H./O sri chunu  sharma in moh. Bord colony in ward no. 32 GMC gayaji.,2026-08-24 15:00,,,no,"The tender concerns construction of paver blocks and drain repair, which are civil works unrelated to medical or diagnostic products."
305,137776,NIT-15/2026-27/GR148,Urban Development and Housing Department,Construction of PCC Road and Drain From H/O-Arjun Paswan to H/O-MD. Ibrar Near Piyu in Moh-Police Line Dalit Tola Under G.M.C. Ward No-33 at Gaya ji.,2026-08-24 15:00,,,no,Hard-reject: civil/electrical/administrative signal 'pcc road' — not a Meril product.
306,137777,NIT-15/2026-27/GR149,Urban Development and Housing Department,Construction of RCC drain from H/O sri pappi paswan to H/O baban singh in  mohalla gewalbigha ward no. 33  undre G.M.c Gayaji,2026-08-24 15:00,,,no,"The tender is for construction of an RCC drain, which is civil infrastructure and unrelated to medical or diagnostic products."
307,137778,NIT-15/2026-27/GR150,Urban Development and Housing Department,Constructions of Drain and renavation of P.C.C Road from H/o Sri Nagendar singh to polic line Main Road via Shiv mandir in muhalla Police line ward No-33 Under G.M.C. Gaya ji.,2026-08-24 15:00,,,no,"The tender concerns road and drainage construction, unrelated to medical or diagnostic products."
308,137755,NIT-15/2026-27/GR131,Urban Development and Housing Department,Construction of paver block and RCC. Drain from H/o late Iakshmi yadav (near shiv mandir) in H/O Ramji yadav and H/O sandadagar yadav H/O shambhu yadav in moh.Bhattbigha ward no. 30 under GMC. Gayaji,2026-08-24 15:00,,,no,"The tender describes civil construction work (paver block, RCC, drainage) unrelated to medical or diagnostic products."
309,137756,NIT-15/2026-27/GR132,Urban Development and Housing Department,Construction of RCC drain from H/O Birendra Paswan (near shiv mandir) to mliyachak Pyao old via H/O Kamal yadav and H/O isbari chndravanshi in moh. Imliyachak ward no. 30 under GMC. Gayaji.,2026-08-24 15:00,,,no,"The tender is for construction of an RCC drain, which is civil infrastructure and unrelated to medical or diagnostic products."
310,137757,NIT-15/2026-27/GR133,Urban Development and Housing Department,Constructions of P.C.C Road and drain from H/O Rakesh Engineer to  H/O Dr. Pankaj kumar in muhalla Bhattbigha Ward No-30 Under G.M.C. Gaya jee.,2026-08-24 15:00,,,no,"The tender is for construction of a road and drainage, unrelated to medical or diagnostic products."
311,137760,NIT-15/2026-27/GR134,Urban Development and Housing Department,Construction of RCC drain katari main Road to Dhanvantari   Hospital in Moh. Imaliyachak ward no. 30 under GMC. Gayaji,2026-08-24 15:00,,,no,"The tender is for construction of a road and drainage, not for medical or diagnostic products."
312,137761,NIT-15/2026-27/GR135,Urban Development and Housing Department,Construction of RCC drain from h/o Binod Kumar LIG 135 to h/o sanjeev Kumar via Hari ji LIG 145 in Moh. Shahid Bhagat Singh Colony ward no. 30 under GMC. Gayaji,2026-08-24 15:00,,,no,"The tender describes construction of an RCC drain, which is civil infrastructure, not medical or diagnostic equipment."
313,137762,NIT-15/2026-27/GR136,Urban Development and Housing Department,Construction of R.C.C. Drain From h/o-Sri Shubham Kumar Sinha to H/O-Ram Prasad Sinha in Moh-Janta Colony Ward No-30 Under G.M.C. Gayaji.,2026-08-24 15:00,,,no,"The tender is for construction of an RCC drain, which is a civil work unrelated to Meril's surgical or diagnostic products."
314,137763,NIT-15/2026-27/GR137,Urban Development and Housing Department,Construction of P.C.C. Road and R.C.C. Drain From H/O-Smt Chanchala Devi to H/O-Sri Raja Ram Prasad in Moh-Purbi Shashtri Nagar Road No-05 B Ward No-30 Under G.M.C. Gayaji.,2026-08-24 15:00,,,no,"The tender is for construction of a road and drainage, unrelated to medical or diagnostic products."
315,137764,NIT-15/2026-27/GR138,Urban Development and Housing Department,"Renuvation of P.C.C Road and Construction of Drain from H/O Shamvhu Sharan to H/O Akash Pal and H/O Harishankar yadav to H/O suresh yadav in muhalla Rampur Ward No-31 Under G.M.C, Gayaji",2026-08-24 15:00,,,no,"The tender concerns road renovation and drain construction, which are civil works unrelated to medical or diagnostic products."
316,137765,NIT-15/2026-27/GR139,Urban Development and Housing Department,Renovation of P.C.C road & Constrution of drain in different lane in muhalla Rampur in ward No-31 Under G.M.C. Gaya jee.,2026-08-24 15:00,,,no,Hard-reject: civil/electrical/administrative signal 'renovation' — not a Meril product.
317,137766,NIT-15/2026-27/GR140,Urban Development and Housing Department,Construction of  RCC drain from H/O sri Lalbabu yadav to H/O mnish Panday in mohalla Rampur under GMC. Ward no.31 Gayaji,2026-08-24 15:00,,,no,"The tender is for construction of an RCC drain, which is a civil infrastructure project unrelated to medical or diagnostic products."
318,137732,NIT-15/2026-27/GR112,Urban Development and Housing Department,Construction of P.C.C. Road & Drain From H/O-Md Israful Bhai to H/O-Md Sikandar Bhai and H/O-Pro Sar Alam to H/O-Pro Sarfraz Khan via H/O-T.T. Sahab in Moh-Aliganj Ward No-27 Under G.M.C. Gayaji.,2026-08-24 15:00,,,no,"The tender is for road and drain construction, unrelated to medical or diagnostic products."
319,137733,NIT-15/2026-27/GR113,Urban Development and Housing Department,Construction of Paver Block Path From H/O-Ajay Prajapat to main Road Katari Ward No-28 Under G.M.C. Gaya Ji.,2026-08-24 15:00,,,no,"The tender is for construction of a paver block path, unrelated to medical or diagnostic products."
320,137734,NIT-15/2026-27/GR114,Urban Development and Housing Department,Construction of Drain From H/O-Vijay Yadav to Kali Yadav in Moh-Gajadhar Bigha Under G.M.C. Gaya Ji.,2026-08-24 15:00,,,no,"The tender is for civil construction of a drain, unrelated to medical or diagnostic products."
322,137736,NIT-15/2026-27/GR116,Urban Development and Housing Department,Constructions of drain and Paver Block Road from H/o Mahendra Manjhi to Daskram Asthan via H/o Milendpuri  in Muhalla Bangali Bigha ward No-28 Under G.M.C. Gaya jee.,2026-08-24 15:00,,,no,"The tender is for construction of a drain and road, which is unrelated to medical, surgical, or diagnostic products."
323,137737,NIT-15/2026-27/GR117,Urban Development and Housing Department,"Construction of Drain and Paver Block Path from H/O-Sri Bhola Ravidas to H/O-Vakil Sahab in Moh-Chamartoli Katari Under G.M.C. Ward No-28, Gaya ji.",2026-08-24 15:00,,,no,"The tender is for civil construction of a drain and paver block path, unrelated to medical or diagnostic products."
324,137746,NIT-15/2026-27/GR124,Urban Development and Housing Department,Construction of PCC road & RCC drain from H/O ajay yadav to H/O mukesh yadav in moh. Mokhiya loesy Road no. 2 ward 29 un der GMC Gayaji.,2026-08-24 15:00,,,no,Hard-reject: civil/electrical/administrative signal 'pcc road' — not a Meril product.
325,137747,NIT-15/2026-27/GR125,Urban Development and Housing Department,Construction of PCC. Path from H/O sri Bhagirath yada v to main road and H/O sri shoan yadav to main road in moh. Chandauti under GMC. Ward no. 29 Gayaji.,2026-08-24 15:00,,,no,"The tender is for construction of concrete roads, unrelated to medical or diagnostic products."
326,137748,NIT-15/2026-27/GR126,Urban Development and Housing Department,Construction of PCC Road & RCC Drain in Different Lane in Ravidas Tola Under Ward No. 29 G.M.C. Gaya Ji.,2026-08-24 15:00,,,no,Hard-reject: civil/electrical/administrative signal 'pcc road' — not a Meril product.
327,137749,NIT-15/2026-27/GR127,Urban Development and Housing Department,Construction of PCC. Road from H/O Balesh Vishu Singh to Gautam Nagar main Road via H/O Suresh yadav in Moh. Chandauti under GMC. Ward no. 29 Gaya ji.,2026-08-24 15:00,,,no,"The tender is for road construction, which is unrelated to Meril's surgical or diagnostic products."
328,137750,NIT-15/2026-27/GR128,Urban Development and Housing Department,Construction of drain and paver Block from h/O Moti to samudayik Bhawan and H/O sadhu Manjhi to H/O sanjivan Manjhi in Moh- Vinoba Nagar under GMC. 29  Gayaji.,2026-08-24 15:00,,,no,"The tender is for construction of drain and paver blocks, which is unrelated to Meril's surgical or diagnostic products."
329,137751,NIT-15/2026-27/GR129,Urban Development and Housing Department,"Construction of P.C.C. Road From H/O-Smt Nutan Singh to New Transformer in Mohalla-Gautam Nagar, Chandauti Ward No-29 Under G.M.C. Gayaji.",2026-08-24 15:00,,,no,"The tender is for road construction, unrelated to medical or diagnostic products."
330,137752,NIT-15/2026-27/GR130,Urban Development and Housing Department,Construction of PCC. Road and drain from H/O sri ram vilash Manjhi to H/O sri manjhi in mohalla kaler colony ward no.29 Gayaji,2026-08-24 15:00,,,no,"The tender is for road and drain construction, unrelated to medical or diagnostic products."
331,137739,NIT-15/2026-27/GR118,Urban Development and Housing Department,Construction of paver Block path from Gajadgar Bigha main Road to devi Asthan in Moh. Gajadhar Bigha under GMC. Ward No. 28 Gaya ji.,2026-08-24 15:00,,,no,"The tender is for construction of a paver block path, which is a civil infrastructure project unrelated to medical or diagnostic products."
332,137740,NIT-15/2026-27/GR119,Urban Development and Housing Department,Construction of drain Md. Aad to Md. Abdulla in Moh. Islamganj under GMC. Ward no. 28 Gayaji.,2026-08-24 15:00,,,no,"The tender is for construction of a drain, which is unrelated to medical or diagnostic products."
333,137741,NIT-15/2026-27/GR120,Urban Development and Housing Department,Construction of paver Block path devi Mandir Kata ri and masid in Moh. Katari around masjiz and from H/O Nitish patel to Kishori chaudhary and from bangali Bigha main Road to H/O munni yadav under GMC. Ward no. 28 Gayaji.,2026-08-24 15:00,,,no,"The tender concerns construction of paver block paths and civil works, unrelated to medical or diagnostic products."
334,137742,NIT-15/2026-27/GR121,Urban Development and Housing Department,Construction of PCC path from Katari main Road to Md. Jamal in Moh. Katari ward no. 28 under GMC Gayaji.,2026-08-24 15:00,,,no,"The tender describes construction of a PCC path, which is a civil infrastructure project unrelated to medical or diagnostic products."
335,137743,NIT-15/2026-27/GR122,Urban Development and Housing Department,"Construction of PCC. Path and drain from H/O sri shivanandan yadav to H/O Gopal Sharma via niraj ji and H/O Uday prasad Gupta in Moh-Gandhi  Nagar colony road no,03 under GMC. Ward no. 28 Gayaji.",2026-08-24 15:00,,,no,"The tender describes civil construction of a path and drain, unrelated to medical or diagnostic products."
336,137744,NIT-15/2026-27/GR123,Urban Development and Housing Department,Construction of paver Block path from katari devi Asthan to H/O sri satyanarayan Thakur in Moh. Katari devi asthan GMC. Ward no 28 Gayaji.,2026-08-24 15:00,,,no,"The tender is for construction of a paver block path, a civil infrastructure project unrelated to medical or diagnostic products."
337,137720,NIT-15/2026-27/GR101,Urban Development and Housing Department,Construction of PCC. Road & RCC. Drain from Ram Bhawan in Swarajpuri Road to A.P.I Hospital under GMC. Ward no. 24 Gayaji,2026-08-24 15:00,,,no,"The tender is for construction of road, RCC and drainage works, not for medical or diagnostic products."
338,137721,NIT-15/2026-27/GR102,Urban Development and Housing Department,Construction of RCC. Drain and repair of PCC. Road from H/O chand Baniya to H/O arjun Prajapati via H/o Naem Halwai at Moh. Maroofganj under GMC. Ward no. 24 Gayaji.,2026-08-24 15:00,,,no,"The tender describes civil construction work (RCC, road, drainage) with no medical or diagnostic context."
339,137722,NIT-15/2026-27/GR103,Urban Development and Housing Department,"Construction of R.C.C. Drain and P.C.C. Road From H/O-Sayara Tailor to Primary School in Gali No-02 and Road No-02 and Other Lane at Moh-Old Karimganj Under G.M.C. Ward No-25, Gayaji.",2026-08-24 15:00,,,no,"The tender is for construction of roads and drainage, unrelated to medical or diagnostic products."
340,137723,NIT-15/2026-27/GR104,Urban Development and Housing Department,Construction of Improvement of PCC. Road from H/O wazir Alam to H/O Md. Shalkil in galino 07 and from H/O said kha to H/O Md. Faahimuddin in gali no. 08 at moh- Karimganj Road no under GMC,2026-08-24 15:00,,,no,"The tender concerns road construction and improvement, which is unrelated to medical, surgical, or diagnostic products."
341,137724,NIT-15/2026-27/GR105,Urban Development and Housing Department,Construction of RCC. Drain from Transformer to Raiway Line in gali no.05 and from H/O Raja Tailor to Railway Line in gali no. 09 oyher at Karimganj Road NO. 01 under GMC. Ward No. 09 othre ane atr at Karimganj Rod no 01 under GMC. Ward no. 25 Gyaji.,2026-08-24 15:00,,,no,"The description pertains to civil construction (RCC, drainage, transformer) with no medical or diagnostic context."
342,137725,NIT-15/2026-27/GR106,Urban Development and Housing Department,Construction of RCC. Drain PCC. Road from Gaya High School (North East Corner) to H/O-Md. Shakil and Other Lane at Moh. New Karimganj  Road No. under GNC. Ward no. 26 Gayaji.,2026-08-24 15:00,,,no,"The tender describes civil construction work (RCC, road, drain) with no medical or diagnostic context."
343,137726,NIT-15/2026-27/GR107,Urban Development and Housing Department,"Construction of P.C.C. Road and R.C.C. Drain From H/O-Md Hussain Sahab to H/O-Md. Nasir Sahab via H/O-Md. Rangu and Other Lane at Moh-New Karimganj Road No-02 Under G.M.C. Ward No-26, Gayaji.",2026-08-24 15:00,,,no,"The tender is for construction of a road and drainage, which is unrelated to Meril's surgical or diagnostic products."
344,137727,NIT-15/2026-27/GR108,Urban Development and Housing Department,Construction of PCC Road & RCC Drain From H/O-Permeshwar Sao to H/O-Ajay Mahto via Mahashiv in Moh-Dhaniya Bagicha in Under G.M.C. Ward No-27 Gaya Ji.,2026-08-24 15:00,,,no,Hard-reject: civil/electrical/administrative signal 'pcc road' — not a Meril product.
345,137728,NIT-15/2026-27/GR109,Urban Development and Housing Department,Construction of PCC road &RCC drain h/O M.D Kaliu Bhaito H/O Mamtaj Baniya via Miilitray shab in Moh. Aliganj Road NO. 24 ward no. 27 under GMC Gaya ji,2026-08-24 15:00,,,no,Hard-reject: civil/electrical/administrative signal 'pcc road' — not a Meril product.
346,137729,NIT-15/2026-27/GR110,Urban Development and Housing Department,Construction of RCC. From H/O md. Professar wasim to Md. Khurshid (E.x. D.M) in aliganj Ward no. 27 under GMC. Gayaji.,2026-08-24 15:00,,,no,"The tender is for construction of reinforced cement concrete for a hospital ward, which is a civil work unrelated to Meril's surgical or diagnostic products."
347,137730,NIT-15/2026-27/GR111,Urban Development and Housing Department,Construction of PCC. Road & drin from H/O Dinesh yadav to Ambika yadAV AND h/o SRI  Sindeshwar to H/O Nagendra yadav in Moh.Delha Kalyanpur ward no 27 under GMC Gayaji.,2026-08-24 15:00,,,no,"The tender is for road construction and civil works, unrelated to medical or diagnostic products."
348,137716,NIT-15/2026-27/GR02,Urban Development and Housing Department,"Construction of Community Hall at First Floor near Mahaveer Asthan in Mohalla-Kharkhura main Road Under G.M.C. Ward No-01, Gaya Ji.",2026-08-24 15:00,,,no,"The tender is for construction of a community hall, which is a civil infrastructure project unrelated to medical or diagnostic products."
349,137718,NIT-15/2026-27/GR08,Urban Development and Housing Department,"Construction of Samudayeek Bhawan at Chotki Delha near New Over Bridge Under G.M.C. Ward No-02, Gaya Ji.",2026-08-24 15:00,,,no,"The tender is for construction of a building, unrelated to medical or diagnostic products."
350,137660,NIT-15/2026-27/GR86,Urban Development and Housing Department,"Construction of P.C.C. Road & R.C.C. Drain from H/O-Tapan Singh (Rajeshwari Press) to G.B.Road near Kotwali, P.C.C Road From Shop of Ajay Keshri to Shop of Sailesh Keshri at Purani Godown Tel Road and R.C.C Culvert near H/O-Bijay Jain at Dawa Mandir Under G.M.C. Ward No-20, Gaya Ji.",2026-08-24 15:00,,,no,"The tender concerns civil construction of roads, drains, and culverts, unrelated to medical or diagnostic products."
352,137665,NIT-15/2026-27/GR88,Urban Development and Housing Department,"Construction of R.C.C. Drain From H/O-Alam Kuraishi to H/O-Chhotu Kuraishi at Moh-Bari Road Kasab Tola Under G.M.C. Ward No-21, Gaya Ji.",2026-08-24 15:00,,,no,"The tender is for civil construction of an RCC drain, unrelated to medical or diagnostic products."
353,137689,NIT-15/2026-27/GR98,Urban Development and Housing Department,Construction of R.C.C. Drain From H/O-Akbar Ali to H/O-Md. Prawez at Moh-Enayat Colony under G.M.C. Ward No. 23 Gaya.,2026-08-24 15:00,,,no,"The tender is for construction of an RCC drain, which is civil infrastructure, not medical or diagnostic products."
354,137690,NIT-15/2026-27/GR99,Urban Development and Housing Department,Construction of P.C.C. Road and R.C.C. Drain From Madarsa Memorial to Swarajpuri Road at Moh-Selara Colony From H/O-Akbar Ali to H/O-Md. Prawez at Moh-Enayat Colony under G.M.C. Ward No. 23 Gaya.,2026-08-24 15:00,,,no,"The tender is for road and drain construction, a civil infrastructure project unrelated to medical or diagnostic products."
355,137691,NIT-15/2026-27/GR100,Urban Development and Housing Department,"Construction of RCC. Drain & PCC Road in Gali off Md. Zabbar, Haider Kuraishi and Haji Aman Alam painter at Maroofganj and RCC drain Cover from H/O Shamim Agrbatti to H/O Dr. Sadul Islam via H/O shahina Manzil& H/O Haji Nasim at Moh. New Nagmatiya Colony Road No. 02 &03 under GMC. Ward no. 24 Gayaji.",2026-08-24 15:00,,,no,Hard-reject: civil/electrical/administrative signal 'pcc road' — not a Meril product.
356,137799,NIT-15/2026-27/GR192,Urban Development and Housing Department,"Construction of RCC Drain From H/O-Mohan Mistri to H/O-Chandkishor Parjapat via H/O-Salini Sinha to Nirala ji in Moh-Sangat Gali, Durga Asthan Under G.M.C. Ward No-41 Gaya Ji.",2026-08-24 15:00,,,no,"The tender describes civil construction of an RCC drain, unrelated to medical or diagnostic products."
357,137800,NIT-15/2026-27/GR193,Urban Development and Housing Department,Construction of RCC Drain and PCC From H/O-Late. Rajendra Chaudhary to H/O-Rajkumar Chaudhary via Lala Hotal in Sangat Gali in Ward No-41 Under G.M.C. Gaya Ji.,2026-08-24 15:00,,,no,"The description refers to civil construction of RCC and PCC drains, unrelated to medical or diagnostic products."
358,137801,NIT-15/2026-27/GR194,Urban Development and Housing Department,Construction of RCC Drain and PCC Road From H/O-Raju Rajak to H/O-Rajendra Prasad via H/O-Makho Devi to H/O-Pratima Devi Under G.M.C. Ward No-41 Gaya Ji.,2026-08-24 15:00,,,no,Hard-reject: civil/electrical/administrative signal 'pcc road' — not a Meril product.
359,137802,NIT-15/2026-27/GR195,Urban Development and Housing Department,Construction of RCC Drain and PCC Road From H/O-Rakesh Singh to H/O-Gupta Chachi in Sangat Gali Pahad Per in Under G.M.C. Ward No-41 Gaya Ji.,2026-08-24 15:00,,,no,Hard-reject: civil/electrical/administrative signal 'pcc road' — not a Meril product.
360,137803,NIT-15/2026-27/GR196,Urban Development and Housing Department,Construction of RCC. Drain and PCC from H/O Rinku devi to H/O Vicky Rajak in sangat gali pahad par ward no. 41 under GMC Gayaji.,2026-08-24 15:00,,,no,"The tender describes civil construction work (RCC, drain, PCC) with no medical or diagnostic context."
361,137805,NIT-15/2026-27/GR202,Urban Development and Housing Department,Construction of P.C.C. Road & R.C.C. Drain From H/O-Gopal Prasad to H/O-Lallu Babu via H/O-Sanjay Babu and Manoj Giri at Moh-Bhairo Asthan in Ward 43 Under G.M.C. Gaya Ji.,2026-08-24 15:00,,,no,"The tender is for construction of a road and drainage, which is unrelated to Meril's surgical or diagnostic products."
362,137806,NIT-15/2026-27/GR203,Urban Development and Housing Department,"Construction of P.C.C. Road and R.C.C. Drain in Different Lane at Moh-Godawari Kumhar Toli Under G.M.C. Ward No-43,  Gaya Jee.",2026-08-24 15:00,,,no,"Tender is for construction of a road and drain, which is unrelated to surgical/endoscopic or diagnostic products."
363,137807,NIT-15/2026-27/GR204,Urban Development and Housing Department,"Construction of P.C.C. Road and R.C.C. Drain in Different Lane at Moh-Godawari Bhairo Asthan Under G.M.C. Ward No-43,  Gaya Jee.",2026-08-24 15:00,,,no,"The tender is for construction of a road and drainage, which is unrelated to medical, surgical, or diagnostic products."
364,137795,NIT-15/2026-27/GR158,Urban Development and Housing Department,"Construction of R.C.C. Drain and Renovation of P.C.C. Road From H/O-Sunil Malakar to H/O-Hindi School via H/O-Hasim Baniya Shop in Mohalla-Gewal Bigha  Under G.M.C. Ward No-34, Gaya ji.",2026-08-24 15:00,,,no,Hard-reject: civil/electrical/administrative signal 'renovation' — not a Meril product.
365,137796,NIT-15/2026-27/GR159,Urban Development and Housing Department,"Construction of Drain and Renovation of P.C.C. Road Near Munni Masjid From H/O-Bade Miyan to H/O-Dilip Bam via H/O-Arman Malik in Mohalla-Gewal Bigha Under G.M.C. Ward No-34, Gaya ji.",2026-08-24 15:00,,,no,Hard-reject: civil/electrical/administrative signal 'renovation' — not a Meril product.
366,137797,NIT-15/2026-27/GR191,Urban Development and Housing Department,Construction of RCC. Drain from sudamaa saw to Mamta Kirana store via open birla mind school chamartoli police adda in ward no. 41 under GMC. Gayaji.,2026-08-24 15:00,,,no,"The tender describes civil construction of a drain, unrelated to medical or diagnostic products."
367,137831,NIT-15/2026-27/GR216,Urban Development and Housing Department,Construction of PCC. In bada kabristan ghugritad under ward no. 45 GMC Gayaji.,2026-08-24 15:00,,,no,"The description refers to construction of plain cement concrete, a civil work unrelated to medical or diagnostic products."
368,137832,NIT-15/2026-27/GR217,Urban Development and Housing Department,Construction of Shed in Bada Kabristan at Moh-Ghughritand in Ward No-45 Under G.M.C. Gay Ji.,2026-08-24 15:00,,,no,"The tender is for construction of a shed, which is a civil work unrelated to medical or diagnostic products."
369,137833,NIT-15/2026-27/GR218,Urban Development and Housing Department,"Construction of RCC Drain and PCC Road From H/O-Nanku Yadav to H/O-Satendra yadav via H/O-Chandar Yadav, H/O-Guddu Yadav to Munna Yadav in Moh-Gopi Bigha, Under G.M.C. Ward No-46 Gaya Ji.",2026-08-24 15:00,,,no,Hard-reject: civil/electrical/administrative signal 'pcc road' — not a Meril product.
370,137834,NIT-15/2026-27/GR219,Urban Development and Housing Department,"Construction of RCC Drain and PCC Road From H/O-Basant Yadav to H/O-Kamal Yadav in Moh-Chhotan Bigha, Kendui in Ward No-46 Under G.M.C. Gaya Ji.",2026-08-24 15:00,,,no,Hard-reject: civil/electrical/administrative signal 'pcc road' — not a Meril product.
371,137835,NIT-15/2026-27/GR220,Urban Development and Housing Department,"Construction of RCC Drain & PCC Road From H/O-Md. Firoz to H/O-Md Badshah via H/O-Md Babidh to H/O-Kelu Paswan in Kendua, Under G.M.C. Ward No-46 Gaya Ji.",2026-08-24 15:00,,,no,Hard-reject: civil/electrical/administrative signal 'pcc road' — not a Meril product.
372,137809,NIT-15/2026-27/GR205,Urban Development and Housing Department,"Construction of R.C.C. Drain and P.C.C. Road From H/O-Munna Yadav to Arun Yadav via H/O-Manoj Yadav to Mahendra Saw near Mangla Gauri, Maranpur in Ward No-44 Under G.M.C Gaya Ji.",2026-08-24 15:00,,,no,"The tender is for construction of a road and drainage, unrelated to medical or diagnostic products."
373,137810,NIT-15/2026-27/GR206,Urban Development and Housing Department,Construction of RCC Drain From H/O-Durga Yadav via Satish Yadav to H/O-Gora Paswan to H/O-Raghu Paswan to Nanka Paswan in Ward No-44 Under G.M.C. Gaya Ji.,2026-08-24 15:00,,,no,"The tender is for construction of an RCC drain, which is civil infrastructure and unrelated to medical or diagnostic products."
374,137811,NIT-15/2026-27/GR207,Urban Development and Housing Department,Construction of RCC drain from H/O Mahavir yadav to H/O dukhit giri via H/O Kamlesh Chandravanshi to H/O jaitun Paswan in ward no. 44 GMC GMC Gayaji.,2026-08-24 15:00,,,no,"The tender is for construction of an RCC drain in a hospital ward, which is civil infrastructure, not a medical/surgical or diagnostic product."
375,137812,NIT-15/2026-27/GR208,Urban Development and Housing Department,Construction of R.C.C Drain From H/O-Lakhan Prajapat to H/O-Rameshwar Ravidas via H/O-Uday Kumar in Ward No-44 Under G.M.C. Gaya Ji.,2026-08-24 15:00,,,no,"The tender is for construction of an RCC drain, which is civil infrastructure and unrelated to medical or diagnostic products."
376,137814,NIT-15/2026-27/GR209,Urban Development and Housing Department,Construction of RCC. Drain from H/O dineshwar prasad to main nala in ward no. 44  under GMC. Gayaji.,2026-08-24 15:00,,,no,Hard-reject: civil/electrical/administrative signal 'nala' — not a Meril product.
377,137815,NIT-15/2026-27/GR210,Urban Development and Housing Department,Construction of RCC drain and PCC from H/O Late Ramjee yadav to H/O Anil Kumar sinha in moh. Marnpur ward no. 44 under GMC Gayaji.,2026-08-24 15:00,,,no,"The tender is for construction of RCC drain and PCC, which is civil infrastructure, not medical or diagnostic products."
378,137869,NIT-02/SBD/2026-27,Urban Development and Housing Department,Renovation of Ramna Park in Bettiah Nagar Nigam.,2026-08-24 15:00,,,no,Hard-reject: civil/electrical/administrative signal 'renovation' — not a Meril product.
379,137870,NIT-15/2026-27/GR231,Urban Development and Housing Department,Construction of  drain and road H/O ajay Malakar to H/O Bharat Prasad in Mohalla gopalganj Road under G.M.C ward no. 47 gayaji.,2026-08-24 15:00,,,no,"Tender is for construction of drain and road, unrelated to medical or diagnostic products."
380,137864,NIT-15/2026-27/GR229,Urban Development and Housing Department,"Construction of PCC from H/O Durga yadav to H/O Devmanti to via H/O Raghunandan das, Moh-Bheen nagar Under ward no. 47 Gmc. Gayaji",2026-08-24 15:00,,,no,"The description refers to construction of a PCC structure, which is civil work unrelated to surgical or diagnostic products."
382,137857,NIT-15/2026-27/GR227,Urban Development and Housing Department,"Construction of RCC. Drain and PCC from H/o Baijnath mistiri via H/O santram in moh. Khajhapur, ward no. 47 under GMC.47 gayaji.",2026-08-24 15:00,,,no,"The tender concerns civil construction (RCC, drain, PCC) with no medical or diagnostic context."
383,137859,NIT-15/2026-27/GR228,Urban Development and Housing Department,Construction of RCC drain pani tanki (gadh pr) to H/O Tasleem  in ward no. 47 under G.M.C Gayaji.,2026-08-24 15:00,,,no,"The tender is for civil construction of a drain water tank in a hospital ward, not for any Meril surgical or diagnostic product."
384,137845,NIT-15/2026-27/GR225,Urban Development and Housing Department,Construction of P.C.C. Road & R.C.C. Drain From H/O-Dr. Arvind Kumar Singh to H/O-Dilip Kumar Singh via H/O-Binay Kumar Singh at Moh-Kendui under G.M.C. Ward No. 46 Gaya ji.,2026-08-24 15:00,,,no,"The tender is for construction of a road and drain, unrelated to medical or diagnostic products."
385,137839,NIT-15/2026-27/GR221,Urban Development and Housing Department,Construction of RCC Drain and PCC Road From H/O-S.Prasad to Gaya Bodh-Gaya Main Road in Road No-06 Moh-Madhusudan in Under G.M.C. Ward No-46 Gaya Ji.,2026-08-24 15:00,,,no,Hard-reject: civil/electrical/administrative signal 'pcc road' — not a Meril product.
386,137840,NIT-15/2026-27/GR222,Urban Development and Housing Department,Construction of RCC Drain and PCC Road From H/O-Golu Sinha to Turning Point via H/O-Rakesh Yadav to H/O-Sakuntala Bhawan via H/O-Bindeshwary Pandey in Moh-Ashok Vihar Colony Ward No-46 Under G.M.C. Gaya Ji.,2026-08-24 15:00,,,no,Hard-reject: civil/electrical/administrative signal 'pcc road' — not a Meril product.
387,137841,NIT-15/2026-27/GR223,Urban Development and Housing Department,"Construction of P.C.C. Road From H/O-Ravindra Kumar Gupta to H/O-Prem Prakash Ram via H/O-Ambika Singh at Moh-Savita Bihar Kendui, under G.M.C. Ward No. 46 Gaya ji.",2026-08-24 15:00,,,no,"The tender is for road construction, which is unrelated to Meril's surgical or diagnostic products."
388,137842,NIT-15/2026-27/GR224,Urban Development and Housing Department,Construction of R.C.C. Drain from H/O-Sunil Kumar Gupta to H/O-Ashok Kumar Singh via H/O-Pramod Kumar (adv) at Moh-Savita Bihar Kendui under G.M.C. Ward No. 46 Gaya ji.,2026-08-24 15:00,,,no,"The tender is for construction of an RCC drain, which is civil infrastructure, not medical or diagnostic products."
389,137821,NIT-15/2026-27/GR211,Urban Development and Housing Department,"Construction of RCC Drain and PCC Road From H/O-Rita Sinha to main Nala in Ward No-44, Under G.M.C. Gaya Ji.",2026-08-24 15:00,,,no,Hard-reject: civil/electrical/administrative signal 'pcc road' — not a Meril product.
390,137823,NIT-15/2026-27/GR212,Urban Development and Housing Department,Construction of R.C.C. Drain and From Brahmasthan to H/O-Mahavir Yadav via H/O-Kameshwar Paswan to Bhagat Ji Under G.M.C. Ward No-44 Gaya ji.,2026-08-24 15:00,,,no,"The tender is for construction of an RCC drain, which is a civil infrastructure project unrelated to medical or diagnostic products."
391,137824,NIT-15/2026-27/GR213,Urban Development and Housing Department,"Construction of RCC Drain and PCC Road From H/O-Shaligram Jha to Road No-03, in Moh-Ghughritar Ward No-45, Under G.M.C. Gaya Ji.",2026-08-24 15:00,,,no,Hard-reject: civil/electrical/administrative signal 'pcc road' — not a Meril product.
392,137825,NIT-15/2026-27/GR214,Urban Development and Housing Department,"Construction of RCC. Drain PCC. From Krishan Kumar to Atul shoroom back side, baypass in ward no. 45 under GMC. Gayaji",2026-08-24 15:00,,,no,"The description refers to construction work (RCC, drain) and not to any medical or diagnostic products."
393,137826,NIT-15/2026-27/GR215,Urban Development and Housing Department,Construction of RCC. Drain and PCC from H/O anil singh to H/O Late baldeo singh via h/o arviend prasad Aayarvedik college moh. Dandhibag in ward no. 45 under GMC. Gayaji.,2026-08-24 15:00,,,no,"The description refers to construction of RCC, drains, and related civil works, not medical or diagnostic products."
394,136714,NIT/BSEDC/03-08/2026-27 Dated: - 21/07/2026,Bihar State Electronic Development Corporation,REQUEST FOR PROPOSAL (RFP) For Selection of a Third Party Auditor (TPA) For Unified Citizen Helpline (Sahyog Helpline),2026-08-24 15:00,,,no,"The tender is for selecting a third‑party auditor for a citizen helpline, unrelated to medical, surgical, or diagnostic products."
395,137140,E-NIT 02/BCD/SAHARSA/2026-27,Building Construction Department,"Construction of Toilet Complex (Single Storey) in the Campus of Civil Court, Saharsa.",2026-08-24 15:00,,,no,"The tender is for constructing a toilet complex, which is a civil construction project unrelated to medical or diagnostic products."
396,136956,CCTV/01/2026--,"BIHAR PUBLIC SERVICE COMMISSION, PATNA",E-Tender response invited for empanelment of experienced agencies for providing CCTV Surveillance services during multiple examinations being conducted by BPSC throughout the State.,2026-08-24 15:00,,,no,"The tender is for CCTV surveillance services, unrelated to medical, surgical, or diagnostic products."
397,137536,NIT-15/2026-27/GR36,Urban Development and Housing Department,Construction of RCC Drain & PCC Road from Mohammad Kasim Painter to Mallu Sattar via Tinku toward Kaisar Khan in Ward No-06 under G.M.C. Gayaji.,2026-08-24 15:00,,,no,Hard-reject: civil/electrical/administrative signal 'pcc road' — not a Meril product.
398,137539,NIT-15/2026-27/GR37,Urban Development and Housing Department,"Construction of RCC Drain & PCC Road in Iqwal Nagar from h/o Md. Shahid to Sagar Bablu Mustakim Saddam, Rajan, Jahid, Jakir Khan Ano Raja, Ebrar and Asif to Hadisa Khatoon in Ward No-06 under G.M.C. Gayaji.",2026-08-24 15:00,,,no,Hard-reject: civil/electrical/administrative signal 'pcc road' — not a Meril product.
399,137550,NIT-15/2026-27/GR41,Urban Development and Housing Department,"Construction of RCC. Drain & drain cover with PCC. Road from H/O Binod Mehta to Rajiv Kumar (urf-jitendra Kumar) H/O anil Kumar to H/O Manoj Kumar, Tannu Kumar sinha to Lalan Mehta in Other Place Under GMC. Ward no. 08 Gayaji.",2026-08-24 15:00,,,no,"The tender describes civil construction work (RCC, drains, road) with no medical or diagnostic context, unrelated to Meril's products."
400,137551,NIT-15/2026-27/GR42,Urban Development and Housing Department,Construction of PCC Road and RCC Drain in Shree Ram Nagar Colony New Godwan Pahsi to H/O Sagar singh to Anil saw H/O Rajesh Rajak to H/O Gaya ji and yugval yadav Khatal to H/O Anand Sharma under GMC ward no. 08 Gaya ji.,2026-08-24 15:00,,,no,Hard-reject: civil/electrical/administrative signal 'pcc road' — not a Meril product.
401,137552,NIT-15/2026-27/GR43,Urban Development and Housing Department,Construction of PCC. Road & RCC. Drain moh. Maharani Road  no.02 from H/O satya ratan prsad. Singh to Anil kumar singh via Shiv Mandir in ward no. under GMC. Gayaji.,2026-08-24 15:00,,,no,"The tender describes road and drainage construction work, which is unrelated to medical or diagnostic products."
402,137553,NIT-15/2026-27/GR44,Urban Development and Housing Department,"Construction of P.C.C. Road and R.C.C. Drain at New Godown more to H/O-Sanjeet Kumar in Under G.M.C. Ward No-08, Gaya Ji.",2026-08-24 15:00,,,no,"The tender is for construction of a road and drain, unrelated to medical or diagnostic products."
403,137525,NIT-15/2026-27/GR28,Urban Development and Housing Department,Construction of RCC drain from h/o Lalan Yadav to h/o Ramashish Yadav at Gobindpur in Ward No-05 Under G.M.C. Gaya ji.,2026-08-24 15:00,,,no,"The tender is for construction of an RCC drain, which is civil infrastructure and unrelated to medical or diagnostic products."
404,137526,NIT-15/2026-27/GR29,Urban Development and Housing Department,Construction of  R.C.C.Drain from Ravi Kirana dukan to H/o Parmod and Keshri das to Satyendra Das ke ghar tak and Devi Mandir to Suresh rana's house in Barish nagar in Ward No-5 under G.M.C. Gayaji.,2026-08-24 15:00,,,no,"The tender concerns civil construction of a drainage system, unrelated to medical or diagnostic products."
405,137527,NIT-15/2026-27/GR30,Urban Development and Housing Department,"Construction of  R.C.C.Drain from Barish Nagar H/o Md Tufel to Sahin Jubair, Mister and Kalim in Ward No-05 under G.M.C. Gayaji.",2026-08-24 15:00,,,no,"The tender is for construction of an RCC drain, which is civil infrastructure unrelated to medical or diagnostic products."
406,137528,NIT-15/2026-27/GR31,Urban Development and Housing Department,Construction of RCC Drain from Yogendra Ram to h/o Shiv Kumar via Arun Prasad and Arun Bind  in Ward No-05 under G.M.C. Gayaji.,2026-08-24 15:00,,,no,"The tender is for construction of an RCC drain, a civil infrastructure project unrelated to medical or diagnostic products."
407,137529,NIT-15/2026-27/GR32,Urban Development and Housing Department,Construction of PCC road from Md Sagir Kabari to Murtuza at moh Warish nagar  in Ward No-05 under G.M.C. Gayaji.,2026-08-24 15:00,,,no,Hard-reject: civil/electrical/administrative signal 'pcc road' — not a Meril product.
408,137530,NIT-15/2026-27/GR33,Urban Development and Housing Department,Construction of PCC road and RCC drain in Bindraban Colony North of Petrol Pump from h/o Arvind to Pintu via Shila Devi  in Ward No-05 under G.M.C. Gayaji.,2026-08-24 15:00,,,no,Hard-reject: civil/electrical/administrative signal 'pcc road' — not a Meril product.
409,137533,NIT-15/2026-27/GR34,Urban Development and Housing Department,Construction of PCC road in Warish Nagar from Masjid to Imambada in Ward No-05 under G.M.C. Gayaji.,2026-08-24 15:00,,,no,Hard-reject: civil/electrical/administrative signal 'pcc road' — not a Meril product.
410,137534,NIT-15/2026-27/GR35,Urban Development and Housing Department,Construction of PCC road and guide wall from Lal Baba west Bhawan to Bhui Toli Bajrangbali Asthan in Ward No-06 under G.M.C. Gayaji.,2026-08-24 15:00,,,no,Hard-reject: civil/electrical/administrative signal 'pcc road' — not a Meril product.
412,137556,NIT-15/2026-27/GR46,Urban Development and Housing Department,"Construction of P.C.C Road & R.C.C Drain from H/O-Rajan ji via Rajeev ranjan to Tun-Tun Crockry Godam and different Place Under G.M.C. Ward No-09, Gaya Ji.",2026-08-24 15:00,,,no,"The tender is for construction of a road and drain, which is unrelated to medical or diagnostic products."
413,137557,NIT-15/2026-27/GR47,Urban Development and Housing Department,"Construction of P.C.C Road & R.C.C Drain from Putus ji to Sanjay ji, to Sanjay ji, Behind of Bam-Bam ji Gali to Rajesh Gupta Gali, Nandan Niwas to Lakhan Yadav and near the house of Barun ji and different Place Under G.M.C. Ward No-09, Gaya Ji.",2026-08-24 15:00,,,no,"The tender describes civil construction of roads and drains, unrelated to medical or diagnostic products."
414,137558,NIT-15/2026-27/GR48,Urban Development and Housing Department,"Construction of P.C.C Road & R.C.C Drain from H/O-Bittu ji to Shankar ji, Shankar Yadav to Dablu Kirana to Manglam Press and Manglam Prees to Dr. Binay Babu and different place Under G.M.C. Ward No-09, Gaya Ji.",2026-08-24 15:00,,,no,"The tender concerns construction of a road and drainage, which is unrelated to Meril's surgical or diagnostic product lines."
415,137560,NIT-15/2026-27/GR49,Urban Development and Housing Department,Construction of PCC Road & RCC Drain in Bairagi From H/O-Abhay Ji to Sanjay Rajak in Ward No-10 Under G.M.C. Gaya Ji.,2026-08-24 15:00,,,no,Hard-reject: civil/electrical/administrative signal 'pcc road' — not a Meril product.
416,137561,NIT-15/2026-27/GR50,Urban Development and Housing Department,"Construction of PCC Road & RCC Drain in Powerganj Bairagi From H/O-Jagdish Parjapati to H/O-Kapildeo Parjapati, Umesh Saw to Karu Chaudhary and Lala to Sikandar in Ward No-10 Under G.M.C. Gaya Ji.",2026-08-24 15:00,,,no,Hard-reject: civil/electrical/administrative signal 'pcc road' — not a Meril product.
417,137542,NIT-15/2026-27/GR39,Urban Development and Housing Department,Construction of RCC Drain & PCC Road from Jainu to Md. Chaila Miyan and Diffrent Places in Panchatiya Akhara in Ward No-07 under G.M.C. Gayaji.,2026-08-24 15:00,,,no,Hard-reject: civil/electrical/administrative signal 'pcc road' — not a Meril product.
418,137546,NIT-15/2026-27/GR40,Urban Development and Housing Department,Construction of PCC Road & RCC Culvert at Panchayati Akhara Paver Block and Iron Jali in Different Place in ward no. 07 GMC. Gayaji.,2026-08-24 15:00,,,no,Hard-reject: civil/electrical/administrative signal 'pcc road' — not a Meril product.
419,137594,NIT-15/2026-27/GR51,Urban Development and Housing Department,Construction of PCC Road & RCC Drain From Rameshwar Das to Kamal Kishor Pandit in Ward No-10 Under G.M.C. Gaya ji.,2026-08-24 15:00,,,no,Hard-reject: civil/electrical/administrative signal 'pcc road' — not a Meril product.
420,137595,NIT-15/2026-27/GR52,Urban Development and Housing Department,Construction of RCC. Drain and PCC. Road from H/O Ramjee Saw to H/O Ajay das and Bablu das to Chandra saw (main Road) under GMC. Ward no. 11 Gaya ji,2026-08-24 15:00,,,no,"The description pertains to road and civil construction work, not medical or diagnostic products."
421,137596,NIT-15/2026-27/GR53,Urban Development and Housing Department,"Construction of R.C.C. Drain and PCC Road From H/O-Biran Das to Kapil das, Sikandar Das to Bilash Manjhi ji, Jitendra Manjhi to Raja Manjhi and Nakat Das to Gaya Manjhi to Rinku Manjhi Under G.M.C. Ward No-11, Gaya Ji.",2026-08-24 15:00,,,no,Hard-reject: civil/electrical/administrative signal 'pcc road' — not a Meril product.
422,137597,NIT-15/2026-27/GR54,Urban Development and Housing Department,"Construction of R.C.C. Drain and P.C.C. Road at Chandan Kumar to Prabesh Kumar and Amit Kumar to Ramjatan Kumar H/O-Mithu ji to H/O-Sumit Saw Under G.M.C. Ward No-11, Gaya Ji.",2026-08-24 15:00,,,no,"The tender is for construction of a road and drain, which is unrelated to medical or diagnostic products."
423,137598,NIT-15/2026-27/GR55,Urban Development and Housing Department,Construction of P.C.C. Road and R.C.C. Drain at Ganju Daa to Dhananjay Jee to H/O-Tuntun Ji Under G.M.C. Ward No-12 Gaya Ji.,2026-08-24 15:00,,,no,"The tender is for construction of a road and drainage, which is unrelated to medical, surgical, or diagnostic products."
424,137675,NIT-15/2026-27/GR89,Urban Development and Housing Department,"Construction of R.C.C. Drain From K.P. Road Old Bombay Sale to Hamid Kalal Market Corner in K.P.Road Under G.M.C. Ward No-21, Gaya Ji.",2026-08-24 15:00,,,no,"The tender is for construction of an RCC drain, which is a civil infrastructure project unrelated to medical or diagnostic products."
425,137678,NIT-15/2026-27/GR90,Urban Development and Housing Department,"Construction of R.C.C. Drain From Arif Bhai to H/O-Jamil Sonar at Moh-Kasab Tola Bari Road Under G.M.C. Ward No-21, Gaya Ji.",2026-08-24 15:00,,,no,"The tender is for construction of a concrete drain, which is unrelated to medical or diagnostic products."
426,137679,NIT-15/2026-27/GR91,Urban Development and Housing Department,Construction of paver Block pathway from Maa Durga Inerprises to ramana more in pirmasoor Road under GMC. Ward. No. 22 Gaya ji,2026-08-24 15:00,,,no,"The tender is for construction of a paver block pathway, which is civil infrastructure unrelated to medical or diagnostic products."
427,137681,NIT-15/2026-27/GR92,Urban Development and Housing Department,Construction of RCC drain from H/O Akalu mistry to H/O jhunjun yadav via H/O Bhuwan Ram & Primary school at Moh- Ander Ramna under GMC. Ward no. 22 Gaya ji.,2026-08-24 15:00,,,no,"The tender is for construction of an RCC drain, which is civil infrastructure and unrelated to medical or diagnostic products."
428,137682,NIT-15/2026-27/GR93,Urban Development and Housing Department,"Renovation of P.C.C. Road and R.C.C. Drain From H/O-Master naim Sahab to H/O-Razik Bhai at Moh-Millat Colony Under G.M.C. Ward No-23, Gaya Ji.",2026-08-24 15:00,,,no,Hard-reject: civil/electrical/administrative signal 'renovation' — not a Meril product.
429,137683,NIT-15/2026-27/GR94,Urban Development and Housing Department,"Construction of R.C.C. Drain From H/O-Bari Road Inayat Colony Corner to H/O-Umar Kuraishi Under G.M.C. Ward No-23, Gaya Ji.",2026-08-24 15:00,,,no,"The tender is for construction of an RCC drain, which is a civil work unrelated to medical or diagnostic products."
430,137684,NIT-15/2026-27/GR95,Urban Development and Housing Department,Construction of RCC. Drain from H/O Hasnath to H/O Aman Bhai at Inayat Colony 'D' Block GMC. Ward no. 23 Gayaji.,2026-08-24 15:00,,,no,"The tender describes construction of a reinforced cement concrete drain, which is a civil work unrelated to medical or diagnostic products."
431,137686,NIT-15/2026-27/GR96,Urban Development and Housing Department,"Construction of P.C.C Road and R.C.C Drain from Swaraj Puri Road to Kashami Middle School at Moh-Millat Colony Under G.M.C. Ward No-23, Gaya Ji.",2026-08-24 15:00,,,no,"The tender is for road and drain construction, unrelated to medical or diagnostic products."
432,137687,NIT-15/2026-27/GR97,Urban Development and Housing Department,Construction of RCC. Drain and paver Block Road from H/O Afak manzar  saheb to H/O Dr. Tanvir at Moh. Durgabari under GMC. Ward no. 23 Gayaji.,2026-08-24 15:00,,,no,"The tender is for road and drain construction, unrelated to medical or diagnostic products."
433,137600,NIT-15/2026-27/GR56,Urban Development and Housing Department,Construction of RCC. Drain and PCC. Road from H/O Harsh ji to Kairat ahmad road via Vvat Fashion shop to kaairat Ahmad Road via Rajesh sinha to  H/O umeshbabu to ji Angan badi center under GMC. Ward no.12 Gayaji.,2026-08-24 15:00,,,no,"The tender describes civil construction work (road, RCC, drain) with no medical or diagnostic context."
434,137601,NIT 08/2026-27 GR01,Urban Development and Housing Department,"Construction, Supply, Testing, Commissioning extension of pipeline for the existing Urban piped Water Supply in word-05 Under Nagar Panchayat Bikram.",2026-08-24 15:00,,,no,Hard-reject: civil/electrical/administrative signal 'water supply' — not a Meril product.
435,137602,NIT-15/2026-27/GR57,Urban Development and Housing Department,Construction of R.C.C. Drain and P.C.C. Road From H/O-Rajkumar jee to H/O-Amar Yadav via H/O-Kaushal Jee Under G.M.C. Ward No-12 Gaya Ji.,2026-08-24 15:00,,,no,"The tender is for construction of a road and drain, which is unrelated to medical or diagnostic products."
436,137603,NIT-15/2026-27/GR58,Urban Development and Housing Department,Construction of PCC Road & RCC Drain From h/O-Sonu ji to H/O-Srikant Chaudhary and Ajay Saw to H/O-Chandan (R.B.Road) and other place ward No-12 Under G.M.C. Gaya Ji.,2026-08-24 15:00,,,no,Hard-reject: civil/electrical/administrative signal 'pcc road' — not a Meril product.
437,137604,NIT 08/2026-27 GR02,Urban Development and Housing Department,"Construction, Supply, Testing, Commissioning extension of pipeline for the existing Urban piped Water Supply in word-08 Under Nagar Panchayat Bikram.",2026-08-24 15:00,,,no,Hard-reject: civil/electrical/administrative signal 'water supply' — not a Meril product.
438,137605,NIT-15/2026-27/GR59,Urban Development and Housing Department,Construction of PCC. Road & RCC drain from Bachan Babu to H/O Ranbijay Babu via Rainbaw school on Rajendra path (New Godowan) Road ke wali Lane under GMC. Ward no. 12 Gayaji.,2026-08-24 15:00,,,no,"The tender is for road and drain construction, which is unrelated to Meril's surgical or diagnostic products."
439,137606,NIT-15/2026-27/GR60,Urban Development and Housing Department,"Construction of R.C.C. Drain and P.C.C. Road From Md Sammi to Moezuddin, Shakil Bhai to Nirash to main Road & Kaisar Babu to D.S.P. Banti Jee Under G.M.C. Ward No-13, Gaya Ji.",2026-08-24 15:00,,,no,"The tender is for construction of a road and drainage, unrelated to medical or diagnostic products."
440,137607,NIT 08/2026-27 GR03,Urban Development and Housing Department,"Construction, Supply, Testing, Commissioning extension of pipeline for the existing Urban piped Water Supply in word-09 Under Nagar Panchayat Bikram.",2026-08-24 15:00,,,no,Hard-reject: civil/electrical/administrative signal 'water supply' — not a Meril product.
442,137609,NIT 08/2026-27 GR05,Urban Development and Housing Department,"Construction, Supply, Testing, Commissioning extension of pipeline for the existing Urban piped Water Supply in word-14 Under Nagar Panchayat Bikram.",2026-08-24 15:00,,,no,Hard-reject: civil/electrical/administrative signal 'water supply' — not a Meril product.
443,137613,NIT-15/2026-27/GR61,Urban Development and Housing Department,Construction of RCC. Drain PCC road from Bake gali me road no. 07  me main Road se badhan House and neta ji house Nasiha sabnam house and other Place under GMC. No. 13 Gayaji.,2026-08-24 15:00,,,no,Hard-reject: civil/electrical/administrative signal 'pcc road' — not a Meril product.
444,137615,NIT-15/2026-27/GR62,Urban Development and Housing Department,Construction of RCC drain and PCC (in Flank) in G.B Road from Panjabi Colony more to New godown more under GMC ward no. 13 Gaya ji.,2026-08-24 15:00,,,no,"The tender describes civil construction of a drain and concrete work, unrelated to medical or diagnostic products."
445,137617,NIT-15/2026-27/GR63,Urban Development and Housing Department,Construction of PCC Road from H/O Shankar Ssingh to H/O Prakash Kumar at Moh. Panjabi Colony under GMC ward no. 13 gayaji.,2026-08-24 15:00,,,no,Hard-reject: civil/electrical/administrative signal 'pcc road' — not a Meril product.
446,137619,NIT-15/2026-27/GR64,Urban Development and Housing Department,"Construction of P.C.C. Road From A.N.Road near Bajrangbali Mandir to Tower Chowk to Sarai Road at Char Mohani Under G.M.C. Ward No-14, Gaya Ji.",2026-08-24 15:00,,,no,"The tender is for road construction, which is unrelated to Meril's surgical or diagnostic products."
447,137620,NIT-15/2026-27/GR65,Urban Development and Housing Department,"Construction of R.C.C. Drain and P.C.C. Road From Mhadev Mobile Shop to Jitendra Yadav and Sahid Road Vishwakarma Bike Service Centre to near Mister Auto Engineer Under G.M.C. Ward No-14, Gaya Ji.",2026-08-24 15:00,,,no,"The tender is for civil construction of a road and drainage, unrelated to medical or diagnostic products."
448,137622,NIT-15/2026-27/GR66,Urban Development and Housing Department,Construction of PCC Road & RCC Drain at Muslim Ji House to Parwej Ji House Under G.M.C. Gaya Ji.,2026-08-24 15:00,,,no,Hard-reject: civil/electrical/administrative signal 'pcc road' — not a Meril product.
449,137623,NIT-15/2026-27/GR67,Urban Development and Housing Department,Construction of R.C.C Drain and Culvert Form- Pappu Chaurasiya shop to Panhar Masjid and culvert at National school Under G.M.C. Ward No-14 Gaya Jee.,2026-08-24 15:00,,,no,"The tender is for construction of RCC drain and culvert, which is civil infrastructure, not medical or diagnostic products."
450,137625,NIT-15/2026-27/GR68,Urban Development and Housing Department,Construction of RCC Drain & PCC Road From H/O-Anil Prasad to Shiv Prasad via H/O-Muuni Devi to Karu Prasad at (Nag Banshi Sahay Lane) Under G.M.C. Ward No-15 Gaya Ji.,2026-08-24 15:00,,,no,Hard-reject: civil/electrical/administrative signal 'pcc road' — not a Meril product.
451,137628,NIT-15/2026-27/GR69,Urban Development and Housing Department,"Construction of R.C.C. Drain P.C.C. Road From Mir Mujajtar lane to Dhanu Panda to Jasim Khan and Lokesh Baba to Aftab Ahmad khan and A.N.Road to Shiv Mandir to Suresh Barnawal Under G.M.C. Ward No-15, Gaya Ji.",2026-08-24 15:00,,,no,"The tender describes road and drainage construction, which is unrelated to medical or diagnostic products."
452,137629,NIT-15/2026-27/GR70,Urban Development and Housing Department,"Construction of P.C.C. Road & R.C.C. Drain From H/O-Niru Devi to Sushila Devi house, Gopal jee to Sanjay Jee Plastic, Shankar Chandabanshi to Gol Bagicha Police Adda, Purani Godam Road Pradeep Kirana to Raju Keshri   Under G.M.C. Ward No-15, Gaya Ji.",2026-08-24 15:00,,,no,"The tender concerns construction of roads and drains, which is unrelated to Meril's surgical or diagnostic product lines."
453,137632,NIT-15/2026-27/GR71,Urban Development and Housing Department,Construction of PCC Road from H/O Lane Rama Keshri to Pankaj Guptaand sambhu prasad to Kapil deo under GMC ward no. 15 Gaya ji.,2026-08-24 15:00,,,no,Hard-reject: civil/electrical/administrative signal 'pcc road' — not a Meril product.
454,137633,NIT-15/2026-27/GR72,Urban Development and Housing Department,Construction of  PCC.Road& RCC. Drain from H/O late Mukhiya jee Gurudwara Road Atithi hotal Gali and shiv Mandir to Dinanath singh and shiv mandir to Late Saryu Babu under GMC. Ward no. 16 Gayaji.,2026-08-24 15:00,,,no,"The tender is for construction of roads and drainage, which is unrelated to medical or diagnostic products."
455,137634,NIT-15/2026-27/GR73,Urban Development and Housing Department,"Construction of P.C.C. Road & R.C.C. Drain From Goal Bagicha Gurudwara Road to Anurag Ji to Rajendra Prasad via Uday house to H/O-Arun ji, Pralad to Dinesh Babu & Gurudwara Road to Buchu Lohani House Under G.M.C. Ward No-16, Gaya Ji.",2026-08-24 15:00,,,no,"The tender is for construction of a road and drainage, which is unrelated to Meril's surgical or diagnostic products."
456,137637,NIT-15/2026-27/GR74,Urban Development and Housing Department,"Construction of R.C.C. Drain and P.C.C. Road From Hotal Azad Shatru to Hotal Roxy to Hotal Bandana and Hotal Anand to Hotal Alok  Under G.M.C. Ward No-16, Gaya Ji.",2026-08-24 15:00,,,no,"The tender is for construction of a road and drainage, unrelated to medical or diagnostic products."
457,137638,NIT-15/2026-27/GR75,Urban Development and Housing Department,Construction of PCC. Road from H/O Amarnath ji to H/O sagar Lohani and from H/O Bitu ji to Gopal singh at Moh. Gosai bag under GMC. Ward no. 17  Gyaji.,2026-08-24 15:00,,,no,"The tender is for road construction (PCC road), which is unrelated to surgical or diagnostic products."
458,137642,NIT-15/2026-27/GR76,Urban Development and Housing Department,"Construction of R.C.C. Drain From H/O-Niraj Ji to H/O-Ankush Bagga at Moh-Gosai Bag Under G.M.C. Ward No-17, Gaya Ji.",2026-08-24 15:00,,,no,"The tender is for construction of an RCC drain, a civil work unrelated to medical, surgical, or diagnostic products."
459,137643,NIT-15/2026-27/GR77,Urban Development and Housing Department,"Construction P.C.C Road & R.C.C Drain From H/O-Bisan Kejariwal to H/O-Gaurav ji and From H/O-Arun Sao to H/O-Aman ji at Moh-Gosai Bag Under G.M.C. Ward No-17, Gaya Ji.",2026-08-24 15:00,,,no,"The tender describes construction of roads and drains, unrelated to medical or diagnostic products."
460,137645,NIT-15/2026-27/GR78,Urban Development and Housing Department,"Renovation of P.C.C Road From H/O-Rajesh Kumar Jhunjhun Bala to H/O- Dilip Goswami at Moh-Gosain bag Tekari Road Under G.M.C. Ward No-17, Gaya Ji.",2026-08-24 15:00,,,no,Hard-reject: civil/electrical/administrative signal 'renovation' — not a Meril product.
461,137646,NIT-15/2026-27/GR79,Urban Development and Housing Department,"Construction P.C.C Road & R.C.C Drain From H/O-Pankaj Singh to H/O-Barun ji & From H/O-Murari ji to H/O-Bikash Lohani at Moh-Gosain Bag  Under G.M.C. Ward No-17, Gaya Ji.",2026-08-24 15:00,,,no,"The tender describes construction of roads and drains, which is unrelated to medical or diagnostic products."
462,137648,NIT-15/2026-27/GR80,Urban Development and Housing Department,"Renovation of P.C.C. Road and and Construction of R.C.C. Drain from H/O-Badri Prasad Barnawal to H/O-Kanhai Barnawal and From Shiv Mandir to Shiv Shankar Vastralaya at Moh-Nala Road Under G.M.C. Ward No-18, Gaya Ji.",2026-08-24 15:00,,,no,Hard-reject: civil/electrical/administrative signal 'nala' — not a Meril product.
463,137650,NIT-15/2026-27/GR81,Urban Development and Housing Department,Construction of PCC from Goraiya baba Asthan to H/O an il Mishra via H/O Ramjee barnwaal and Road and RCC road from H/O Pawan Kumar barnwal to H/O bhuneshwar sharma at Moh- Makhlotganj under GMC Ward no. 18 gaya ji.,2026-08-24 15:00,,,no,Hard-reject: civil/electrical/administrative signal 'cc road' — not a Meril product.
464,137651,NIT-15/2026-27/GR82,Urban Development and Housing Department,"Construction of P.C.C. Road from H/O-Ashok Ji to Bari Road at Moh-Adarsh Colony Under G.M.C. Ward No-19, Gaya Ji.",2026-08-24 15:00,,,no,"The tender is for road construction, unrelated to medical or diagnostic products."
465,137652,NIT-15/2026-27/GR83,Urban Development and Housing Department,"Construction of R.C.C. Culvert Near Kiran Tea Shop at K.P.Lane Under G.M.C. Ward No-19, Gaya Ji.",2026-08-24 15:00,,,no,"The tender is for construction of an RCC culvert, which is a civil infrastructure project unrelated to medical or diagnostic products."
466,137654,NIT-15/2026-27/GR84,Urban Development and Housing Department,Construction of RCC. Drain and Culvert from City Light in bari Road to wards H/O Laxmi ji under GMC. Ward No. 19 gayaji.,2026-08-24 15:00,,,no,"The tender describes civil construction of a drain and culvert, unrelated to medical or diagnostic products."
467,137655,NIT-15/2026-27/GR85,Urban Development and Housing Department,Construction of RCC drain from H/O Tannu Gupta to Tekari road Shiv Mandir under GMC. Ward no. 19 gayaji.,2026-08-24 15:00,,,no,"The tender is for construction of an RCC drain, which is civil infrastructure and unrelated to medical or diagnostic products."
468,137504,NIT-15/2026-27/GR09,Urban Development and Housing Department,Construction of PCC road from h/o Birendra Ji to Ramashish Master in Ward No. 03 under Nagar Nigam Gayaji,2026-08-24 15:00,,,no,Hard-reject: civil/electrical/administrative signal 'pcc road' — not a Meril product.
469,137505,NIT-15/2026-27/GR14,Urban Development and Housing Department,Construction of P.C.C. Road and R.C.C. Drain from H/O-Jai Ji to H/O-Arun Verma Ward No-03 Under G.M.C. Gaya ji.,2026-08-24 15:00,,,no,"The tender is for construction of a road and drainage, unrelated to medical or diagnostic products."
470,137506,NIT-15/2026-27/GR16,Urban Development and Housing Department,Construction of P.C.C. Road and R.C.C. Drain from Nipun Singh to Dwarika ji Shop via Jagdish Prasad in road no. 05 New gali no.01 in Ward No-03 Under G.M.C. Gaya ji.,2026-08-24 15:00,,,no,"The tender is for road and drain construction, which is unrelated to surgical or diagnostic products."
472,137508,NIT-15/2026-27/GR20,Urban Development and Housing Department,Construction of P.C.C. Road and R.C.C. Drain from Durga Asthan to Lalji Yadav in Ward No-04 Under G.M.C. Gaya ji.,2026-08-24 15:00,,,no,"The tender is for road and drain construction, unrelated to medical or diagnostic products."
473,137509,NIT-15/2026-27/GR21,Urban Development and Housing Department,Construction of P.C.C. Road from Bageshwari Pravesh Dwar to Kari sah via Charmuhani to Park in Ward No-04 Under G.M.C. Gaya ji.,2026-08-24 15:00,,,no,"The tender is for road construction (P.C.C. road), which is unrelated to Meril's surgical or diagnostic products."
474,137511,NIT-15/2026-27/GR22,Urban Development and Housing Department,Construction of R.C.C. Drain in Phase-01 Road No-03 from the house Niraj Kumar Singh to the house of Kamal Kant Pandey up to Drain Ward No-04 Under G.M.C. Gaya ji.,2026-08-24 15:00,,,no,"The tender is for construction of a concrete drain, which is unrelated to medical or diagnostic products."
475,137514,NIT-15/2026-27/GR23,Urban Development and Housing Department,Construction of R.C.C. Drain From H/O-Munna ji to Maila Khad main Drain in Ward No-04 Under G.M.C. Gaya ji.,2026-08-24 15:00,,,no,"The tender is for construction of an RCC drain, a civil work unrelated to medical or diagnostic products."
476,137517,NIT-15/2026-27/GR24,Urban Development and Housing Department,Construction of P.C.C. Road in Shyam Pyare Gali From H/O-Pandit ji to Rahul Srivastav in Ward No-04 Under G.M.C. Gaya ji.,2026-08-24 15:00,,,no,"The tender is for road construction, which is unrelated to Meril's surgical or diagnostic products."
477,137519,NIT-15/2026-27/GR25,Urban Development and Housing Department,Construction of P.C.C. Road and RCC drain in h/o Mohan Singh to IT Suraj Tiwari and Rajendra Rawati in Ward No-04 Under G.M.C. Gaya ji.,2026-08-24 15:00,,,no,"Tender is for construction of a road and RCC drain, which is unrelated to medical or diagnostic products."
478,137521,NIT-15/2026-27/GR26,Urban Development and Housing Department,Construction of RCC drain in Barish Nagar Masjid to Rambali Yadav house in Ward No-05 Under G.M.C. Gaya ji.,2026-08-24 15:00,,,no,"The tender is for construction of an RCC drain, which is civil infrastructure and unrelated to medical or diagnostic products."
479,137523,NIT-15/2026-27/GR27,Urban Development and Housing Department,Construction of PCC road in Moh. Barish Nagar from h/o Tarun ji to Ramshila Dhobiya Ghat in Ward No-05 Under G.M.C. Gaya ji.,2026-08-24 15:00,,,no,Hard-reject: civil/electrical/administrative signal 'pcc road' — not a Meril product.
480,137412,NIT-15/2026-27/GR01,Urban Development and Housing Department,"Construction of RCC drain form h/o Dilip Kumar to h/o Raju Yadav H/o Sanjay Kumar (Teacher) with Branch road of Premlata Madam (Teacher) and Ramanuj Kumar (Teacher) at Moh. Vishnupuri Colony Kharkhura Bathbigha Road No. 05 Ward No. 01 under Nagar Nigam, Gayaji",2026-08-24 15:00,,,no,"The tender describes civil construction of an RCC drain and road, which is unrelated to medical, surgical, or diagnostic products."
481,137415,NIT-15/2026-27/GR03,Urban Development and Housing Department,Construction of P.C.C. Road From H/O-Ajay Kushwaha to Dano Asthan at Moh-Kharkhura bhat Bigha Road No-05 Ward No-01 Under G.M.C. Gaya ji.,2026-08-24 15:00,,,no,"The tender is for road construction (P.C.C. road), which is unrelated to surgical or diagnostic products."
482,137418,NIT-15/2026-27/GR04,Urban Development and Housing Department,Construction of RCC drain in Bhat Bigha Kharkhura from h/o Tipu Bhagat to Delha Kharkhura main road Ward No-01 Under G.M.C. Gaya ji.,2026-08-24 15:00,,,no,"The tender is for civil construction of a drainage system, unrelated to medical or diagnostic products."
483,137420,NIT-15/2026-27/GR05,Urban Development and Housing Department,"Construction of PCC Road and RCC Drain Near H/O-Abdhesh Yadav, Gali of Sanjay yadav and From H/O-Surendra yadav to H/O-Sanjay Yadav at Moh-Kharkhura Bahtt Bigha Road No-05 Under G.M.C. Gaya Ji.",2026-08-24 15:00,,,no,Hard-reject: civil/electrical/administrative signal 'pcc road' — not a Meril product.
484,137425,NIT-15/2026-27/GR06,Urban Development and Housing Department,Construction of PCC Road & RCC Drain in Delha Mahadalit Tola Under G.M.C. Ward No-02 at Gaya Ji.,2026-08-24 15:00,,,no,Hard-reject: civil/electrical/administrative signal 'pcc road' — not a Meril product.
485,137429,NIT-15/2026-27/GR07,Urban Development and Housing Department,Construction of Paver Block Road in Moh-Delha From Shree Banket Hall to Gusul Khana Road in Ward No. 02 Under G.M.C. Gaya Ji.,2026-08-24 15:00,,,no,"The tender is for road construction, which is unrelated to medical or diagnostic products."
486,137432,NIT-15/2026-27/GR10,Urban Development and Housing Department,Construction of P.C.C. Road From H/O-Krishna Paswan to Ramlakhan Ji & H/O-Sahida Ji to Anant Ji Ward No-03 Under G.M.C. Gaya ji.,2026-08-24 15:00,,,no,"The tender is for road construction, unrelated to medical, surgical, or diagnostic products."
487,137433,NIT-15/2026-27/GR11,Urban Development and Housing Department,Construction of RCC drain and PCC road from h/o Ajay Sharma to Gopal ji in Ward No-03 Under G.M.C. Gaya ji.,2026-08-24 15:00,,,no,Hard-reject: civil/electrical/administrative signal 'pcc road' — not a Meril product.
488,137434,NIT-15/2026-27/GR12,Urban Development and Housing Department,Construction of PCC road and RCC drain from h/o Sanjay Mishra to H/o Krishna Ram in Ward No-03 Under G.M.C. Gaya ji.,2026-08-24 15:00,,,no,Hard-reject: civil/electrical/administrative signal 'pcc road' — not a Meril product.
489,137436,NIT-15/2026-27/GR13,Urban Development and Housing Department,Construction of P.C.C. Road and R.C.C. Drain from H/O-Abdhesh Prasad to Tapan Ji Ward No-03 Under G.M.C. Gaya ji.,2026-08-24 15:00,,,no,"The tender is for construction of a road and drain, unrelated to medical or diagnostic products."
490,137439,NIT-15/2026-27/GR17,Urban Development and Housing Department,"Construction of RCC Drain and PCC Road From H/O-Birjanandan Singh (Bal Krishn) to Ajit Kumar Under G.M.C. Ward No-03, Gaya Ji.",2026-08-24 15:00,,,no,Hard-reject: civil/electrical/administrative signal 'pcc road' — not a Meril product.
491,137440,NIT-15/2026-27/GR19,Urban Development and Housing Department,"Construction of Only PCC Road From H/O-Sarju to Ranjeet ji to Ahra and Arun Keshri to Binay Keshri Under G.M.C. Ward No-04, Gaya Ji.",2026-08-24 15:00,,,no,Hard-reject: civil/electrical/administrative signal 'pcc road' — not a Meril product.
492,137271,NIT NO-02/2026-27/ Naubatpur,Urban Development and Housing Department,Request for Proposal for Selection of Agencies for Providing Outsourced Manpower for Performing and Managing Day to Day Activities related to sanitation work for Nagar Panchayat Naubatpur.,2026-08-24 15:00,,,no,"Tender is for outsourced sanitation manpower services, unrelated to medical or diagnostic products."
493,138104,NIT-15/2026-27/GR232,Urban Development and Housing Department,Construction of RCC drain from Pramauti Mandir Gate to main under ward no. 47 under GMC. Gayaji.,2026-08-24 15:00,,,no,"The tender is for civil construction of an RCC drain, unrelated to surgical or diagnostic products."
494,138105,NIT-15/2026-27/GR268,Urban Development and Housing Department,"Construction of RCC drain and PCC road from h/o Ramvallabh Babu to Ghat end point in Moh Lakhibagh in Ward No. 53 under Nagar Nigam, Gayaji",2026-08-24 15:00,,,no,Hard-reject: civil/electrical/administrative signal 'pcc road' — not a Meril product.
495,138048,NIT-15/2026-27/GR263,Urban Development and Housing Department,Construction of PCC Road & RCC Drain with cover slab from Manoj Yadav h/o via Satendra Kumar h/o to Shivnandan Prasad Under G.M.C. Ward No-52 at Gaya Ji.,2026-08-24 15:00,,,no,Hard-reject: civil/electrical/administrative signal 'pcc road' — not a Meril product.
496,138049,NIT-15/2026-27/GR264,Urban Development and Housing Department,Construction of RCC drain and PCC from H/O Raja to pain nala mohalla kirishnapuri ward  no. 53 under GMC gayaji.,2026-08-24 15:00,,,no,Hard-reject: civil/electrical/administrative signal 'nala' — not a Meril product.
497,138051,NIT-15/2026-27/GR265,Urban Development and Housing Department,Construction of  PCC from H/O shailesh sharma to H/O Rajendra yadav to via H/O Dinesh yadav Mohalla Krishnapuri under ward no. 53 G.M.c Gayaji.,2026-08-24 15:00,,,no,The tender describes construction of PCC (plain cement concrete) with no medical or diagnostic context.
498,138054,NIT-15/2026-27/GR266,Urban Development and Housing Department,Construction of RCC drain and PCC from H/O jahangir to H/O Hasin via Urdu Middle school to H/O Arshad in Mohalla salempur ward no. 53 under G.M.c Gayaji.,2026-08-24 15:00,,,no,"The tender describes construction of a concrete drain, which is a civil infrastructure project unrelated to medical or diagnostic products."
499,138056,NIT-15/2026-27/GR267,Urban Development and Housing Department,Construction of R.C.C Drain & P.C.C Road From H/O-Ramanuj Sharma to H/O-Sanjay Sharma in Moh-Lakhibag in Ward NO-53 Under G.M.C. Gaya Ji.,2026-08-24 15:00,,,no,"The tender is for construction of a road and drain, which is unrelated to medical or diagnostic products."
500,138057,NIT-15/2026-27/GR269,Urban Development and Housing Department,Construction of RCC drain and PCC from H/O Ramnandan singh to H/O Vasant Babu khatagi khothi in ward no. 53 under GMC Gayaji.,2026-08-24 15:00,,,no,"The tender is for construction of RCC drain and PCC, a civil work unrelated to Meril's surgical or diagnostic products."
502,138060,NIT-15/2026-27/GR271,Urban Development and Housing Department,Construction of RCC drain and PCC from Salempur more Road to H/O Surendra yadav via Jaydeep hospital  to Pain nala in ward no. 53 under GMC. Gayaji.,2026-08-24 15:00,,,no,Hard-reject: civil/electrical/administrative signal 'nala' — not a Meril product.
503,138067,NIT-15/2026-27/GR15,Urban Development and Housing Department,"Construciton of RCC drain and PCC road from h/o Surendra Kumar to Mandir and h/o Shankar ji to Lacho devi (Ward Councilor) in Ward No. 03 under Nagar Nigam, Gayaji.",2026-08-24 15:00,,,no,Hard-reject: civil/electrical/administrative signal 'pcc road' — not a Meril product.
504,138044,NIT-15/2026-27/GR262,Urban Development and Housing Department,Construction of PCC Road & RCC Drain H/O-Abdhesh Singh to to H/O-Birendra Singh Under G.M.C. Ward No-52 at Gaya Ji.,2026-08-24 15:00,,,no,Hard-reject: civil/electrical/administrative signal 'pcc road' — not a Meril product.
505,138075,NIT-15/2026-27/GR38,Urban Development and Housing Department,"Construciton of RCC drain and PCC road from H/o Daho Miyan to Lalu Murgi Wahab Hotel to Sabbir and Diffrent places in Panchatiya Akhara in Ward No. 07 under Nagar Nigam, Gayaji.",2026-08-24 15:00,,,no,Hard-reject: civil/electrical/administrative signal 'pcc road' — not a Meril product.
506,138040,NIT-15/2026-27/GR260,Urban Development and Housing Department,Construction of RCC Drain From H/O-Ratan ji to H/O-Abhishek ji via H/O-Pappu Ji Under G.M.C. Ward No-52 at Gaya Ji.,2026-08-24 15:00,,,no,"The tender is for construction of an RCC drain, a civil infrastructure project, not related to Meril's surgical or diagnostic products."
507,138079,NIT-17/2026-27/GROUP02,Urban Development and Housing Department,"Construction of R.C.C. Drain From H/O-Mahendra Gupta to Shop of Kasturi Lal Gupta via H/O-Bigan Babu at west side of Ramna Kanya School Chauraha Under G.M.C. Ward No-22, Gaya Ji.",2026-08-24 15:00,,,no,"The tender describes civil construction of a concrete drain, unrelated to medical or diagnostic products."
508,138080,NIT-17/2026-27/GR01,Urban Development and Housing Department,"Construction of R.C.C. Drain in Nala Road from Railway Cinema-Station Road towards Swaraj Puri Road Under G.M.C. Ward No-18, Gaya Ji.",2026-08-24 15:00,,,no,Hard-reject: civil/electrical/administrative signal 'nala' — not a Meril product.
509,138081,NIT-17/2026-27/GR03,Urban Development and Housing Department,Construction of P.C.C. Road & R.C.C Drain From H/O-Sri Sanjay Yadav to H/O-Shankar Prasad in Mohalla-Narayan Nagar Dhaniya Bagicha Road No-04 Ward No-27 Under G.M.C. Gayaji.,2026-08-24 15:00,,,no,"The tender is for construction of a road and drainage, unrelated to medical or diagnostic products."
510,138082,NIT-17/2026-27/GR04,Urban Development and Housing Department,"Construction of P.C.C. Road & R.C.C. Drain, at Bam Baba Bageshwari Bhui Toli From H/O-Lt. Tilak Manjhi to H/O-Laxman Manjhi via Abdhes Manjhi to Surendra Bin Under G.M.C. Ward No-6  Gaya Ji.",2026-08-24 15:00,,,no,"The tender is for construction of a road and drainage, unrelated to medical or diagnostic products."
511,137817,NIT-07/2026-27 GR-01 T,Urban Development and Housing Department,Extention of piped water supply scheme in ward no-05 under Nagar Parishad Chakia.,2026-08-24 15:00,,,no,Hard-reject: civil/electrical/administrative signal 'water supply' — not a Meril product.
512,137818,NIT-07/2026-27 GR-02 T,Urban Development and Housing Department,Extention of piped water supply scheme in ward no-01 under Nagar Parishad Chakia.,2026-08-24 15:00,,,no,Hard-reject: civil/electrical/administrative signal 'water supply' — not a Meril product.
513,137819,NIT-07/2026-27 GR-03 T,Urban Development and Housing Department,Extention of piped water supply scheme in ward no-25 under Nagar Parishad Chakia.,2026-08-24 15:00,,,no,Hard-reject: civil/electrical/administrative signal 'water supply' — not a Meril product.
514,136800,PR_008684/26-27,Urban Development and Housing Department,"Selection of Agency for the Integrated Media & Communication Support for Strategic Communication and Public Outreach Enhancement Initiative for Urban Development and Housing Department, Bihar",2026-08-24 15:00,,,no,"The tender is for media and communication services for urban development, unrelated to medical or diagnostic products."
515,137297,"NIT- 02 / 2026-27, Gr-01",Urban Development and Housing Department,"Supplying, Installation and maintenance of 90 watt L.E.D. Street Lights on existing electric poles in ward no-01 to 20 under Nagar Panchayat Singhia, Samastipur.",2026-08-24 15:00,,,no,"The tender is for supplying and installing LED street lights, which is unrelated to medical or diagnostic products."
516,137298,"NIT- 02 / 2026-27, Gr-02",Urban Development and Housing Department,"Supplying, Installation and maintenance of 70 watt L.E.D. Street Lights on existing electric poles in ward no-01 to 20 under Nagar Panchayat Singhia, Samastipur.",2026-08-24 15:00,,,no,"The tender is for supplying and installing LED street lights, which is unrelated to medical or diagnostic products."
517,136863,7558/BSFCSL/HQ/Finance/CLA1,Bihar State Food and Civil Supplies Corporation Limited,"RFP FOR THE SELECTION OF AGENCIES/CONSULTANTS (CLA 1) FOR ACCOUNTING, FINANCIAL MANAGEMENT, TAXATION, COMPANIES ACT AND OTHER FINANCIAL MATTERS.",2026-08-24 16:00,,,no,"The tender is for accounting and financial consultancy services, unrelated to medical or diagnostic products."
518,137106,BUIDCO/Yo-3095/2025-53,Bihar Urban Infrastructure Development Corporation Ltd.,Construction of Purnea Bus Stand Project,2026-08-24 16:00,,,no,"The tender is for a bus stand construction project, unrelated to medical or diagnostic products."
519,137234,NIT-12/2026-27,Urban Development and Housing Department,"Design, Build, construct, install, commissioning of compost plant of 10 TPD for wet waste along with operation and maintenance of plant for 5 years including the tipping fee",2026-08-24 16:00,,,no,Hard-reject: civil/electrical/administrative signal 'compost plant' — not a Meril product.
520,137235,NIT-11/2026-27,Urban Development and Housing Department,"Design, Build, construct, install, and commissioning of Material Recovery Facility (MRF) of 10 TPD for dry waste along with operation and maintenance of the plant for 5 years",2026-08-24 16:00,,,no,"Tender concerns construction and operation of a material recovery facility for dry waste, which is unrelated to medical or diagnostic products."
521,137226,BUIDCo/Yo-3538/2026 (Part- 02)-54 (Gr-04),Bihar Urban Infrastructure Development Corporation Ltd.,Hajipur Sewerage Network and STP Scheme under AMRUT 2.0,2026-08-24 17:00,,,no,"The tender concerns a sewerage network and STP scheme, which is civil infrastructure unrelated to medical or diagnostic products."
522,137202,"COMFED:ENGG:3918 DT. 29.07.2026, Sl. No. 01.",Bihar State Milk Cooperative Federation Limited,"Supply, installation, testing and commissioning of Automatic wrapping machine for Lolly / Candy ice cream - 01 set at Nalanda Dairy, Bihar Sharif as per technical specification of tender document.",2026-08-24 17:00,,,no,Hard-reject: civil/electrical/administrative signal 'nala' — not a Meril product.
523,137203,"COMFED:ENGG:3918 DT. 29.07.2026, Sl. No. 02.",Bihar State Milk Cooperative Federation Limited,"Supply, installation, testing and commissioning Brine Tank with Refrigeration system - 01 set at Nalanda Dairy, Bihar Sharif as per technical specification of tender document.",2026-08-24 17:00,,,no,Hard-reject: civil/electrical/administrative signal 'nala' — not a Meril product.
524,137204,"COMFED:ENGG:3918 DT. 29.07.2026, Sl. No. 03.",Bihar State Milk Cooperative Federation Limited,"Supply, installation, testing and commissioning of Continuous Ice-cream freezer - 01 set at Nalanda Dairy, Bihar Sharif as technical specification of tender document.",2026-08-24 17:00,,,no,Hard-reject: civil/electrical/administrative signal 'nala' — not a Meril product.
525,137205,"COMFED:ENGG:3918 DT. 29.07.2026, Sl. No. 04.",Bihar State Milk Cooperative Federation Limited,"Supply, installation, testing and commissioning of Ice Cream Hardening Tunnel - 02 nos. at Nalanda Dairy, Bihar Sharif as per technical specification of tender document",2026-08-24 17:00,,,no,Hard-reject: civil/electrical/administrative signal 'nala' — not a Meril product.
526,137027,"NIT No : Comfed:Mktg:3913, Dated:28.07.2026",Bihar State Milk Cooperative Federation Limited,"Request for Proposal for carrying out the project of the supply of Recipe Based Fortified Food Products (RBFFP) items to any government department/PSUs/Co-operatives under PPP Mode (Boot – Build, Own, Operate and Transfer",2026-08-24 17:00,,,no,"The tender is for supplying fortified food products, which are unrelated to Meril's surgical or diagnostic product lines."
527,136774,NIT No: 07 /2026-27,Urban Development and Housing Department,"Nagar Panchayat Bikram , invites online proposals for Selection of Agencies for Providing Outsourced Manpower for Performing and Managing Day to Day Activities related to sanitation work for Nagar Panchayat Bikram , Patna.",2026-08-24 17:00,,,no,"The tender is for outsourced manpower for sanitation work, unrelated to medical, surgical, or diagnostic products."
528,136766,NIT-15/ 2026-2027/ Biomedical Eqpt./ IGIMS/Store,Indira Gandhi Institute Of Medical Sciences,"Group- A Radiology

64 Detector 128 Slice CT Scan
High End Ultrasound Machine",2026-08-24 17:00,,,no,"The tender is for radiology imaging equipment (CT scanner and ultrasound), which Meril does not sell."
529,134245,BUIDCo/Yo-3575/2026-45(Gr-03),Bihar Urban Infrastructure Development Corporation Ltd.,Begusarai Sewerage Network and STP Scheme under AMRUT 2.0,2026-08-24 17:00,,,no,"The tender concerns a sewerage network and sewage treatment plant, unrelated to medical or diagnostic products."
530,137305,NIT 11/2026-27/GR-02,Bihar Police Building Construction Corporation,CONSTRUCTION OF CIRCLE INSPECTOR OFFICE CUM RESIDENTIAL BUILDING AT RAJAULI IN THE DISTRICT OF NAWADA WITH ELECTRIFICATION,2026-08-24 17:00,,,no,"The tender is for construction of an office/residential building with electrification, unrelated to medical or diagnostic products."
532,137303,NIT 11/2026-27/GR-01,Bihar Police Building Construction Corporation,CONSTRUCTION OF SUB DIVISIONAL PROBATION OFFICE BUILDING AT MANDAL KARA BIKRAMGANJ IN THE DISTRICT OF ROHTAS WITH ELECTRIFICATION,2026-08-24 17:00,,,no,"The tender is for construction of a probation office building with electrification, unrelated to medical or diagnostic products."
533,138014,"NIT NO-19/BIADA/2026-27, Group-01",Bihar Industrial Area Development Authority,"Shifting of 11 KV Electric Line from Plot No.-IP-06 at Industrial Area, Bariyarpur (Motipur)",2026-08-24 17:00,,,no,Hard-reject: civil/electrical/administrative signal '11 kv' — not a Meril product.
534,138015,NIT-19/BIADA/2026-27 (Gr.-2),Bihar Industrial Area Development Authority,"Shifting of 11 KV Electric Line from Plot No.-IP-08 at Industrial Area, Bariyarpur (Motipur)",2026-08-24 17:00,,,no,Hard-reject: civil/electrical/administrative signal '11 kv' — not a Meril product.
535,138016,NIT-18/BIADA/2026-27,Bihar Industrial Area Development Authority,"Repair and Renovation of Toilet & Roof Sheet of Shed Building at  Bag Cluster, Industrial Area- Muzaffarpur",2026-08-24 17:00,,,no,Hard-reject: civil/electrical/administrative signal 'renovation' — not a Meril product.
536,138074,Re NIT No-01/2026-27/Supaul (Group - 01),Bihar Urban Infrastructure Development Corporation Ltd.,Nagar Parishad Supaul me Ward no- 17 me Milan Mairej Chowk se Bramasthan chowk tak Nala nirman work,2026-08-24 17:00,,,no,Hard-reject: civil/electrical/administrative signal 'nala' — not a Meril product.
537,136742,489/UM Dated-23.07.2026,Department of Industries,Request for Proposal for Selection of Agency for Establishment of Bihar MSME Studio under RAMP,2026-08-24 18:00,,,no,"The tender concerns establishing an MSME studio, unrelated to medical or diagnostic products."
538,134887,BREDA/RFP/BEE/02/2026-27,Bihar Renewable Energy Development Agency,"Selection of a Supplier for Supply of Energy Efficient Appliances i.e. LED Bulb, LED Tube light and BLDC Ceiling Fan to the Selected Govt. Schools across Bihar State.",2026-08-24 23:30,,,no,"The tender is for LED lighting and fans for schools, unrelated to medical or diagnostic products."
539,136756,RFP No.:3 e-proc/ BETDS / ECOTOURISM/RFP/ 2026- 27,"Environment, Forest & Climate Change Department",Request for Proposal (RFP) For Empanelment of Architect Consultants for Bihar Eco Tourism Development Society (BETDS).,2026-08-25 14:00,,,no,"The tender is for architect consultancy services for eco‑tourism development, unrelated to medical, surgical, or diagnostic products."
540,136953,BIOMETRIC/01/2026..,"BIHAR PUBLIC SERVICE COMMISSION, PATNA",E-Tender responses invited from Experienced Agencies for empanelment to provide Security Ancillary services during multiple examination being conducted by  BPSC throughout the State,2026-08-25 15:00,,,no,"The tender is for security ancillary services, unrelated to medical, surgical, or diagnostic products."
541,137137,E-TENDER 10/2026-27,Urban Development and Housing Department,"RE-COMMISSIONING OF ELECTRIC CREMATORIUM, 
UNDER NAGAR NIGAM, MUNGER",2026-08-25 15:00,,,no,"The tender concerns re‑commissioning an electric crematorium, which is unrelated to surgical/endoscopic or diagnostic products."
542,137688,NIT No - 05/2026-27/Gr-01 Re-Tender,Urban Development and Housing Department,"Installation of pipeline and household water connection work under the 'Nal-Jal' scheme in Ward No. 09, near the residence of Santosh Rai.GROUP-01",2026-08-25 15:00,,,no,"The tender is for water pipeline and household connection work, unrelated to medical or diagnostic products."
543,137554,05/2026-2027,Urban Development and Housing Department,EOI FOR EMPANELMENT OF AGENCY FOR COMPREHENSIVE REPAIR & MAINTENANCE OF WATER SUPPLY SCHEME UNDER NAGAR PANCHAYAT KORHA KATIHAR,2026-08-25 15:00,,,no,Hard-reject: civil/electrical/administrative signal 'water supply' — not a Meril product.
544,137982,NIT NO-BRPNNL/GAY/C003/ 458,Bihar Rajya Pul Nirman Nigam Limited,"Demolition of Old Superstructure & Construction of New Superstructure including overall Maintenance + Retrofitting work of High Level RCC Bridge (4X21.75M) in Gaya Koilwan Road via Pirthu, Vishambharpur, Gothani Road at chainage-0.89 KM in Aurangabad District .",2026-08-25 15:00,,,no,"The tender concerns demolition and construction of a bridge, which is unrelated to surgical or diagnostic products."
545,137879,GR-07/NIT- Re E-02/2026-27/LAEO/WD-01 MOTIHARI,"Local Area Engineering Organization, Planning & Development Department","""Construction work of Community building-cum-workshed in Mauja Belghatti of Madhurapur Panchayat under Chakia Block. (Thana No.-94, Khata No.-200, Khesra Number-833)",2026-08-25 15:00,,,no,"The tender is for construction of a community building, unrelated to medical or diagnostic products."
546,137876,GR-06/NIT- Re E-02/2026-27/LAEO/WD-01 MOTIHARI,"Local Area Engineering Organization, Planning & Development Department","""Construction work of Community building-cum-workshed in Mauja Bhagwanpur of Bhagwanpur Panchayat under Chakia Block. (Thana No.-71, Khata No.-121, Khesra Number-13)",2026-08-25 15:00,,,no,"The tender is for construction of a community building, unrelated to medical or diagnostic products."
547,137874,GR-05/NIT- Re E-02/2026-27/LAEO/WD-01 MOTIHARI,"Local Area Engineering Organization, Planning & Development Department","""Construction work of Community building-cum-workshed in Mauja Karriya of Kanchedwa Panchayat under Harsidhi Block. (Thana No.-116, Khata No.-137, Khesra Number-61)",2026-08-25 15:00,,,no,"The tender is for construction of a community building, unrelated to medical or diagnostic products."
548,137884,GR-08/NIT- Re E-02/2026-27/LAEO/WD-01 MOTIHARI,"Local Area Engineering Organization, Planning & Development Department","""Construction work of Community building-cum-workshed in Mauja Kurmiya Tola of Daya Chapra Panchayat under Chakia Block. (Thana No.-88, Khata No.-84, Khesra Number-203)",2026-08-25 15:00,,,no,"The tender is for construction of a community building, which is unrelated to Meril's surgical or diagnostic products."
549,137905,GR-13/NIT- Re E-02/2026-27/LAEO/WD-01 MOTIHARI,"Local Area Engineering Organization, Planning & Development Department","""Construction work of Community building-cum-workshed in Mauja Fulwariya of Harpur Fulwariya Panchayat under Chakia Block. (Thana No.-16, Khata No.-87, Khesra Number-537)",2026-08-25 15:00,,,no,"The tender is for construction of a community building, unrelated to medical or diagnostic products."
550,137906,GR-14/NIT- Re E-02/2026-27/LAEO/WD-01 MOTIHARI,"Local Area Engineering Organization, Planning & Development Department","""Construction work of Community building-cum-workshed in Mauja Hasanpur of Kuwarpur Panchayat under Chakia Block. (Thana No.-67, Khata No.-148, Khesra Number-858)",2026-08-25 15:00,,,no,"The tender is for construction of a community building, unrelated to medical or diagnostic products."
551,137907,GR-15/NIT- Re E-02/2026-27/LAEO/WD-01 MOTIHARI,"Local Area Engineering Organization, Planning & Development Department","""Construction work of Community building-cum-workshed in Mauja Chaknagri of Bhimalpur Panchayat under Mehsi Block. (Thana No.-171, Khata No.-73, Khesra Number-559)",2026-08-25 15:00,,,no,"The tender is for construction of a community building, unrelated to medical or diagnostic products."
552,137908,GR-16/NIT- Re E-02/2026-27/LAEO/WD-01 MOTIHARI,"Local Area Engineering Organization, Planning & Development Department","""Construction work of Community building-cum-workshed in Mauja Thothra of Rajepur Panchayat under Mehsi Block. (Thana No.-179, Khata No.-38, Khesra Number-238)",2026-08-25 15:00,,,no,"The tender is for construction of a community building, which is unrelated to Meril's surgical or diagnostic products."
553,137909,GR-17/NIT- Re E-02/2026-27/LAEO/WD-01 MOTIHARI,"Local Area Engineering Organization, Planning & Development Department","""Construction work of Community building-cum-workshed in Mauja Madhopur Kesho of Rajepur Panchayat under Mehsi Block. (Thana No.-176, Khata No.-60, Khesra Number-214)",2026-08-25 15:00,,,no,"The tender is for construction of a community building, unrelated to medical or diagnostic products."
554,137910,GR-19/NIT- Re E-02/2026-27/LAEO/WD-01 MOTIHARI,"Local Area Engineering Organization, Planning & Development Department","""Construction work of Community building-cum-workshed in Mauja Kothia of Kothia Hariram Panchayat under Mehsi Block. (Thana No.-186, Khata No.-437, Khesra Number-2872)",2026-08-25 15:00,,,no,"The tender is for construction of a community building, unrelated to medical or diagnostic products."
555,137911,GR-20/NIT- Re E-02/2026-27/LAEO/WD-01 MOTIHARI,"Local Area Engineering Organization, Planning & Development Department","""Construction of Boundary Wall of Sri Ram Janki Math in Lohargaon Panchayat under Kesariya Block.",2026-08-25 15:00,,,no,Hard-reject: civil/electrical/administrative signal 'boundary wall' — not a Meril product.
556,137900,GR-09/NIT- Re E-02/2026-27/LAEO/WD-01 MOTIHARI,"Local Area Engineering Organization, Planning & Development Department","""Construction work of Community building-cum-workshed in Mauja Sariatpur Khav Tola of Harpur Panchayat under Chakia Block. (Thana No.-70, Khata No.-170, Khesra Number-1121)",2026-08-25 15:00,,,no,"The tender is for construction of a community building, unrelated to medical or diagnostic products."
557,137901,GR-10/NIT- Re E-02/2026-27/LAEO/WD-01 MOTIHARI,"Local Area Engineering Organization, Planning & Development Department","""Construction work of Community building-cum-workshed in Mauja Brindaban Tola of Madhuban Bediban Panchayat under Chakia Block. (Thana No.-103, Khata No.-452, Khesra Number-834)",2026-08-25 15:00,,,no,"The tender is for construction of a community building, unrelated to medical or diagnostic products."
558,137902,GR-11/NIT- Re E-02/2026-27/LAEO/WD-01 MOTIHARI,"Local Area Engineering Organization, Planning & Development Department","""Construction work of Community building-cum-workshed in Mauja Balba of Mahuava Panchayat under Chakia Block. (Thana No.-117, Khata No.-142, Khesra Number-661)",2026-08-25 15:00,,,no,"The tender is for construction of a community building, unrelated to medical or diagnostic products."
559,137903,GR-12/NIT- Re E-02/2026-27/LAEO/WD-01 MOTIHARI,"Local Area Engineering Organization, Planning & Development Department","""Construction work of Community building-cum-workshed in Mauja Sirsiya of Hardiyabad Panchayat under Chakia Block. (Thana No.-100, Khata No.-136, Khesra Number-1042)",2026-08-25 15:00,,,no,"The tender is for construction of a community building, unrelated to medical, surgical, or diagnostic products."
560,137838,GR-01/NIT- Re E-02/2026-27/LAEO/WD-01 MOTIHARI,"Local Area Engineering Organization, Planning & Development Department","""Construction work of Community building-cum-workshed in Mauja Jaisinghpur of Jaisinghpur South Panchayat under Turkauliya Block. (Thana No.-85, Khata No.-813, Khesra Number-4863)",2026-08-25 15:00,,,no,"The tender is for construction of a community building, unrelated to medical or diagnostic products."
562,137867,GR-03/NIT- Re E-02/2026-27/LAEO/WD-01 MOTIHARI,"Local Area Engineering Organization, Planning & Development Department","""Construction work of Community building-cum-workshed in Mauja Bairagi Dhobiya Mahadlit Tola of Belwa Rai Panchayat ward-15 under Turkauliya Block. (Thana No.-72, Khata No.-292, Khesra Number-995)",2026-08-25 15:00,,,no,"The tender is for construction of a community building, unrelated to medical or diagnostic products."
563,137871,GR-04/NIT- Re E-02/2026-27/LAEO/WD-01 MOTIHARI,"Local Area Engineering Organization, Planning & Development Department","""Construction work of Community building-cum-workshed in Mauja Kanchedwa of Kanchedwa Panchayat under Harsidhi Block. (Thana No.-122, Khata No.-310, Khesra Number-113)",2026-08-25 15:00,,,no,"The tender is for construction of a community building, unrelated to medical or diagnostic products."
564,138061,NIT No.-05/2026-27/Gr-02 Re-Tender,Urban Development and Housing Department,"In Ward No. 06, laying of the compound pipeline and home water connections along with related tap-water work in 220 houses by Amrit Mankanjmand Jnda. GROUP-02",2026-08-25 15:00,,,no,"The tender concerns civil water pipeline and tap‑water work for houses, unrelated to medical or diagnostic products."
565,138063,NIT No.-05/2026-27/Gr-03 Re-Tender,Urban Development and Housing Department,"In Ward No. 10, installation work of the compound pipeline and household water connections along with related tap-water work in 250 houses by Amrit Mankanjmat Jnda. GROUP-03",2026-08-25 15:00,,,no,"The tender concerns water pipeline and household tap-water installation, unrelated to medical or diagnostic products."
566,138039,NIT05/2026-27/MRF RETENDER,Urban Development and Housing Department,"Design, Build, Construct, Install, and Commissioning of Material Recovery Facility (MRF) of 10 TPD for dry waste along with operation and maintenance of the Plant for 5 years",2026-08-25 15:00,,,no,"The tender is for constructing and operating a material recovery facility for dry waste, unrelated to medical or diagnostic products."
567,138169,E-Tender - 09/2026-27,Urban Development and Housing Department,Supplying and installation of 1103 (90 watt) LED Street Light in ward no. 01 to 11 of  NP Dinara.(with maintenance of five years).,2026-08-25 15:00,,,no,"The tender is for supplying and installing LED street lights, which are not surgical/endoscopic or diagnostic products sold by Meril."
568,137822,RE NIT 05/2026-27/IEMD WALMI/PATNA,Water Resources Department,"OPERATION AND MAINTENANCE OF 04 NOS OF CENTRIFUGAL PUMP SET OF 60 CUSEC CAPACITY AND 29M HEAD, INDUCTION MOTOR EACH IN PUMP HOUSE INCLUIDING OTHER ALLIED MECHANICAL AND ELECTRICAL COMPONENTS FOR CHAUSA PUMP CANAL SCHEME IN CHAUSA BLOCK OF BUXAR DISTRICT UNDER IRRIGATION ELCETRICAL CUM MECHANICAL DIVISION, WALMI PATNA FOR PERIOD OF FIVE YEARS.",2026-08-25 15:00,,,no,Hard-reject: civil/electrical/administrative signal 'irrigation' — not a Meril product.
569,137207,NIT- 10/ 2026-27,Urban Development and Housing Department,Construction of PCC Road from House of Bhagaynarayan sharma to house of Subodh kumar in ward no 06 at Nagar Parishad Kanti. (Retender),2026-08-25 15:00,,,no,Hard-reject: civil/electrical/administrative signal 'pcc road' — not a Meril product.
570,137270,NIT-14/2026-27,Urban Development and Housing Department,"Saharsa Nagar Nigam, Ward 36 anatrgat sthit Shivkumar Jha Path me Devalay se Manoj Jha ke Ghar tak, Sadak me Mitti Soling, PCC ewam Side wall ka Nirman Kary.",2026-08-25 16:00,,,no,"The tender describes road and side wall construction work, unrelated to medical or diagnostic products."
571,137216,NIT- 09/ 2026-27,Urban Development and Housing Department,"Design, Build, Construct, Install, and Commissioning of Material Recovery Facility for 5 TPD Dry Waste Along With Operation and Maintenance of the Plant for 5 Years on EPC mode in Nagar Parishad Kanti.",2026-08-25 16:00,,,no,"The tender is for designing, building, and operating a material recovery facility for dry waste, which is unrelated to medical, surgical, or diagnostic products."
572,131200,2223/Food/Weigbridge/2026-27,Food & Consumer Protection Department,"Supply, Installation, Commissioning and Maintenance of Electronic Weighing Machines at Fair Price Shops and Bihar State Food & Civil Supplies Corporation Limited Godowns in the State of Bihar",2026-08-25 17:00,,,no,"The tender is for electronic weighing machines for food supply stores, unrelated to medical or diagnostic products."
573,137269,COMFED:ENGG:3961 DT. 31.07.2026,Bihar State Milk Cooperative Federation Limited,"Supply, installation, testing and commissioning of Instruments for Automation Software Upgradation of existing powder plant at Nalanda Dairy, Biharsharif as per technical specification of tender document under State Plan 2025-26.",2026-08-25 17:00,,,no,Hard-reject: civil/electrical/administrative signal 'nala' — not a Meril product.
574,137218,"NIT No : COMFED: MKTG: 3987, dated:01.08.2026",Bihar State Milk Cooperative Federation Limited,Tender for granting License for operating Sudha Café & Restaurant situated in COMFED's Hqr premises.,2026-08-25 17:30,,,no,"The tender is for a café/restaurant license, unrelated to medical or diagnostic products."
575,136618,NIT No. 68/PR/SBPDCL/2026,South Bihar Power Distribution Company Limited,Procurement of 11 KV Polymer type Station Class Lightning Arrester,2026-08-25 18:00,,,no,Hard-reject: civil/electrical/administrative signal '11 kv' — not a Meril product.
576,137302,TENDER NIT 09/2026-27/NP ARWAL/GR-01,Urban Development and Housing Department,"Design, Build, construct, install, and commissioning of Material Recovery Facility (MRF) plant of 10 TPD for dry waste along with operation and
maintenance of the plant for 5 years on.(GROUP-01)",2026-08-25 18:00,,,no,"The tender is for designing, building, and operating a waste material recovery facility, which is unrelated to medical, surgical, or diagnostic products."
577,137372,TENDER NIT 09/2026-27/NP ARWAL/GR-02,Urban Development and Housing Department,"Design, Build, construct, install, commissioning of compost plant of 10 TPD for wet waste along with
operation and maintenance of plant for 5 years.(GROUP-02)",2026-08-25 18:00,,,no,Hard-reject: civil/electrical/administrative signal 'compost plant' — not a Meril product.
578,137348,32/PR/BSPTCL/2026,Bihar State Power Transmission Company Limited,"Design, Fabrication, Supply, Installation & Commissioning of a Museum-Grade Animated Display Prototype Depicting the Journey of Electricity from Power Generation to End Consumers through the Bihar Transmission & Distribution Network.",2026-08-26 15:00,,,no,"The tender is for a museum-grade animated display about electricity transmission, unrelated to medical or diagnostic products."
579,137141,NIT 03/BCD/NAWADA/2026-27,Building Construction Department,"CONSTRUCTION OF TOILET COMPLEX (G+1) IN CAMPUS OF CIVIL COURT ,NAWADA FINANCIAL YEAR 2026-27",2026-08-26 15:00,,,no,"The tender is for construction of a toilet complex, unrelated to medical or diagnostic products."
580,136985,BBOCWWB/CANTEEN/04/2026-27 DATED 23.07.2026,LABOUR RESOURCES AND MIGRANT WORKERS WELFARE DEPARTMENT,"Request for Proposal (RFP) for Selection of Service Providers for Establishment, Operation, and Management of Subsidized Canteens (Static and Mobile Modes) for Registered Construction Workers in Patna, Bihar",2026-08-26 15:00,,,no,"The tender is for establishing and managing subsidized canteens for construction workers, unrelated to medical or diagnostic products."
581,138137,RFP- 07/2026-27/PUNPUN/UDHD,Urban Development and Housing Department,"Drain Repair, Slab Casting for Existing Drain & Chamber, Filling of Brick Bats, Local Sand, GSB etc. in water logged/low land area, Repairing and patch work of Existing Road & Pavement and other Miscellaneous work in all wards of Nagar Panchayat, Punpun, Patna",2026-08-26 15:00,,,no,"The tender concerns civil drainage and road repair work, unrelated to medical or diagnostic products."
582,138102,NIT- 01/2026 /GR-01,Rural Development Department,Ghorasahan Post Office Ke Paas Pokhara Ka Jirnordhar Aur Park Ka Nirman Karya.(East Champaran),2026-08-26 15:00,,,no,"The tender is for construction of a pond embankment and park, which is unrelated to medical or diagnostic products."
583,138108,NIT- 01/2026 /GR-02,Rural Development Department,Ghorasahan Main Shashi Bhushan Math Ke Paas Pokhara Ka Jirnordhar Awam Park Ka Nirman,2026-08-26 15:00,,,no,"The description refers to construction of a park and drainage, not medical or diagnostic products."
584,138085,NIT-04/2026-27/GROUP01,Urban Development and Housing Department,"Providing Outsourced Manpower for Performing and Managing Day to Day Activities related to sanitation work under Nagar Parishad Shahpur, Patori, Samastipur",2026-08-26 15:00,,,no,"The tender is for outsourced sanitation manpower, unrelated to medical, surgical, or diagnostic products."
585,138145,EOI- 06/2026-27/PUNPUN/UDHD,Urban Development and Housing Department,"EOI FOR EMPANELMENT OF AGENCY FOR PROVIDING SKILLED MAN POWER SERVICES AS AND WHEN AND WHERE REQUIRED WITH ALL EQUIPMENTS & MACHINERIES (OUTSOURCING) FOR COMPREHENSIVE REPAIR, OPERATION AND MAINTENANCE OF URBAN WATER SUPPLY SCHEME UNDER 'PEYJAL NISCHAY YOJANA' OF NAGAR PANCHYAT PUNPUN.",2026-08-26 15:30,,,no,Hard-reject: civil/electrical/administrative signal 'water supply' — not a Meril product.
586,138124,NIT-15/BIADA/2026-27,Bihar Industrial Area Development Authority,CONSTRUCTION OF FLEXIBLE PAVEMENT AT MGC UDAKISHANGANJ,2026-08-26 17:00,,,no,"The tender is for construction of flexible pavement, which is a civil infrastructure project unrelated to medical or diagnostic products."
587,137313,BUIDCo/vi/634/26-63,Bihar Urban Infrastructure Development Corporation Ltd.,"Request for Proposal (RFP) for Selection of Agency for Scanning, digitization & storage / backup of file and records of Buidco",2026-08-26 17:00,,,no,"The tender is for scanning, digitization and storage of records, which is unrelated to medical/surgical or diagnostic products."
588,137277,NIT No:Comfed:Pur:259: 4078 Dt:05.08.2026 (AI Gun),Bihar State Milk Cooperative Federation Limited,Procurement of Digital AI Gun on ARC basis as per technical specification,2026-08-26 17:00,,,no,"The description refers to a digital AI gun, which is unrelated to medical, surgical, or diagnostic products."
589,137273,NIT No:Comfed:Pur:259: 4078 Dt:05.08.2026( AI Kit),Bihar State Milk Cooperative Federation Limited,Procurement of AI Kit on ARC basis as per technical specification,2026-08-26 17:00,,,no,"The description is generic and lacks any medical, surgical, or diagnostic context, not matching Meril's product lines."
590,137704,NIT - 6 e-proc/ BETDS / ECOTOURISM/RFP/ 2026- 27,"Environment, Forest & Climate Change Department",Request for Proposal (RFP) for Selection of Transaction Advisor for development of Ecotourism Sites in Bihar.,2026-08-27 14:00,,,no,"The tender is for a transaction advisor to develop ecotourism sites, unrelated to medical or diagnostic products."
592,137084,NIT-12/2026-27 (Grp-2),Urban Development and Housing Department,Construction work of PCC road and 01 unit of RCC culvert (road crossing) from Durga Mandir to Jhakhra Road in Ward No. 06 under Nagar Panchayat Areraj..,2026-08-27 15:00,,,no,Hard-reject: civil/electrical/administrative signal 'pcc road' — not a Meril product.
593,137085,NIT-12/2026-27 (Grp-3),Urban Development and Housing Department,"Construction work of PCC road and RCC drain from the main road via Baleshwar Prasad's house to the garden/Mohan Tiwari's house, from the main road via Abhay Mishra's house to Banarsi Sah's house, and from the main road at Ramu Paswan's house to Ijarhiya Pokhra in Ward No. 08 under Nagar Panchayat Areraj..",2026-08-27 15:00,,,no,Hard-reject: civil/electrical/administrative signal 'pcc road' — not a Meril product.
594,137049,05/BCD/GARDANIBAGH/2026-27,Building Construction Department,"Supply, Installation , Testing & commissioning of Sprinkler and Hydrants System at Admin Building & Hydrant System at player and Coaches Hostel, Patliputra Sports Complex, Kankarbagh, Patna for the Year of 2026-27",2026-08-27 15:00,,,no,"The tender is for fire sprinkler and hydrant systems, which are civil infrastructure unrelated to Meril's surgical or diagnostic products."
595,137230,LetterNo. 2980 Dated 24.07.2026,Directorate of Horticulture,"SHORT e-TENDER EMPANELMENT / RATE CONTRACT - Supply, Testing, Installation, Commissioning and 5-year Comprehensive Maintenance of Decentralized Solar Cold Storage Systems (<100 MT) in Bihar.",2026-08-27 15:00,,,no,"The tender is for solar cold storage systems, unrelated to medical or diagnostic products."
596,137182,NIT NO. 21/2026-27/BGP,Building Construction Department,"Provision of Transformer (2x630 KVA Compact Substation) along with Feedar Pillar and Cable work for Residence of Different officers Building and Staff Qtr. Building at Sansarpur, Distt.-Khagaria.",2026-08-27 15:00,,,no,Hard-reject: civil/electrical/administrative signal 'substation' — not a Meril product.
597,135288,008/AKU-NS&NT/017/2014(III)-4692,EDUCATION DEPARTMENT,"Rate Contract for Supply, Installation, Testing & Commissioning (SITC) of 1.0 Ton, 1.5 Ton & 2.0 Ton Energy Efficient Inverter Split Air Conditioners with Compatible Voltage Stabilizers, Standard Installation Accessories and Electrical Connections for Aryabhatta Knowledge University (AKU), Patna.",2026-08-27 15:00,,,no,"The tender is for supply and installation of air conditioners, which are unrelated to Meril's surgical/endoscopic or diagnostic product lines."
598,136097,NIT-12/2026-27 (Grp-1),Urban Development and Housing Department,"PCC road construction from the Motihari–Areraj main road to the Sub-Divisional Bar Association in Ward No. 03 under Nagar Panchayat Areraj; PCC road and RCC drain construction from the Sub-Divisional Bar Association to the main road in front of the Block-cum-Circle Office; and PCC road and RCC drain construction work from the main gate of the Sub-Divisional Office via the Environment Office and Block Development Officer's residence to the main road in front of the SDM residence, and from Dr. K.K. Tiwari's residence to the north-east boundary of the park..",2026-08-27 15:00,,,no,Hard-reject: civil/electrical/administrative signal 'road construction' — not a Meril product.
599,137278,NIT/BSEDC/03-11/2026-27 Dated: - 05/08/2026,Bihar State Electronic Development Corporation,REQUEST FOR PROPOSAL For Selection of a Third Party Auditor (TPA) For BiharOne Project,2026-08-27 15:00,,,no,"The tender is for selecting a third‑party auditor service, unrelated to medical or diagnostic products."
600,137090,NIT-01/MSCL/2026-27,Urban Development and Housing Department,MONETIZATION OF VENDING AND FOOD KIOSK.,2026-08-27 15:00,,,no,"The tender concerns vending and food kiosks, which are unrelated to Meril's surgical or diagnostic products."
601,137217,NIT- 08/ 2026-27,Urban Development and Housing Department,"Design, Build, Construct, Install, and Commissioning of Compost Plant for 5 TPD Wet Waste Along With Operation and Maintenance of the Plant for 5 Years including the tipping fee at Nagar Parishad Kanti.",2026-08-27 16:00,,,no,Hard-reject: civil/electrical/administrative signal 'compost plant' — not a Meril product.
602,137312,BUIDCo/ Yo-3551/2026-57,Bihar Urban Infrastructure Development Corporation Ltd.,Construction of Commercial Building in Parshuram Asthan Campus under Nagar Parishad Mokama,2026-08-27 16:00,,,no,"The tender is for construction of a commercial building, unrelated to medical or diagnostic products."
603,137373,NIT- 01 /2026-27,Department of Science and Technology,"Request for proposal for Outsourcing of Services of Security Guard (Including Supervisor), Housekeeping (including Sweeper) Staff, Gardener, Sweeper (Toilet/Washroom), Electrician, Plumber and Caretaker in Government Engineering College, Buxar",2026-08-27 17:00,,,no,Hard-reject: civil/electrical/administrative signal 'housekeeping' — not a Meril product.
604,138109,NIT-16/SBD/2026-27/GR-02,Bihar Police Building Construction Corporation,CONSTRUCTION OF S.P. OFFICE BUILDING (G + 3 STRUCTURE) AT BEGUSARAI IN THE DISTRICT OF BEGUSARAI - WITH ELECTRIFICATION,2026-08-27 17:00,,,no,"The tender is for construction of an office building with electrification, unrelated to medical or diagnostic products."
605,138110,NIT-16/SBD/2026-27/GR-03,Bihar Police Building Construction Corporation,CONSTRUCTION OF TRAINING CLASS ROOM BUILDING AT POLICE LINE BETTIAH IN THE DISTRICT OF BETTIAH WITH ELECTRIFICATION,2026-08-27 17:00,,,no,"The tender is for construction of a training classroom building with electrification, unrelated to medical or diagnostic products."
606,138106,NIT-16/SBD/2026-27/GR-01,Bihar Police Building Construction Corporation,CONSTRUCTION OF TRAINING CLASS ROOM AT POLICE LINE BEGUSARAI IN THE DISTRICT OF BEGUSARAI WITH ELECTRIFICATION,2026-08-27 17:00,,,no,"The tender is for construction of a training classroom with electrification, unrelated to medical or diagnostic products."
607,136864,40/PR/NBPDCL/2026,NORTH BIHAR POWER DISTRIBUTION COMPANY LIMITED,"Turnkey Contract for Installation of 14 nos. of additional 5 MVA Departmental Power Transformer along with associated 33 kV & 11 kV Protection System and 11 kV Bay at different Power Sub Station in Electric Supply Circle, Muzaffarpur and Motihari under O&M capital head/ Internal Resource Fund (IRF), O&M Department, NBPDCL.",2026-08-27 18:00,,,no,Hard-reject: civil/electrical/administrative signal '33 kv' — not a Meril product.
608,137861,03/2026-27/GAYA,Department of Science and Technology,"Supply of Machines and laboratory Equipment’s for Chemistry Lab Equipments and other items in the Premises of Gaya College of Engineering, Gaya",2026-08-28 11:00,,Diagno,no,[2nd-pass REJECTED] The tender requests generic chemistry laboratory machines without specifying any Meril Endo or Diagno product.
609,137784,01/2026-27/GAYA,Department of Science and Technology,"Supply of Machines and laboratory Equipment’s for Solid Mechanics Lab in the Premises of Gaya College of Engineering, Gaya",2026-08-28 11:00,,,no,"The tender is for machines and lab equipment for a solid mechanics engineering lab, unrelated to medical or diagnostic products."
610,137018,05/AA Dated 29/07/2026,"Bihar Staff Selection Commission, Patna","Selection of Agency for conducting end-to-end computer-based tests (CBTs) for internal and external recruitment examinations conducted by the Bihar Staff Selection Commission (BSSC), Patna",2026-08-28 12:00,,,no,"Tender is for recruitment computer-based testing services, unrelated to medical or diagnostic products."
611,137247,ET 03/ BCD CHAPRA 2026-27,Building Construction Department,Construction of Lawyer's hall Building at Sub divisional Civil Court Campus Sonepur in District Saran,2026-08-28 15:00,,,no,"The tender is for construction of a lawyer's hall building, unrelated to medical or diagnostic products."
612,137206,RE NIT 03/BCD/JEHANABAD/2026-2027,Building Construction Department,"Repair, Painting Work and raising of the  Boundary Wall of old Hostel in the campus of  Dr. Bhim Rao Ambedkar 10+2 Residential School Dakshini Jehanabad (year 2025-26)",2026-08-28 15:00,,,no,Hard-reject: civil/electrical/administrative signal 'boundary wall' — not a Meril product.
613,137333,BSDM/Nivida Report/128/2026-01,"YOUTH, EMPLOYMENT AND SKILL DEVELOPMENT DEPARTMENT",Selection of Agency for Preparation of Bihar Employment Report,2026-08-28 15:00,,,no,"The tender is for preparing an employment report, unrelated to medical, surgical, or diagnostic products."
614,137782,NIT NO-BRPNNL/SQC/518,Bihar Rajya Pul Nirman Nigam Limited,Selection of a Consulting Firm for Engagement of Consultant for support in Availing Loan/ Financial Assistance for projects and Development & implementation of Accounting Application and Accounting & Financial Management Support Services.,2026-08-28 15:00,,,no,"The tender is for consulting and financial/accounting services, unrelated to medical or diagnostic products."
615,137307,01/DFARD/2026-27,Animal And Fisheries Resources Department,Empanelment Of Agencies for Supply of Stationery and Other Items,2026-08-28 15:00,,,no,Hard-reject: civil/electrical/administrative signal 'stationery' — not a Meril product.
616,137024,BBOCWWB/Coaching institute/02/2026-27,LABOUR RESOURCES AND MIGRANT WORKERS WELFARE DEPARTMENT,"Request for Proposal (RFP) for Empanelment of Reputed Coaching Institutes on pan India Basis for Imparting Specialized Coaching for Engineering/Medical/Law Entrances (JEE & NEET & Law/CLAT) and graduation based Competitive Examinations (UPSC, BPSC, SSC, Bank PO) to the Children of Registered Construction Workers of Bihar",2026-08-28 15:00,,,no,"The tender is for coaching institutes and educational services, unrelated to medical, surgical, or diagnostic products."
617,136676,NIT-03/2026-27/Np/Gr01,Urban Development and Housing Department,"Design, Build, construct, install, and commissioning of Material Recovery Facility (MRF) of 05TPD for dry waste along with operation and maintenance of the plant for 5 years for Nagar panchayat Baisi",2026-08-28 16:00,,,no,"The tender is for constructing and operating a material recovery facility for waste, unrelated to medical or diagnostic products."
618,137353,BUIDCo/ Yo-3051/2024-60,Bihar Urban Infrastructure Development Corporation Ltd.,"Construction of TTRO plant for Re-use of Treate sewage from 11 MLD Brah STP for NTPC Brah, Bihar including 15 years O&M.",2026-08-28 16:00,,,no,Hard-reject: civil/electrical/administrative signal 'sewage' — not a Meril product.
619,136690,NIT-04/2026-27/NPB/GR01,Urban Development and Housing Department,"Design, Build, construct, install, commissioning of compost plant of 05 TPD for wet waste along with operation and maintenance of plant for 5 years including the tipping fee for nagar panchayat baisi",2026-08-28 16:00,,,no,Hard-reject: civil/electrical/administrative signal 'compost plant' — not a Meril product.
620,137274,BUIDCo/Yo- 3151 / 25 (P-03) - 58,Bihar Urban Infrastructure Development Corporation Ltd.,Danapur Water Supply scheme under AMRUT 2.0,2026-08-28 17:00,,,no,Hard-reject: civil/electrical/administrative signal 'water supply' — not a Meril product.
622,137781,NIT- 05/2026-27 GR-01 NAGAR PARISHAD SHEIKHPURA,Urban Development and Housing Department,"CONSTRUCTION OF ABC CENTER,DOG SHELTER SHED WORK,BOUNDRY WALL (PUNARNIVIDA )",2026-08-29 15:00,,,no,"The tender is for construction of a center, dog shelter shed, and boundary wall, which are civil works unrelated to medical or diagnostic products."
623,137670,NIT 10/BCD/SUPAUL/2026-27 GR 2,Building Construction Department,"CONSTRUCTION OF TOILET COMPLEX IN CAMPUS OF  SUBDIVISIONAL CIVIL COURT BIRPUR, DIST -SUPAUL FOR THE F-YEAR 2026-27",2026-08-29 15:00,,,no,"The tender is for construction of a toilet complex, which is a civil work unrelated to medical or diagnostic products."
624,137671,NIT 10/BCD/SUPAUL/2026-27 GR 3,Building Construction Department,"PROVISION OF TACTILE TILE, BRIALE SIENAGE AND OTHER WORKS IN 16 COURT CAMPUS SUPAUL",2026-08-29 15:00,,,no,"The tender concerns construction works (tactile tiles, etc.) for a court campus, unrelated to medical or diagnostic products."
625,137291,16/BSBCCL/2026-27 GR 01,Bihar State Building Construction Corporation Ltd,Rajkiya Ambedkar Residential Girls High school (Cap-720) at Sheohar.,2026-08-29 15:00,,,no,"The tender is for constructing a residential girls high school, which is unrelated to medical or diagnostic products."
626,137593,NIT NO.- 328 Dated- 02.05.2026,Bihar Rajya Pul Nirman Nigam Limited,"onstruction of New 2-Lane H.L. RCC Bridge Over River Falgu including 4-Lane Trumpet in Approach Road in between Kothwara Bazar (NH-99, Dobhi-Chatra Road) to Integrated Manufacturing Cluster (IMC) Land Acquire Area Near Gamhariya Samudayik Bhawan and also Rehabilitation of old Existing 2-Lane Kothwara (Bariya) Bridge parallel to proposed alignment in District Gaya, State-Bihar on EPC Mode",2026-08-29 15:00,,,no,"The tender describes construction of a bridge and related civil works, which are unrelated to Meril's surgical or diagnostic product lines."
627,137658,NIT 10/BCD/SUPAUL/2026-27 GR 1,Building Construction Department,"CONSTRUCTION OF TOILET COMPLEX IN CAMPUS OF  CIVIL COURT SUPAUL,DIST-SUPAUL  FOR THE F-YEAR 2026-27",2026-08-29 15:00,,,no,"The tender is for construction of a toilet complex, which is a civil infrastructure project unrelated to medical or diagnostic products."
628,137115,01/53/Esstt/23-24/2271/26PMU,Bihar State Tourism Development Corporation,Engagement of Transaction Advisor cum Project Management Unit (PMU) for Bihar State Tourism Development Corporation Limited.,2026-08-29 15:00,,,no,"The tender is for a transaction advisor and project management services for a tourism corporation, unrelated to medical or diagnostic products."
629,137921,NIT-08/2026-27(1),Urban Development and Housing Department,"Design, Build, Construct, install  adn commissioning of Compost plant of 10 TPD for wet waste along with operation and maintenance of plant for 5 years including the tipping fee.",2026-08-29 15:00,,,no,Hard-reject: civil/electrical/administrative signal 'compost plant' — not a Meril product.
630,137914,NIT-07/2026-27(1),Urban Development and Housing Department,"Design, Build, Construct, install  adn commissioning of Material Recovery Facility (MRF) of 10 TPD for dry waste along with operation and maintenance of the plant for 5 years.",2026-08-29 15:00,,,no,"The tender is for constructing and operating a material recovery facility for dry waste, unrelated to medical or diagnostic products."
631,136809,03/SHSB/FA/2026-27,State Health Society Bihar,"Request for Proposal for Establishment of a Program Management Unit (PMU) to Support Finance & Planning Cell State Health Society, Bihar",2026-08-29 15:00,,,no,"Tender is for establishing a program management unit for finance and planning, not for medical or diagnostic products."
632,137015,PR- 171/2026,Bihar School Examination Board,Supply & Printing of Variable Data on Pre-printed Blank Stationary Provided by BSEB and Tabulation Register for Matric and Inter Examination (Annual & Compartmental)-2027 & Other Examinations,2026-08-29 16:00,,,no,"The tender concerns printing and supply of exam stationary and registers, unrelated to medical or diagnostic products."
633,136932,PR- 170/2026,Bihar School Examination Board,Printing and supply of various certificates with security features for Matric and Inter Examination (Annual & Compartmental) and other examinations as per decision of BSEB,2026-08-29 16:00,,,no,"The tender is for printing and supplying examination certificates, which is unrelated to medical or diagnostic products."
634,134742,BUIDCo/ Yo-3567/2026-44,Bihar Urban Infrastructure Development Corporation Ltd.,"Construction of Treated Sewage Pumping Station, Drain Outfall for disposal of treated sewage from 9 MLD STP and O&M of above work for 15 years at Naugachiya.",2026-08-29 17:00,,,no,Hard-reject: civil/electrical/administrative signal 'sewage' — not a Meril product.
635,138130,NIT-17/BIADA/2026-27,Bihar Industrial Area Development Authority,CONSTRUCTION OF RCC DRAIN WITH RCC CULVERT AND SUMP ROOM FOR CONVEYANCE SYSTEM AND CONSTRUCTION OF BOUNDARY WALL AT IGC AURANGABAD (PHASE-I),2026-08-29 17:00,,,no,Hard-reject: civil/electrical/administrative signal 'boundary wall' — not a Meril product.
636,135168,NIT-03/2026-27(GRP-01),Bihar Urban Infrastructure Development Corporation Ltd.,Construction of PCC road & RCC Drain with Cover slab from Shri Murtiyaunjay Tiwari house via Kesav Mandal house to Shri Ajay Tiwari house in ward no. - 39 under Motihari Nagar Nigam,2026-08-30 15:00,,,no,Hard-reject: civil/electrical/administrative signal 'pcc road' — not a Meril product.
637,135173,NIT-03/2026-27(GRP-02),Bihar Urban Infrastructure Development Corporation Ltd.,Construction of PCC road & RCC Drain with Cover slab from Shri Vijay Mishra house to Shri Vinod Kushwaha house in ward no. - 04 under Motihari Nagar Nigam,2026-08-30 15:00,,,no,Hard-reject: civil/electrical/administrative signal 'pcc road' — not a Meril product.
638,135174,NIT-03/2026-27(GRP-03),Bihar Urban Infrastructure Development Corporation Ltd.,"Installation of mast lights at various locations under Motihari Municipal Corporation, including Chhatauni Bus Stand, Chhatauni Payal Cinema Chowk, Madhuban Chhawani Chowk, Meena Bazar Chowk, Gyanbabu Chowk, Gajagaddi Chowk, Chamarpatti Chowk, Jaanpul Chowk, Balua Chowk, Dakbungalow Chowk, Nagar Thana Chowk, Town Hall Chowk, Hawai Adda Chowk, Kuari Devi Chowk, etc.",2026-08-30 15:00,,,no,"The tender is for installing mast lights in public areas, which is unrelated to medical or diagnostic products."
639,135175,NIT-03/2026-27(GRP-04),Bihar Urban Infrastructure Development Corporation Ltd.,Construction ofPCC Road & RCC Drain with Cover slab from PWD Road Gandhi Complex to Shri Rana Randhir Suingh house in ward no. - 22 under Motihari Nagar Nigam,2026-08-30 15:00,,,no,Hard-reject: civil/electrical/administrative signal 'pcc road' — not a Meril product.
640,135176,NIT-03/2026-27(GRP-05),Bihar Urban Infrastructure Development Corporation Ltd.,Construction of PCC road & RCC Drain with Cover slab from Shri Basant Jha house via Barham Asthan to Shri Sanjay Kumar & Shri Arvind kumar house in ward no. - 25 under Motihari Nagar Nigam,2026-08-30 15:00,,,no,Hard-reject: civil/electrical/administrative signal 'pcc road' — not a Meril product.
641,135177,NIT-03/2026-27(GRP-06),Bihar Urban Infrastructure Development Corporation Ltd.,Construction of PCC road & RCC Drain with Cover slab from Mission Mohala Shri vinod Singh house via Shri Vijay Singh house to Major Sanjay Kumar house in ward no. - 10 under Motihari Nagar Nigam,2026-08-30 15:00,,,no,Hard-reject: civil/electrical/administrative signal 'pcc road' — not a Meril product.
642,136988,NIT-04/2026-27(GRP-01),Bihar Urban Infrastructure Development Corporation Ltd.,Construction of PCC Road from Barhman Asthan to Main Road (Motihari Road) in ward no. - 03 under Nagar Panchayat Pakridayal,2026-08-30 15:00,,,no,Hard-reject: civil/electrical/administrative signal 'pcc road' — not a Meril product.
643,136989,NIT-04/2026-27(GRP-02),Bihar Urban Infrastructure Development Corporation Ltd.,"Development and beautification of the sports ground at the community hall in Dumarbana, Ward No. 10 of Nagar Panchayat Pakadbhdayal.",2026-08-30 15:00,,,no,"The tender concerns construction and beautification of a sports ground, unrelated to medical or diagnostic products."
644,136990,NIT-04/2026-27(GRP-03),Bihar Urban Infrastructure Development Corporation Ltd.,Construction of  RCC Drain with Cover slab from Rambharos Rai house via SC/ST tolla to Nahar ward no. - 13 under Nagar Panchayat Pakridayal,2026-08-30 15:00,,,no,"The tender is for construction of a concrete drain, which is unrelated to medical, surgical, or diagnostic products."
645,136991,NIT-04/2026-27(GRP-04),Bihar Urban Infrastructure Development Corporation Ltd.,Construction ofPCC Road & RCC Drain with Cover slab From Raja Bajar PWD Road Ramesh Agrawal house via Pandit Chandrakishore Mishra via Dipak Shrivastava house via Munna Mishra house via Bholanath Tiwari house to Rajiv Ranjan ji house in ward no. - 33 under Motihari Nagar Nigam,2026-08-30 15:00,,,no,Hard-reject: civil/electrical/administrative signal 'pcc road' — not a Meril product.
646,136992,NIT-04/2026-27(GRP-05),Bihar Urban Infrastructure Development Corporation Ltd.,Construction of RCC Drain with Cover slab from Bada Briyarpur PWD Road Shri Ramkumar Pandey house via Hunman Mandir to NH 28 in  ward no. - 45 under Motihari Nagar Nigam,2026-08-30 15:00,,,no,"The tender is for civil construction of an RCC drain, unrelated to medical or diagnostic products."
647,136993,NIT-04/2026-27(GRP-06),Bihar Urban Infrastructure Development Corporation Ltd.,"Construction of a drain and PCC road in Ward No. 16 of Motihari Municipal Corporation, spanning the route from Shri Vinod Ji's SBI ATM at Thakurbari Baniyapatti, passing by Shri Raman Dubey's shop and the residence of the late Ramji Prasad (Advocate), and continuing via Shri Punit Sah's house (Dhanki Dhaja) to Shri Ramayan Thakur's house.",2026-08-30 15:00,,,no,Hard-reject: civil/electrical/administrative signal 'pcc road' — not a Meril product.
648,136994,NIT-04/2026-27(GRP-07),Bihar Urban Infrastructure Development Corporation Ltd.,Construction work of a park on the Hanuman Garhi government land in Ward No. 17.,2026-08-30 15:00,,,no,"The tender is for construction of a park, which is a civil work unrelated to medical or diagnostic products."
649,136995,NIT-04/2026-27(GRP-08),Bihar Urban Infrastructure Development Corporation Ltd.,"Construction of a road and drain in Ward No. 41 of Motihari Municipal Corporation, extending from the Government Engineering College Road to the Masan Mai Temple—passing by the residences of Dr. Manish Gupta and Hemant Gupta—and reaching the Ghanauti River.",2026-08-30 15:00,,,no,"The tender is for road and drain construction, which is unrelated to Meril's surgical or diagnostic products."
650,137227,E-NIT-06/BEGUSARAI/2026-27,Building Construction Department,"Construction of 100-Bedded Government SC/ST Welfare Hostel in the Campus of G.D. College, Begusarai.",2026-08-30 15:00,,,no,"The tender is for constructing a hostel, which is unrelated to surgical or diagnostic products."
652,136750,BREDA/TENDER/MSV/PMSG:MBY/3/2026-27,Bihar Renewable Energy Development Agency,Engagement of Consultancy Services for preparation of Detailed Project Report (DPR) for implementation of Model Solar Village Scheme in all the districts of Bihar under Pradhan Mantri-Surya Ghar: Muft Bijli Yojna.,2026-08-31 14:00,,,no,Hard-reject: civil/electrical/administrative signal 'consultancy services for preparation' — not a Meril product.
653,136599,SIPB/2172 Dated:-21.07.2026,Department of Industries,"Request for Proposal (RFP) for Selection of a System Integrator for Design, Development, implementation and maintenance of unified single window system web portal and mobile application of Invest Bihar Portal For Department of Industries",2026-08-31 15:00,,,no,"The tender is for an IT system integrator to develop a web portal and mobile app, unrelated to medical or diagnostic products."
654,134252,SIPB/1831,Department of Industries,"Request for Proposal for the Selection of Knowledge Partner for Investment Promotion, Investor Facilitation Support & Business Climate Reforms Services to Government of Bihar",2026-08-31 15:00,,,no,"The tender is for consulting services on investment promotion and business climate reforms, unrelated to medical or diagnostic products."
655,135929,NIT 23/PR/BSPHCL/2026,Bihar State Power Holding Company Ltd.,REQUEST FOR SELECTION (RfS) DOCUMENT FOR PROCUREMENT OF POWER GENERATED FROM BAGASSE BASED CO-GENERATION POWER PROJECTS,2026-08-31 15:00,,,no,"The tender concerns power generation from bagasse co-generation projects, unrelated to medical or diagnostic products."
656,137254,RFP 06/BCD/GARDANIBAGH/2026-27,Building Construction Department,"SELECTION OF AGENCY FOR MANAGEMENT OF GYM COMPLEX (INCLUDING INSTALLATION, OPERATION & MAINTENANCE OF EQUIPMENT’S IN BOTH MALE & FEMALE GYM) AT OFFICER’S ENCLAVE, GARDANIBAGH, PATNA ON REVENUE MODEL",2026-08-31 15:00,,,no,"Tender concerns management of a gym complex, which is unrelated to medical, surgical, or diagnostic products."
657,137363,NIT-07/BCD/KHAGARIA/2026-27,Building Construction Department,"Construction of SAHARBANNI SHC,  and Residential Quarter at SAHARBANNI, ALAULI  BLOCK, Under Khagaria District 2026-27.",2026-08-31 15:00,,,no,"The tender is for construction of a health center and residential quarters, not for medical or diagnostic products."
658,137377,NIT 5/BCD/HAJIPUR/2026-27,Building Construction Department,"Construction for Sub-Divisional Office Building at Mahua,Vaishali.",2026-08-31 15:00,,,no,"The tender is for construction of an office building, unrelated to medical or diagnostic products."
659,137562,NIT 13/MD/PSCL/2025-26,Patna Smart City Limited,"Selection of Concessionaire for the Operation, Maintenance, Commercial Management, and Revenue Enhancement of the MultiModal Hub (MMH) and the 440-Metre Pedestrian Subway at Patna under Patna Smart City Limited",2026-08-31 15:00,,,no,"The tender concerns operation and maintenance of a multimodal hub and pedestrian subway, which is unrelated to medical or diagnostic products."
660,137565,NIT 17/MD/PSCL/2025-26,Patna Smart City Limited,"Selection Of Concessionaire For Operation, Maintenance ,Commercial Management & Revenue Enhancement Of The Newly Developed Facility, The “Common Service Building” Near Mithapur Metro Station, Patna Under Patna Smart City Limited.",2026-08-31 15:00,,,no,"The tender concerns operation, maintenance, and commercial management of a public building, with no medical or diagnostic context."
661,137570,NIT 16/MD/PSCL/2025-26,Patna Smart City Limited,"Selection of Concessionaire for Operation, Maintenance, Commercial Management & Revenue Enhancement of newly developed Facilities at Maurya Lok Complex, Patna under Patna Smart City Limited.",2026-08-31 15:00,,,no,"The tender concerns operation and maintenance of a smart city complex, not medical or diagnostic products."
662,137559,08/MD/PSCL/2026-27,Patna Smart City Limited,"Selection of Agency for the Supply, Installation, Testing & Commissioning of Electric Vehicles with AI based solution for Civic-Services Surveillance & Monitoring (Nagar Netra).",2026-08-31 15:00,,,no,"The tender concerns electric vehicles and AI surveillance for civic services, unrelated to medical or diagnostic products."
663,137897,TENDER No-07/2026/RE-TENDER NIT No-09/25-26/SL-02,Urban Development and Housing Department,Aspirational toilet in front of Sadar Hospital in ward no-25,2026-08-31 15:00,,,no,"The tender is for constructing an aspirational toilet, not for medical or diagnostic products."
664,137898,TENDER No-07/2026/RE-TENDER NIT No-09/25-26/SL-01,Urban Development and Housing Department,Aspirational Pink toilet in front of Sadar Hospital in ward no-25,2026-08-31 15:00,,,no,"The tender is for a toilet installation, not a medical or diagnostic product."
665,138133,NIT NO-BRPNNL/GAY/C003/ 570,Bihar Rajya Pul Nirman Nigam Limited,River Bed Protection work for H.L. R.C.C. Bridge (20 x21m) over Morher-river on Rajbigha-Beldarbigha Path Near Chitabhkhurd Village in Block Amas in the District of Gaya.,2026-08-31 15:00,,,no,"The tender is for river bed protection work related to a bridge, which is civil construction and not medical or diagnostic."
666,138190,Tender No-BRPNNL/GAY/C003/ 568,Bihar Rajya Pul Nirman Nigam Limited,Repair & Retrofitting work of High Level RCC Bridge (23 x18.75m) Over Morhar River in Cherki-Baijudham- Gurua MDR road in Gaya District,2026-08-31 15:00,,,no,"The tender concerns civil bridge repair and retrofitting, unrelated to medical or diagnostic products."
667,137103,BBOCWWB/01/2026-27 DATED 23.07.2026,LABOUR RESOURCES AND MIGRANT WORKERS WELFARE DEPARTMENT,Request for Proposal (RFP) for Empanelment/Hiring of agency for providing Shramik Atithishaala for Construction Workers in Bihar,2026-08-31 15:00,,,no,"The tender is for providing accommodation (Shramik Atithishaala) for construction workers, unrelated to medical or diagnostic products."
668,137878,NIQ- 31/2026-27,Chanakya National Law University,"Auction of Old items (Aluminum Frame, Shutter, Door, Chaukhat, 4 mm thick Glass, SS Mosquito Net Etc.",2026-08-31 15:00,,,no,"Tender is for auction of old construction items (aluminum frame, door, glass, mosquito net) unrelated to medical or diagnostic products."
669,137820,TENDER NIT No-06/2026/Re-Tender NIT No-11/2025-26,Urban Development and Housing Department,Construction of 300 mm dia 122 m deep HYTW with connection to main pipe line for Booster Boring & construction of Pump Room in Nalanda Mahila college in Ward no-36 situated in Bihar Sharif Municipal Corporation.,2026-08-31 15:00,,,no,Hard-reject: civil/electrical/administrative signal 'nala' — not a Meril product.
670,137311,BSDM/AIP(RFP)-171/2026-01,"YOUTH, EMPLOYMENT AND SKILL DEVELOPMENT DEPARTMENT",Selection of Anchor Industry Partner (AIP) for Upgradation of Industrial Training Institutes (ITIs) in Bihar under Pradhan Mantri Skilling and Employability Transformation Through Upgraded ITIs (PM SETU),2026-08-31 15:00,,,no,"The tender concerns upgrading industrial training institutes, unrelated to medical or diagnostic products."
671,137428,NIT NO: 27/CME/PMC/2026,Patna Municipal Corporation,Limited Tender for the Selection of an Agency to Prepare Urban Flood Management Plan for Patna Municipal Corporation (PMC) for the Urban Flood Risk Mitigation Project (UFRMP) under the National Disaster Mitigation Fund (NDMF),2026-08-31 15:30,,,no,"The tender concerns an urban flood management plan, which is a civil infrastructure project unrelated to medical or diagnostic products."
672,133608,NIT-09/ 2026-2027/ Biomedical Eqpt/ IGIMS/Store,Indira Gandhi Institute Of Medical Sciences,"Group- A Anatomy

Digital Metaphase Slide Scanner System 
Co2 Incubator
Microprocessor-Controlled Class II A2 Type Bio-Safety Cabinet 
Cyclomixture 
Weighing Machine (Electronic Analytical and Precision Balances)
Water Bath 
Fully Automated Autoclave 
Large Centrifuge Machine 
Mini Centrifuge Machine 
Laboratory Refrigerator (Cold Cabinet) (4 to 10 Degree C) 
-20 (Minus Twenty) Degree C Freezer 
Microvolume Spectrophotometer 
Gel Documentation System 
Digital Vortex Mixer 
Gradient PCR Machine 
Single Channel Electronic Pipettes
PH Meter 
Slide Warning Plate",2026-08-31 17:00,,Diagno,no,"[2nd-pass REJECTED] The tender requests general laboratory and biomedical equipment (slide scanner, incubator, biosafety cabinet, etc.) for an anatomy department, which do not match any Meril Endo surgical or Meril Diagno IVD product."
673,121346,Buidco/Yo-3272/25-119,Bihar Urban Infrastructure Development Corporation Ltd.,"Interception & Diversion ( I&D) of drains and sewage Treatment Plant (STP) scheme in Arrah town, Bihar State, including Operation & Maintenance period of 15 years through Hybrid Annuity Based PPP Mode under Namami Gange Programme"".",2026-08-31 17:00,,,no,Hard-reject: civil/electrical/administrative signal 'sewage' — not a Meril product.
674,137957,COMFED:ENGG:4398 DT. 12.08.2026,Bihar State Milk Cooperative Federation Limited,"Supply and installation of Glass Cabins, Furniture and Workstations as per technical specification & B.O.Q. of tender document at COMFED, Patna.",2026-08-31 17:00,,,no,Hard-reject: civil/electrical/administrative signal 'furniture' — not a Meril product.
675,137524,1761/DMSME,Department of Industries,"Selection of Project Management Agency for Promotion, Implementation and Monitoring of Mukhyamantri Udyami Yojna",2026-08-31 17:00,,,no,"The tender is for a project management agency for an entrepreneurship scheme, unrelated to medical or diagnostic products."
676,136609,NIT No. 02/PR/TRZ/KOSHI/BSPTCL/2026,Bihar State Power Transmission Company Limited,"Comprehensive annual maintenance contract of Air conditioner machines installed at different Grid substation/locations under Transmission circle Purnea, Koshi & Darbhanga.",2026-08-31 17:00,,,no,Hard-reject: civil/electrical/administrative signal 'substation' — not a Meril product.
677,134019,35/PR/NBPDCL/2026,NORTH BIHAR POWER DISTRIBUTION COMPANY LIMITED,For Appointment of Tariff & Regulatory Consultant on retainership basis for three years for the Bihar DISCOMs (NBPDCL & SBPDCL) agnist NIT no 35/PR/NBPDCL/2026,2026-08-31 18:00,,,no,"The tender is for a tariff and regulatory consulting service for electricity distribution companies, unrelated to medical or diagnostic products."
678,137712,GECM/AGENCY/01/2026,Department of Science and Technology,"Outsourcing of services of Security guard, Housekeeping Staff, Gardener, Electrician, Plumber and Toilet Cleaner in Government Engineering College Munger.",2026-08-31 23:59,,,no,Hard-reject: civil/electrical/administrative signal 'housekeeping' — not a Meril product.
679,137692,NIT No.6/BFDCL/e-proc/2026-27(Manpower),Bihar Forestry Development Corporation Limited,"Empanelment of Manpower Services Providers For Supply of Highly Skilled, Skilled, Semi-skilled and Unskilled Manpower on Outsourcing Basis.",2026-08-31 23:59,,,no,Hard-reject: civil/electrical/administrative signal 'outsourcing' — not a Meril product.
680,137599,2026/BLDA/01,Animal And Fisheries Resources Department,"SUPPLY, INSTALLATION & 3-YEAR’S COMPREHENSIVE AMC (AFTER EXPIRY OF WARRANTY) OF POWER BACK-UP SYSTEM (BATTERY, INVERTER INCLUDING WIRING & TRANSPORTATION), PUBLIC ADDRESS SYSTEM - CHONGA, CCTV SURVEILLANCE SYSTEM AND RE-BRANDING OF MOBILE VETERINARY UNITS TO STRENGTHEN THE MVU OPERATIONS.",2026-09-01 13:00,,,no,"The tender concerns power backup, PA, CCTV and rebranding of veterinary units, not medical or diagnostic products."
682,137386,RE TENDER NO. 23/2026-27/BGP,Building Construction Department,"Provision of Main LT Panel (Outdoor Type), Sub-Panel, Cable along with Electrical wiring & Electrical Installation and UPS wiring in Different Court Room of Heritage Building, Annexy Building FTC Building and CJM Court Building in the Campus of Old Civil Court at Banka, Distt.-Banka.",2026-09-01 15:00,,,no,"The tender is for electrical panels, wiring, and UPS installation in court buildings, unrelated to medical or diagnostic products."
683,137548,RE NIT 01/BCD/CONS 2/2026-27,Building Construction Department,"Supply and Installation of Branding and Signages system work at Dr APJ Abdul Kalam Science City, Patna.",2026-09-01 15:00,,,no,"The tender is for branding and signage installation, unrelated to medical or diagnostic products."
684,137986,NIT No.-05/2026/SBD/Re-TENDER NIT-10/25-26/SL-01,Urban Development and Housing Department,Renovation of Pond near Maniram Akhada and 1850 ft. Ghat with Pavers Block under Nagar Nigam Biharsharif.,2026-09-01 15:00,,,no,Hard-reject: civil/electrical/administrative signal 'renovation' — not a Meril product.
685,137987,NIT No.-05/2026/SBD/Re-TENDER NIT-10/25-26/SL-02,Urban Development and Housing Department,Construction work of Nagarik Suvidha Kendra Near Maniram Akhada in Ward no.-42 under nagar nigam biharsharif,2026-09-01 15:00,,,no,"The tender is for construction work of a civic facility, unrelated to medical or diagnostic products."
686,137988,NIT No.-05/2026/SBD/Re-TENDER NIT-10/25-26/SL-03,Urban Development and Housing Department,Construction of drain from the eastern end of the pond at Akhara to the western end of Maniram Akhara cremation ground in Ward number  42 under nagar nigam biharsharif,2026-09-01 15:00,,,no,"The tender is for civil construction of a drainage system, unrelated to medical or diagnostic products."
687,137919,22/BSBCCL/2026-27 GROUP GR01,Bihar State Building Construction Corporation Ltd,ADDITIONAL  WORK AT AUDITORIUM CUM ART GALLERY GAYAJI DIST-GAYA,2026-09-01 15:00,,,no,"The tender concerns construction work at an auditorium/art gallery, unrelated to medical or diagnostic products."
688,137582,NIT No 07/2026-27,Building Construction Department,"CONSTRUCTION OF TOILET COMPLEX IN CAMPUS OF CIVIL COURT , SHEIKHPURA FOR THE F-YEAR 2026-27.",2026-09-01 15:00,,,no,"The tender is for construction of a toilet complex, which is unrelated to medical, surgical, or diagnostic products."
689,138186,07/2026-27,Urban Development and Housing Department,Nagar panchayat murliganj invites proposals for selection of agency for outsourceing of various job works/ tasks on work contract basis through deployment of manpower agency.,2026-09-01 15:00,,,no,"Tender is for outsourcing manpower tasks, unrelated to medical, surgical, or diagnostic products."
690,137719,NIT-02/GR01/2026-27,"BIHAR AGRICULTURAL UNIVERSITY SABOUR, BHAGALPUR","Construction Of  F-TYPE Bungalow (PRINCIPAL RESIDENCE) at Mandan Bharti Agriculture College, Agwanpur District Saharsa, Bihar. (External Development)",2026-09-01 15:30,,,no,"The tender is for construction of a residential bungalow, unrelated to medical or diagnostic products."
691,136931,PR- 169/2026,Bihar School Examination Board,"Customization, Operationalization and AMC of Blockchain Based Pre & Post Examination Processing Application Work for Intermediate, Secondary Examination and Miscellaneous Examinations (STET, D.El.Ed. Entrance, Simultala, D.P.Ed and any other examination as per Boards’ Requirement",2026-09-01 16:00,,,no,"The tender concerns a blockchain-based examination processing application, which is unrelated to medical, surgical, or diagnostic products."
692,128309,13/PR/BSPHCL/2026,Bihar State Power Holding Company Ltd.,Expression Of Interest (EoI) for Creation of centralized data repository from different IT systems and creation of AI/ML-Based Dashboard & Mobile Application,2026-09-01 17:00,,,no,"The tender concerns IT data repository and AI/ML dashboard development, unrelated to medical, surgical, or diagnostic products."
693,136748,BMSIC/2026-27/ME-505,Bihar Medical Services and Infrastructure Corporation Limited,"Tender for the Procurement, Rate Contract and Supply of Medical Equipment for different Govt. Health Institutions of Bihar.",2026-09-01 17:00,,Unknown,no,"[2nd-pass REJECTED] The tender is for Cardiotocography (CTG) machines, which are not among Meril's Endo surgical or Diagno IVD product lines."
694,137319,NIT: 02/2026-27,"Prisons And Correctional Services, Home Department (PRISONS)","Selection of Agency for Supplying Miscellaneous ITEMs used at BICA, Hajipur",2026-09-01 17:00,,,no,"The description only mentions supplying miscellaneous items with no medical, surgical, or diagnostic context."
695,137413,252/SPAUM/02,"State Pharmacy of Ayurvedic and Unani Medicine, Bihar Patna","Tender For Stationary and Other Daily use Objects, For The Year - 2026-27",2026-09-01 17:00,,,no,"The tender is for stationary and daily use objects, which are unrelated to medical, surgical, or diagnostic products."
696,137407,252/SPAUM/01,"State Pharmacy of Ayurvedic and Unani Medicine, Bihar Patna","Tender For Ayurvedic & Unani Raw Medicines (Herbs, Minerals & Animal Products) , For The Year-2026-27",2026-09-01 17:00,,,no,"The tender is for Ayurvedic and Unani raw medicines, which are not among Meril's surgical/endosurgery or diagnostic product lines."
697,137324,Notice No --01/2026-27,"Prisons And Correctional Services, Home Department (PRISONS)","Bihar Institute of Correctional Administration (BICA), Hajipur intends to hire agency for Providing catering services in Bihar Institute of Correctional Administration (BICA), Hajipur",2026-09-01 17:00,,,no,"The tender is for catering services, which is unrelated to surgical or diagnostic products."
698,135280,NIT No. 62/PR/SBPDCL/2026,South Bihar Power Distribution Company Limited,"Procurement of Accessories for 11 KV Covered Conductor, 99 Sq.mm & 50 sq.mm.",2026-09-01 18:00,,,no,Hard-reject: civil/electrical/administrative signal '11 kv' — not a Meril product.
699,137779,Single bed and duvet /BIPARD/2026/44,Bihar Institute of Public Administration and Rural Development (BIPARD),"Selection of agency for supply and installation of single bed, including mattress, bedsheet, pillow and duvet with cover at BIPARD, Gaya",2026-09-02 17:00,,,no,"The tender is for supplying and installing a single bed with mattress and bedding, which is unrelated to Meril's surgical or diagnostic products."
700,136869,41/PR/NBPDCL/2026,NORTH BIHAR POWER DISTRIBUTION COMPANY LIMITED,"Turnkey Contract for Installation of 14 nos. of additional 5 MVA Departmental Power Transformer along with associated 33 kV & 11 kV Protection System and 11 kV Bay at different Power Sub Station in Electric Supply Circle Begusarai, Darbhanga, Saharsa, Kishanganj and Purnea under Package-3 envelope under O&M Capital Head/Internal Resource Fund (IRF), O&M Department, NBPDCL",2026-09-02 18:00,,,no,Hard-reject: civil/electrical/administrative signal '33 kv' — not a Meril product.
701,137610,NIT/RFP No.: 5/ B&SP/BETDS/2026,"Environment, Forest & Climate Change Department",Request for Proposal (RFP) for Selection of Agency for Branding and Strategic Promotion of Bihar Ecotourism.,2026-09-03 13:00,,,no,"The tender is for branding and promotion of ecotourism, unrelated to medical, surgical, or diagnostic products."
702,137611,NIT No. 03/PR/TRZ/MUZ/BSPTCL/2026,Bihar State Power Transmission Company Limited,"Supply & Installation of Anti Climbing Device (ACD) in the 132kV Ramnagar- Valmikinagar- Surajpura (Nepal) transmission line under TD/Bettiah of Transmission Circle, Motihari.",2026-09-03 13:00,,,no,"The tender is for supplying and installing anti‑climbing devices on a high‑voltage transmission line, unrelated to medical or diagnostic products."
703,137481,01/2026-27/BCD/KATIHAR,Building Construction Department,"Construction of Lawyer's Hall Building at Sub-Divisional Court Manihari, Distt. Katihar.",2026-09-03 15:00,,,no,"The tender is for construction of a court building, unrelated to medical or diagnostic products."
704,137983,BSRDCL-5105/2026-2883 Dated-11.08.2026,BIHAR STATE ROAD DEVELOPMENT CORPORATION LIMITED,Construction of 4-Lane Elevated Road Near AIIMS Darbhanga on Shoban-Ekmi Bypass (Length-2.320 km) & Construction of Elevated Road from Lohjiya Chowk to Pandasarai ROB with Ramp towards Pandasarai from Lohiya Chowk (Length-2.142 km) in Darbhanga District in the state of Bihar on EPC Mode,2026-09-03 15:00,,,no,"The tender is for construction of elevated roads, which is civil infrastructure and unrelated to medical or diagnostic products."
705,137479,02/2026-27/BCD/KATIHAR,Building Construction Department,CONSTRUCTION OF TOILET COMPLEX IN CAMPUS OF CIVIL COURT MANIHARI IN DISTRICT KATIHAR,2026-09-03 15:00,,,no,"The tender is for construction of a toilet complex, which is a civil infrastructure project unrelated to medical or diagnostic products."
706,137745,752,Bihar State Text Book Publishing Corporation Limited,"Bid Document for Printing of Training Module for Police Department and delivering at the place located by the Police Department, Bihar",2026-09-03 15:00,,,no,"The tender is for printing training modules for the police department, unrelated to medical or diagnostic products."
707,138161,- GPD/SS/26-27/01,Department of Science and Technology,"Outsourcing of services of Security guard, Housekeeping (including sweeper) Staff and Gardener in Government Polytechnic, Darbhanga Campus",2026-09-03 17:00,,,no,Hard-reject: civil/electrical/administrative signal 'housekeeping' — not a Meril product.
708,137850,EOI No.747 12-08-2026,Department Of Social Welfare,"The Directorate of Empowerment of Persons with Disabilities, Department of Social Welfare, Bihar (Patna), invites Expressions of Interest (EoI) via the e-Proc2 portal from eligible and experienced non-governmental voluntary organizations for the operation of 'Chaman'-a special day school for children with intellectual disabilities.",2026-09-04 17:00,,,no,"The tender is for operating a special day school for children with intellectual disabilities, unrelated to medical or diagnostic products."
709,136749,NIT-14/26-27/ Robot- Assisted/IGIMS/Store,Indira Gandhi Institute Of Medical Sciences,"Supply, installation and commissioning of Robot- Assisted Joint Replacement System",2026-09-04 17:00,,Endo,no,"[2nd-pass REJECTED] The tender is for a robotic joint replacement system, which is not among Meril's Endo or Diagno product lines."
710,137808,Short Time Re-NIT NO. 13/2026-27/GR02,Building Construction Department,"S/R TO E/W & E/I IN JAN NAYAK KARPURI THAKUR OBC Hostel Building (G+1) at Madhubani, Distt.-Madhubani",2026-09-05 15:00,,,no,"The tender concerns construction of a hostel building, unrelated to medical, surgical, or diagnostic products."
712,137220,BUIDCo/Yo- 3538 / 2026(Part-02) - 54 (Gr-01),Bihar Urban Infrastructure Development Corporation Ltd.,Khagaria Water Supply scheme under AMRUT 2.0,2026-09-05 17:00,,,no,Hard-reject: civil/electrical/administrative signal 'water supply' — not a Meril product.
713,137222,BUIDCo/Yo- 3538 / 2026(Part-02) - 54 (Gr-02),Bihar Urban Infrastructure Development Corporation Ltd.,Samastipur  Water Supply scheme under AMRUT 2.0,2026-09-05 17:00,,,no,Hard-reject: civil/electrical/administrative signal 'water supply' — not a Meril product.
714,137225,BUIDCo/Yo- 3538 / 2026(Part-02) - 54 (Gr-03),Bihar Urban Infrastructure Development Corporation Ltd.,Sitamarhi  Water Supply scheme under AMRUT 2.0,2026-09-05 17:00,,,no,Hard-reject: civil/electrical/administrative signal 'water supply' — not a Meril product.
715,137956,Tender Notice no: 560/UM,Department of Industries,"EMPANELMENT OF TRAVEL AGENCIES FOR PROVIDING AIR TICKETING, RAIL TICKETING, GROUND TRANSPORT AND HOTEL ACCOMMODATION SERVICES ACROSS INDIA AND ABROAD",2026-09-06 17:00,,,no,"The tender is for travel agency services (air, rail, transport, hotel), unrelated to medical or diagnostic products."
716,137731,18/BSBCCL/2026-27 GR01,Bihar State Building Construction Corporation Ltd,Repairing Work of Processing Building and Godown in Bhagalpur under Bihar State Seed Corporation.,2026-09-07 15:00,,,no,"The tender concerns building and godown repair work, which is civil construction, not medical or diagnostic products."
717,137710,NIT NO.- 946/DBG/BRPNNL Dated- 10.07.2026,Bihar Rajya Pul Nirman Nigam Limited,"Construction of ROB  at CH-26th Km of Sobhan Chowk (NH-27) to Agropatti Chowk Makia (SH-52) Road Project (Announced during Pragati Yatra) under District of Darbhanga, Bihar on EPC Mode",2026-09-07 15:00,,,no,"The tender is for road and bridge construction, unrelated to medical or diagnostic products."
718,137378,RE-SBD NIT-16/MUZAFFARPUR/BCD/2026-27,Building Construction Department,CONSTRUCTION OF ONE NO. PANCHAYAT SARKAR BHAWAN AT EACH PANCHAYAT  (BHALURA SIMTOKA PANCHAYAT AND RAMPUR SHANBHUTA PANCHAYAT) AT AURAI  BLOCK IN MUZAFFARPUR DISTRICT  FOR THE YEAR - 2025-26 (ELECTRIFICATION INCLUDED).,2026-09-07 15:00,,,no,"Tender is for construction of a Panchayat building and electrification, which is unrelated to Meril's surgical or diagnostic products."
719,137380,RE-SBD NIT-17/MUZAFFARPUR/BCD/2026-27,Building Construction Department,"CONSTRUCTION OF ONE NO. PANCHAYAT SARKAR BHAWAN AT EACH PANCHAYAT (CHANGEL PANCHAYAT, KHANGURADIH PANCHAYAT AND NAGAWARA PANCHAYAT) AT KATRA BLOCK IN MUZAFFARPUR DISTRICT FOR THE YEAR - 2025-26 (ELECTRIFICATION INCLUDED)",2026-09-07 15:00,,,no,"The tender is for construction of a Panchayat building with electrification, unrelated to medical or diagnostic products."
720,137540,BSDM/Stationery (RFP)-210/2026,"YOUTH, EMPLOYMENT AND SKILL DEVELOPMENT DEPARTMENT",Selection of an Agency for Rate Contract of Stationery and Other Items for Bihar Skill Development Mission (BSDM),2026-09-07 15:00,,,no,Hard-reject: civil/electrical/administrative signal 'stationery' — not a Meril product.
721,137221,BBOCWWB/BSSK/03/2026-27 dt. 23/07/2026,LABOUR RESOURCES AND MIGRANT WORKERS WELFARE DEPARTMENT,Request for Proposal (RFP) for Selection and empanelment of Agency for the establishing Bihar Shramik sewa Kendra (BSSK) in 12 different Cities of India along with Operation and Maintenance.,2026-09-07 15:00,,,no,"The tender concerns establishing service centers and O&M, with no medical, surgical, or diagnostic context."
722,137717,18/BSBCCL/2026-27 GR02,Bihar State Building Construction Corporation Ltd,"Electrification work for the operation of the dehumidifier installed at the Regional Office of the Bihar State Seed Corporation in Kudra, Kaimur district.",2026-09-07 15:00,,,no,"The tender concerns electrical work for a dehumidifier, unrelated to medical or diagnostic products."
723,137759,17/BSBCCL/2026-27 GR01,Bihar State Building Construction Corporation Ltd,Repairing Work of Processing Building and Godown in Kudra (kaimur) under Bihar State Seed Corporation.,2026-09-07 15:00,,,no,"The tender concerns building and godown repair for a seed corporation, unrelated to medical or diagnostic products."
724,137872,03/Museum/Dept.-2-02/09/Part-II /14-08-2026,"Art, Culture and Youth Department","Directorate of Museum, under Department of Art and Culture, Government of Bihar invites Request for Proposal (RFP) for Selection of an Agency for Supply of skilled and trained Manpower at Buddha Samyak Darshan Museum-cum- Smriti Stupa, Vaishali(Bihar).",2026-09-07 16:00,,,no,"The tender is for supplying skilled manpower to a museum, unrelated to medical, surgical, or diagnostic products."
725,137959,NIT No:Comfed:Pur: 4423 Dt:13.08.2026 (AI Sheath),Bihar State Milk Cooperative Federation Limited,Procurement of AI Sheath & AI Gloves on ARC basis,2026-09-07 17:00,,Endo,no,"[2nd-pass REJECTED] The tender is for AI sheaths and AI gloves, which are not among Meril's Endo surgical or Diagno IVD product lines."
726,137535,38/PR/NBPDCL/2026,NORTH BIHAR POWER DISTRIBUTION COMPANY LIMITED,"Turn Key Contract for Design, Engineering, Construction, Testing and Commissioning of two(02) nos. of 2X10 MVA, 33/11 KV  New PSS at Belwdangi & Sitalpur  in  Katihar District along with associated 33 KV and 11 KV lines under State Plan.",2026-09-07 17:00,,,no,Hard-reject: civil/electrical/administrative signal '33/11 kv' — not a Meril product.
727,137118,09/BUIDCo/2026-27(Gr-03),Bihar Urban Infrastructure Development Corporation Ltd.,Construction of Playground in Block Campus Kudhani (Turki) in Nagar Panchayat Turki-Kudhani in Ward No-6 Under MMSSVY,2026-09-08 15:00,,,no,"The tender is for construction of a playground, which is a civil work unrelated to medical or diagnostic products."
728,137783,NIT 4/BCD/NALANDA/2026-27,Building Construction Department,Construction of  Proposed Toilet Complex in the Campus of  Anumandal Civil Court  Hilsa  in Dist-Nalanda for the Year-2026-27,2026-09-08 15:00,,,no,Hard-reject: civil/electrical/administrative signal 'nala' — not a Meril product.
729,137184,BMSIC/2026-27/ME-511,Bihar Medical Services and Infrastructure Corporation Limited,"Tender for the Procurement, Rate Contract and Supply of Medical Equipment for different Govt. Health Institutions of Bihar.",2026-09-08 17:00,,Unknown,no,"[2nd-pass REJECTED] The tender is for universal ventilators, a product not offered by Meril Endo or Meril Diagno."
730,136987,BMSIC/2026-27/ME 510,Bihar Medical Services and Infrastructure Corporation Limited,"Tender for the Procurement, Rate Contract and Supply of Medical Equipment for different Govt. Health Institutions of Bihar.",2026-09-08 17:00,,Unknown,no,"[2nd-pass REJECTED] Tender seeks hospital furniture (examination beds, IV stands, lockers, Fowler beds) which are not among Meril's Endo or Diagno product lines."
731,138113,29/PR/BSPTCL/2026,Bihar State Power Transmission Company Limited,Construction of 42 nos. new 33 KV bays at 16 nos. GSS of BSPTCL on turnkey basis against NIT NO.29/PR/BSPTCL/2026,2026-09-08 17:00,,,no,Hard-reject: civil/electrical/administrative signal '33 kv' — not a Meril product.
732,138114,30/PR/BSPTCL/2026,Bihar State Power Transmission Company Limited,Construction of 50 nos. new 33 KV bays at 14 nos. GSS of BSPTCL on turnkey basis against NIT NO.30/PR/BSPTCL/2026,2026-09-08 17:00,,,no,Hard-reject: civil/electrical/administrative signal '33 kv' — not a Meril product.
733,137891,03/Museum/Dept.-2-02/09/Part-II /14-08-2026.,"Art, Culture and Youth Department","Directorate of Museum, under Department of Art and Culture, Government of Bihar invites e-Tender for providing security services at Buddha Samyak Darshan Museum-cum- Smriti Stupa, Vaishali (Bihar).",2026-09-09 04:00,,,no,Hard-reject: civil/electrical/administrative signal 'security services' — not a Meril product.
734,137940,14/BCD/MOTIHARI/2026-27,Building Construction Department,"CONSTRUCTION OF MALE, FEMALE & HANDICAPT TOILET COMPLEX IN CAMPUS OF DISTRICT REGISTRY OFFICE AT CHHAURADANO IN  THE   DIST - EAST CHAMPARAN FOR THE YEAR - 2026-27",2026-09-09 15:00,,,no,"The tender is for construction of toilet facilities, which is a civil infrastructure project unrelated to medical or diagnostic products."
735,137979,RE NIT 03/BCD/CONS DIV 3/2026-27,Building Construction Department,"Construction of Proposed Centre of Excellence of Fire Testing, Training and Research Laboratory at IIT Patna, Bihar (ON EPC BASIS)",2026-09-09 15:00,,,no,"The tender is for construction of a fire testing and research laboratory, unrelated to medical or diagnostic products."
736,138192,NIT No 8/SHEIKHPURA/2026-27,Building Construction Department,"Repair work, renovation of toilets, and construction of the boundary wall at the OBC Hostel, Ramadhin College, Sheikhpura for the year 2026–27.",2026-09-09 15:00,,,no,Hard-reject: civil/electrical/administrative signal 'boundary wall' — not a Meril product.
737,138111,71/PR/SBPDCL/2026,South Bihar Power Distribution Company Limited,"Turnkey Contract for construction of 01 No New 33KV Line at Gaya Ji of SBPDCL to provide connectivity and electrical infrastructure for 3 nos. of proposed PSS for integrated manufacturing centre (IMC), Gaya Ji, Bihar for Amritsar Kolkata Integrated Centre (AKIC), Gamhariaunder  (State Plan) With all associated works under SBPDCL",2026-09-09 17:00,,,no,"The tender is for construction of a 33KV electrical line, unrelated to medical or diagnostic products."
738,138171,NIT 06/BCD/MADHEPURA/2026-27,Building Construction Department,Renewal / Renovation of B.P.Mandal indoor stadium in Madhepura.(F.Y-2026-27),2026-09-10 15:30,,,no,Hard-reject: civil/electrical/administrative signal 'renovation' — not a Meril product.
739,135379,05-269/2025-507,Transport Department,"Reguest for Proposal for Selection of Master System lntegrator (MSI) to Design, Suppty, lmplement, lntegrate and Commission Electronic Enforcement Systems (ITMS) at identified high-risk and risk density corridors and critical locations for Bihar State and operate & maintain the systems for a period of 10 years on PPP basis",2026-09-10 16:00,,,no,"The tender concerns electronic enforcement systems for road corridors, unrelated to medical or diagnostic products."
740,135044,BUIDCo/Yo-3451/25-47,Bihar Urban Infrastructure Development Corporation Ltd.,Chhapra Sewerage Network Scheme under AMRUT 2.0,2026-09-10 17:00,,,no,"The tender is for a sewerage network scheme, which is civil infrastructure and unrelated to medical or diagnostic products."
742,138009,"NIT No: 06/2026-27,",Urban Development and Housing Department,Providing Outsourced Manpower for Performing and Managing Day to Day Activities related to sanitation work for Nagar Parishad Mahua,2026-09-11 15:00,,,no,"The tender is for outsourced sanitation manpower, unrelated to medical, surgical, or diagnostic products."
743,137972,NIT NO - 844,Bihar State Food and Civil Supplies Corporation Limited,Selection and empanelment of Transportation cum Handling Contractor for main Transportation of Food Grains at District Nawada for 03 (Three) POSTS.,2026-09-13 17:00,,,no,"The tender is for transportation of food grains, unrelated to medical, surgical, or diagnostic products."
744,138191,RE NIT 13/BCD/GAYA/2025-26,Building Construction Department,"CONSTRUCTION OF 720 CAPACITY DR. BHIM RAO AMBEDKAR SC/ST RESIDENTIAL SCHOOL AT IMAMGANJ, GAYA.",2026-09-14 15:00,,,no,"The tender is for construction of a residential school, unrelated to medical or diagnostic products."
745,138053,PR_010053/26-27,Urban Development and Housing Department,Request for Proposal for Selection of a Consultant for the Appointment of Programme Support Unit (PSU) to Support Urban Local Bodies in Bihar,2026-09-14 15:00,,,no,"The tender is for a consultancy to support urban local bodies, with no medical or diagnostic context."
746,132890,NIT-08/2026-2027/Network/IGIMS/Store,Indira Gandhi Institute Of Medical Sciences,"For supply, installation and commissioning of Campus Networking System for the department of IT Cell.",2026-09-14 17:00,,,no,"The tender is for a campus networking system, which is unrelated to medical or diagnostic products."
747,131595,Tender Notice No:1600(C),Department of Industries,Request for Proposal (RFP) Selection of Event Management Agency for Bihar Business Connect 2026,2026-09-14 18:00,,,no,"The tender is for selecting an event management agency, unrelated to medical or diagnostic products."
748,137320,NIQ NO. 07/2026-2027/HWD BIRPUR,Water Resources Department,"Supply, Installation & Training of Hydro-Meteorological, Geo-Technical & Seismic instruments for Kosi Barrage as per Dam Safety Act-2021",2026-09-18 15:00,,,no,"Tender concerns hydro-meteorological, geo-technical and seismic instruments for dam safety, which are unrelated to Meril's surgical or diagnostic product lines."
749,135920,NIT/08/2026-27/01,Urban Development and Housing Department,Group no-01 Construction of drain in Ward No. 31 Gaurakshini Gaushala.,2026-09-19 16:00,,,no,"The tender is for civil construction of a drain, not for medical or diagnostic products."
750,135916,NIT/08/2026-27/ 03,Urban Development and Housing Department,group no-03 Construction of drain and path from Nagina Pustak to transformer via Ramugraha Singh's house in Ward No. 09.,2026-09-19 16:00,,,no,"The tender is for construction of a drain and path, which is unrelated to medical or diagnostic products."
751,135917,NIIT-08/2026-27/02,Urban Development and Housing Department,Group no-02 Construction of drain with cover from Devi Sthan to Arun Kumar's house in Ward No. 7.,2026-09-19 16:00,,,no,"The tender is for construction of a drain with cover, which is unrelated to medical or diagnostic products."
752,137852,BMVM 1200-01/24 – 1695,Bihar Mahadalit Vikas Mission,REQUEST FOR PROPOSAL (RFP) for the Establishment and Operation of a co-educational  Centre of Excellence (COE) for SC & ST Students,2026-09-29 15:00,,,no,"The tender is for establishing an educational centre, unrelated to medical or diagnostic products."
