s_no,tender_id,tender_refno,organisation_name,tender_title,estimated_value,bid_closure_date,documents,filter_status,filter_reason
1,334548,TENDER-11/2026-27,NAGARPALIKA-Mahemdabad Nagarpalika Tender Id :334548,Purchasing work Panel Board of For Water Works Department under Mahemdavad nagarpalika Nagarpalika.,510597.00,19-08-2026 18:00:00,,,no,"The tender concerns a panel board for a Water Works Department, unrelated to medical or diagnostic products."
2,334555,Notice No.11 of 2026-27,NWR-SIPU Project Dn. Palanpur Tender Id :334555,Slope Clearance Work of Sujalam Sufalam Spreding Canal From Ch. 322.240 to 337.525 Km.,4719202.90,27-08-2026 18:00:00,,,no,"The tender concerns civil slope clearance work for a canal, unrelated to surgical or diagnostic products."
3,334533,07/2026-27 (2nd Try),R&B-Panchayat -Nadiad Tender Id :334533,"Construction of Nandghar (Anganvadi) Building at Himmat Nagar Village Himmat Nagar Lat (Thasra-1), Ta: Thasra, Dist:Kheda",1294788.01,21-08-2026 18:00:00,,,no,"The tender is for construction of a building, which is civil work unrelated to surgical or diagnostic products."
4,334497,798/3/2026-27,NAGARPALIKA-Kadi Nagarpalika Tender Id :334497,"Construction Work for Chanpaben Ratilal patel Town Hall at 10 to 12 passenger Lift for Kadi NagarPalika, District: Mehsana. ( SJMMSVY UDP-88 2023-24 )",2387693.00,24-08-2026 18:00:00,,,no,"Tender is for construction of a passenger lift in a town hall, unrelated to medical or diagnostic products."
5,334505,Tender Notice 2026-2027,NAGARPALIKA-Halol Nagar Seva Sadan Tender Id :334505,"Resurfacing of different road at HALOL Nagarpalika Different Area At HALOL,Dist: PANCHMAHAL ,Under Road Resurfacing Grant Year 2026-27",0.00,21-08-2026 18:00:00,,,no,Hard-reject: civil/electrical-infra signal 'road resurfacing' — not a Meril product.
6,334503,Lunawada/Tender/2026/157,MGVCL-Lunawada (O&M) Division Tender Id :334503,"Annual Rate Contract for providing outsource labours for Repairing of Various rating (5KVA to 500 KVA) Distribution Transformers having CRGO & Amorphous core on rating wise Fixed rate at in-house repairing center, Lunawada Division under Godhara (O&M) Circle of MGVCL",2994654.74,31-08-2026 16:00:00,,,no,Hard-reject: civil/electrical-infra signal 'distribution transformer' — not a Meril product.
7,334490,04 of 2026-27,GMB-Gujarat Maritime Board Surat Tender Id :334490,Maintenance & Repairs to Administrative Office Building at Surat.(2nd attempt),1234083.06,27-08-2026 18:00:00,,,no,"The tender is for building maintenance and repairs, unrelated to surgical or diagnostic products."
8,334430,SK 5 FOR 2026-2027 SN 1,R&B-Mehsana Division Tender Id :334430,"2059 Outsorcing at Executive Engineer office R&B Division Mehsana ( Supply of Serrper, Chowkidar , Peon, Office Assistant Cum Computer Operator )",4011151.61,20-08-2026 18:00:00,,,no,"The tender is for supplying security and office staff, unrelated to medical or diagnostic products."
9,334482,01 of 2026-27,NAGARPALIKA-Ankleshwar Nagarpalika Tender Id :334482,Hiring of service provider for User Charges Collection from Vendor (Hawkers) Zones and Enforcement of Penalties as per municipal bye laws for violating the rules and regulations (8th Call),,21-08-2026 18:00:00,,,no,"The tender is for hiring a service provider for charge collection and penalty enforcement, unrelated to medical or diagnostic products."
10,334476,STC-114-2026,"GETCO-GETCO Circle Office, Surendranagar Tender Id :334476",Replacement of Damaged Double Tension SRI Loc. No-187 & 188 of 400 KV Vadavi Mansar Line in Railway crossing portion in Jurisdiction of AM Div. Viramgam.,286815.52,03-09-2026 16:00:00,,,no,"The tender concerns replacement of high-voltage railway line components, unrelated to medical or diagnostic products."
11,334484,11-2026-27,NAGARPALIKA-Mahemdabad Nagarpalika Tender Id :334484,Purchasing work Dewatering Pump at Mahemdavad Nagar palika Mahemdavad,61728.00,19-08-2026 18:00:00,,,no,"The tender is for a dewatering pump, which is unrelated to surgical/endosurgery or in‑vitro diagnostic products."
12,334352,15 of 2026-27,R&B-Panchayat (R&B) Division - Rajpipla Tender Id :334352,Resurfacing and Strengthening of Various Roads of Dediapada under Package No-04 (Total-02 Road 3.00 Km Length) District-Narmada,12254528.19,31-08-2026 18:10:00,,,no,"The tender concerns road resurfacing and strengthening, which is civil construction unrelated to medical or diagnostic products."
13,334469,TCAL/CMC/CIVIL/234/2025-26 (3rd Attempt),"GETCO-GETCO Circle Office, Amreli Tender Id :334469",Construction of Toilet Block at 220Kv Sintex SS under GETCO AM DN Savarkundla and Circle Office Amreli.,984533.77,01-09-2026 18:00:00,,,no,"The tender is for construction of a toilet block, which is civil work unrelated to surgical or diagnostic products."
14,334471,04 of 2026-27,GMB-Gujarat Maritime Board Surat Tender Id :334471,Annual Maintenance & Repairs to various Assets of GMB at surat (2nd attaempt),1206031.90,27-08-2026 18:00:00,,,no,"The title refers to general maintenance and repairs of assets, with no indication of medical, surgical, or diagnostic products."
15,334477,2026-27/HTC / 41,GETCO-GETCO Transmission Circle Office - Himatnagar Tender Id :334477,"Tender for Work of Survey, Design, Supply, Installation, Testing, commissioning with Comprehensive Maintenance contract of 5 years for Solar Rooftop projects at Idar AM Division Various locations under Himatnagar TR. Circle",12662163.00,24-08-2026 16:00:00,,,no,"The tender is for solar rooftop project work, which is unrelated to surgical or diagnostic products."
16,334351,15 of 2026-27,R&B-Panchayat (R&B) Division - Rajpipla Tender Id :334351,Resurfacing and Strengthening of Various Roads of Dediapada under Package No-03 (Total-03 Road 3.700 KM Length) District-Narmada,17811405.61,31-08-2026 18:10:00,,,no,"The tender concerns road resurfacing and strengthening, which is civil infrastructure work unrelated to medical or diagnostic products."
17,334443,TCJND/2026-27/N-57,"GETCO-GETCO TR. Circle Office, Junagadh Tender Id :334443","Bi annual up keeping and housekeeping of Control Room, Switch Yard and adjoin office area at 220 Kv Keshod Sub Station of Keshod AM Division under Junagadh Circle",1084756.11,02-09-2026 16:00:00,,,no,"The tender concerns maintenance and housekeeping of an electrical substation, which is unrelated to medical/surgical or diagnostic products."
18,334461,06/2026-27 (2nd attempt),GWSSB-P.H. Works DN. Veraval - Gir Somnath Tender Id :334461,Demolition of Staff Quarters at Ghantwad HW of Kodiar Group W.S.S. under M & R to Kodinar Group W.S.S. (2nd attempt),47032.00,20-08-2026 18:00:00,,,no,"The tender is for demolition of staff quarters, a construction activity unrelated to medical or diagnostic products."
19,334350,15 of 2026-27,R&B-Panchayat (R&B) Division - Rajpipla Tender Id :334350,Resurfacing and Strengthening of Various Roads of Dediapada under Package No-02 (Total-02 Road 3.00 KM Length) District-Narmada,12291054.03,31-08-2026 18:10:00,,,no,"The tender is for road resurfacing and strengthening, which is civil construction work unrelated to medical or diagnostic products."
20,334457,DMC/Drainage/04/2026-27,SMC-Surat Mahanagar Seva Sadan Tender Id :334457,"Expression of Interest (EOI) for the Selection of Agency for the Scientific Processing, Resource Recovery, and Sustainable Utilization of Dewatered Sewage Sludge (Digested and Non-Digested) up to 300 TPD into Class A OR Class B Biosolids, Energy Recovery, Construction Material in compliance with the National Guidelines on Sewage Sludge Management-2026 and other applicable Environmental Laws and Regulations for a Period of 10 Years (Extendable up to further 10 Years)",,02-09-2026 18:00:00,,,no,"The tender concerns sewage sludge processing, biosolids, energy recovery and construction material, which are unrelated to surgical/endoscopy or diagnostic products."
21,334446,03 of 2026-27 (3rd Attempt),R&B-Gujarat High Court (RnB) Sub Dn -1 Tender Id :334446,"S.R. to Gujarat State Judicial Academy, Gujarat High Court at Sola, Ahmedabad. (Providing Emblem at Entrance of Admin Building Informatorily board Signages Board and Misc. Work in the Campus of Gujarat State Judicial Academy.)",420498.75,19-08-2026 18:00:00,,,no,"The tender is for signage, emblems and miscellaneous campus work at a judicial academy, unrelated to medical or diagnostic products."
22,334166,BVNC/Tech-1/TN- 16/2026,PGVCL-City1 Division - Bhavnagar Tender Id :334166,Tender for Supply of DPC wire-1 for Transformer Repairing Unit at New Bunder Road Bhavnagar. as per attached schedule B,300000.00,25-08-2026 18:00:00,,,no,"The tender is for DPC wire for a transformer repairing unit, which is electrical infrastructure unrelated to surgical or IVD products."
23,334451,06 of 2026-27,R&B-R&B Electrical Dept. Rajkot Tender Id :334451,Addition and Alteration to E.I. Switchgears in Mamlatdar office at Dwarka Dist: Devbhoomi Dwarka (Job No. DDK/Raj/SR/NR/2025-26/01),1048836.52,27-08-2026 16:00:00,,,no,"The tender concerns electrical switchgear installation/alteration in an office, which is unrelated to Meril's surgical or diagnostic product lines."
24,334458,7 of 2026-27,"SSNNL-SBC Dn. No. 1/3, Kadi Tender Id :334458",Maintenance & Repair work of Pre-Cast Sub Division Building Block No 1 & 4 for the office of Superintending Engineer N P C Circle No 4 for the Year 2026-27 (2nd attempt).,1599176.28,19-08-2026 18:00:00,,,no,"The tender concerns construction maintenance of pre-cast building blocks, unrelated to surgical or diagnostic products."
25,334418,16 of 2026-27,R&B-Patan Tender Id :334418,Construction Of B-Type (5unit) & C-Type (5 unit) Staff Quarters At-Varahi Ta- SantalpurDist-Patan,68930365.20,27-08-2026 18:00:00,,,no,"The tender is for construction of staff quarters, which is civil work unrelated to medical or diagnostic products."
26,334349,15 of 2026-27,R&B-Panchayat (R&B) Division - Rajpipla Tender Id :334349,Resurfacing and Strengthening of Various Roads of Dediapada under MMGSY 2026-27 Package No-01 (Total-02 Road 3.40 KM Length) District-Narmada,14130768.82,31-08-2026 18:10:00,,,no,"The tender is for road resurfacing and strengthening, a civil infrastructure project unrelated to medical or diagnostic products."
27,334440,7 of 2026-27,"SSNNL-SBC Dn. No. 1/3, Kadi Tender Id :334440",Cleaning of Boundary gutter from Ch.33.050 km of Saurashtra Branch Canal till Viramgam Drain and De-silting of super passage at Ch.34.950 km of Saurashtra Branch Canal,1588968.90,19-08-2026 18:00:00,,,no,"The tender concerns canal cleaning and de‑silting, which are civil works unrelated to medical or diagnostic products."
28,334437,Notice No.3 Of 2026-27. Sub Division No.10,"R&B-Capital Project Division No.3, Gandhinagar Tender Id :334437","2215 Water supply and sanitation. - (101) Gandhinagar Water supply Scheme Dismentaling, Reconstruction and Renovation of the Pump House at Sector No.14 Garden in Gandhinagar Township.",201948.16,20-08-2026 17:00:00,,,no,"The tender concerns water supply scheme and pump house reconstruction, which is civil infrastructure unrelated to surgical or diagnostic products."
29,334436,"ACE & I/C CE/BRIDGE/03/2026-27,WORK NO.02",SMC-Surat Mahanagar Seva Sadan Tender Id :334436,"Repairing of Potholes on wearing coat in various bridges in (CZ, SWZ, SEZ, SZ-A and SZ-B) Surat City. (Work No.02)",3080660.39,21-08-2026 18:00:00,,,no,"The tender concerns bridge pothole repairs, a civil infrastructure project unrelated to medical or diagnostic products."
30,334429,06 of 2026-27,R&B-R&B Electrical Dept. Rajkot Tender Id :334429,Replacing Old & u/s Transformer and Arm.Al Cable in HT Sub Station at Jilla Seva Sadan - 2 Rajkot (2nd try),1862249.11,27-08-2026 16:00:00,,,no,"The tender concerns replacement of transformers and cables in a high‑tension sub‑station, which is electrical infrastructure unrelated to surgical or diagnostic products."
31,334426,"DMC/Drainage/03/2026-27,Work No.-25",SMC-Surat Mahanagar Seva Sadan Tender Id :334426,"PROVIDING, SUPPLYING, LOWERING & LAYING OF INTEGRATED MS GRAVITY MAIN DISPOSAL PIPELINE FOR CONVEYING OF TREATED SEWAGE FROM F.P. NO. 332 AND 327, TP-84 STP TO TREATED WATER PUMPING STATION AT F.P. 105, T.P. 37 (VARIYAV), SURAT MUNICIPAL CORPORATION (PART-B).",1925115746.56,10-09-2026 18:00:00,,,no,"The tender concerns sewage pipeline construction for a municipal water project, which is unrelated to any surgical or diagnostic products sold by Meril."
32,334410,"ACE /WZ / 06 / 2026-27, W.NO.04",SMC-Surat Mahanagar Seva Sadan Tender Id :334410,"Providing Project Management Consultancy for the work of Revamping Of Sanjeevkumar Auditorium At T.P. No. 14 (Pal) F.P No. 154/155 in West (Rander) Zone, Surat.",,24-08-2026 18:00:00,,,no,"The tender is for project management consultancy to revamp an auditorium, which is a civil construction service unrelated to surgical or diagnostic products."
33,334409,BDC/Gift/2026-27/01,Co-operative Banks-The Banaskantha District Central Co-operative Bank Ltd Tender Id :334409,Tender for Sabhasad Bhet,,25-08-2026 15:00:00,,,no,"The title refers to a meeting (Sabhasad Bhet) and does not indicate any medical, surgical, or diagnostic products."
34,334413,"DMC/Drainage/03/2026-27,Work No.-24",SMC-Surat Mahanagar Seva Sadan Tender Id :334413,"PROVIDING, SUPPLYING AND LAYING OF 2235 MM OD AND 17.5 MM TH. MS RISING PIPELINE FROM PROPOSED TWPS AT F.P. 105, TP-37 (VARIYAV) TO TENA KHADI, SURAT MUNICIPAL CORPORATION.",1375471351.70,10-09-2026 18:00:00,,,no,"The tender involves supplying and laying a municipal water pipeline, which is civil infrastructure, not medical or diagnostic products."
35,334397,"DMC/Drainage/03/2026-27,Work No.-23",SMC-Surat Mahanagar Seva Sadan Tender Id :334397,"CONSTRUCTION OF 814 MLD CAPACITY TREATED WATER PUMPING STATION AT F.P. 105, T.P. 37 (VARIYAV), SURAT MUNICIPAL CORPORATION.",242766127.28,10-09-2026 18:00:00,,,no,"The tender is for construction of a water pumping station, which is civil infrastructure and unrelated to surgical or diagnostic products."
36,334391,DMC/SZ-B/05/2026-2027 Work no.03,SMC-Surat Mahanagar Seva Sadan Tender Id :334391,PROVIDING AND MAKING FURNITURE FOR HEALTH CENTER BUILDING AT MOJE: GABHENI R.S.NO-218 IN SOUTH ZONE-B(KANAKPUR) SURAT.,3481526.79,24-08-2026 18:00:00,,,no,"The tender is for providing and making furniture for a health center building, which is not a surgical or diagnostic product sold by Meril."
37,334387,77 /2026,R&B-Panchayat Division Morbi Tender Id :334387,"Resurfacing of Village Road to Anandpar Approach Road, Km. 0/0 to 0/60 Tal : Wankaner, Dist : Morbi (Under MMGSY (BUJ) Yojna Year 2023-24) ( 18th attempt)",2079772.34,20-08-2026 18:00:00,,,no,"The title describes road resurfacing civil work, unrelated to surgical or diagnostic products."
38,334386,DMC/SZ-B/05/2026-2027 Work no.06,SMC-Surat Mahanagar Seva Sadan Tender Id :334386,"Repairing and Maintanance work of footpath in DTP-59 (Unn), DTP-67 (Jiav-Sonari-Gabheni),Moje Gabheni,Budiya,Dipli,Sonari,Jiav of South Zone-B (Kanakpur) (2nd Attempt)",3741758.40,24-08-2026 18:00:00,,,no,"The tender is for footpath repair and maintenance, which is civil infrastructure and unrelated to surgical or diagnostic products."
39,334357,ET-6353-N,"GSECL-Thermal Power Station, Ukai Tender Id :334357","Design, Engineering, Manufacture, Supply, Erection, Testing & Commissioning of 6.6 kV Indoor Metal-Clad Draw-out Type VCB Panels for Replacement of Existing Switchgear at Ukai TPS. (EMD-5ET-6353-N)",,09-09-2026 18:30:00,,,no,"The tender concerns electrical switchgear panels for a power station, unrelated to medical or diagnostic products."
40,332884,ET-288,"GSECL-Thermal Power Station, Gandhinagar Tender Id :332884",Supply of GI Coated heavy duty MS Grill at BMD Gandhinagar TPS.,,02-09-2026 18:00:00,,,no,"The title refers to a galvanized iron coated heavy duty metal grill, which is a construction item unrelated to surgical or diagnostic products."
41,331822,ET-283,"GSECL-Thermal Power Station, Gandhinagar Tender Id :331822",Supply of Bonnet Seal Ring & Spiral Wound Gasket Joint for BMD at GTPS.,,02-09-2026 18:00:00,,,no,"The title refers to industrial seal rings and gasket joints, which are not medical or diagnostic products."
42,333564,09 (2026-27),R&B-Panchayat Palanpur Division Tender Id :333564,"Empanelment of Consultant for Surveying, Designing, Preparing Estimate & SBD for Road, Building & Bridge Works under R&B (Panchayat) Circle, Gandhinagar",,24-08-2026 18:00:00,,,no,"The tender is for consulting services for road, building and bridge works, which are civil engineering projects unrelated to surgical or diagnostic products."
43,334251,05/01 OF 2026/2027,R&B-J.C. Elect. Sub Dn. Ahmedabad Tender Id :334251,"Renovation to E.I in offices at Various Floors of Bachat Bhavan , Relief Road , Ahmedabad [2ND ATTEMPT]",979262.17,19-08-2026 16:00:00,,,no,"The tender concerns office renovation/electrical works, which are unrelated to Meril's surgical or diagnostic product lines."
44,334348,15 of 2026-27,R&B-Panchayat (R&B) Division - Rajpipla Tender Id :334348,MMGSY Year (2025-26) Construction of High Level Major Bridge on Andu Approach Road at ch.0/400 Ta-Dediapada Dist-Narmada,38220210.00,31-08-2026 18:10:00,,,no,"The tender is for bridge construction, unrelated to surgical or diagnostic products."
45,334347,15 of 2026-27,R&B-Panchayat (R&B) Division - Rajpipla Tender Id :334347,MMGSY Year (2025-26) Construction of High Level Major Bridge on Mahupada Sajanvav Road at ch.0/20 to 0/40 Ta-Sagbara Dist-Narmada,52408690.69,31-08-2026 18:10:00,,,no,"The tender is for construction of a major bridge, which is civil infrastructure and unrelated to surgical or diagnostic products."
46,334346,15 of 2026-27,R&B-Panchayat (R&B) Division - Rajpipla Tender Id :334346,Construction of CC Pavement on Bhadam Lachharas Road (MDR) Km.0/000 to 1/010 Ta-Nandod Dist-Narmada Under Suvidhapath Yojana (2025-26-Trible),11772400.29,31-08-2026 18:10:00,,,no,The tender is for road construction (CC pavement) and has no relation to surgical or diagnostic products.
47,334115,2026-27/62/06,PIU-Project Implementation Unit Tender Id :334115,Dismentling of particular material of Fire safety Equipment for Old CHC Building at Umreth ta. Umreth in Dist: - Anand. (Reinvited),653350.00,31-08-2026 18:00:00,,,no,"The tender is for dismantling fire safety equipment in a building, which is unrelated to medical, surgical, or diagnostic products."
48,334098,2026-27/62/05,PIU-Project Implementation Unit Tender Id :334098,"Reparing & Renovation of Gujarat Ayurved Vikas Mandal, Odhav, Ahmedabad.",7837616.00,31-08-2026 18:00:00,,,no,"The tender concerns building repair and renovation, which is civil construction work unrelated to Meril's surgical or diagnostic product lines."
49,334086,2026-27/62/04,PIU-Project Implementation Unit Tender Id :334086,"Annual Rate Contract Of Civil Works of various Health Care Facilities Ta: Harij, Sami, Sankheshwer, Radhanpur & Santalpur in Dist:- Patan.",,31-08-2026 18:00:00,,,no,"The tender is for civil construction works at health care facilities, not for surgical or diagnostic products."
50,333953,2026-27/62/03,PIU-Project Implementation Unit Tender Id :333953,"Annual Rate Contract Of Civil Works For Health Care Facilities For GMERS Medical Hospital, SDH Siddhpur, Dethali Campus & DH Patan at Dist:- Patan.",,31-08-2026 18:00:00,,,no,"The tender is for civil construction works at hospitals, not medical devices or diagnostics."
1,333842,2026-27/62/02,PIU-Project Implementation Unit Tender Id :333842,"New Construction of PHC Building P. M. Room Compound Wall C.C. Road Electriccity, and Furniture at Ravad Ta. Sami District Patan.",15967246.00,31-08-2026 18:00:00,,,no,"The tender concerns construction, road, electricity, and furniture, which are unrelated to surgical or diagnostic products."
2,333784,2026-27/62/01,PIU-Project Implementation Unit Tender Id :333784,"New Construction Of One Room At Shree Balva Gram Vikas Mandal Sanchalit Sarvajanik Hospital, Balva Ta:-Kalol Dist:- Gandhinagar.",805228.00,31-08-2026 18:00:00,,,no,"The tender concerns construction of a hospital room, not medical or diagnostic products."
3,334337,14 of 2026-27,R&B-Panchayat (R&B) Division - Rajpipla Tender Id :334337,"Celebration of Rashtriya Ekta Diwas Function-2026 at Kevadiya Dist-Narmada ( Levelling, GSB, WMM & Other Misc Work at Various Place in Narmada District) (Deposit Work)",194871171.65,24-08-2026 18:10:00,,,no,"The tender is for civil/construction work (levelling, GSB, WMM, misc work) unrelated to medical or diagnostic products."
4,334342,NIVIDA 11 2026-27,R&B-Panchayat R&B Division - Rajkot Tender Id :334342,"Resurfacing of Valdhari to Patiyali Road (NP BT) Km.0/000 to 4/400 Ta.Gondal, Dist.; Rajkot (Package No.RAJ/MMGSY/BUJ/2026-27/P.09)",16067605.47,01-09-2026 18:00:00,,,no,"The tender is for road resurfacing, a civil infrastructure project unrelated to surgical or diagnostic products."
5,334340,01 of 2026-2027,R&B-Panchayat R and B Division - Vadodara Tender Id :334340,"Construction of the Gadhdiya to Vadala village joining road, Ta.:- Savli, Dist.:- Vadodara",579847.60,20-08-2026 18:00:00,,,no,"The tender is for civil road construction, unrelated to medical or diagnostic products."
6,334336,CME/Electrical/2732,DPA-Electrical Division Tender Id :334336,"Supply, installation, testing & commissioning of 30m High Masts for 50.95 Hectare & 35 Hectare areas including Comprehensive Annual Maintenance Contract for 5 Years after expiry of warranty period of 1 Year",287466340.00,02-09-2026 16:00:00,,,no,"The tender is for supply and installation of high masts, which is civil/infrastructure work unrelated to medical or diagnostic products."
7,334335,06 of 2026-2027,VUDA-Vadodara Urban Development Authority Tender Id :334335,"EMPANELMENT FOR TPI (THIRD PARTY INSPECTION) CONSULTANCY SERVICE OF VARIOUS TYPES OF ROADS, BRIDGES, AHM, RESIDENTIAL BUILDINGS, WATER SUPPLY, DRAINAGE, STORM WATER DRAINAGE AND OTHER INFRASTRUCTURE WORKS FOR VUDA.",,27-08-2026 16:00:00,,,no,"The tender is for third‑party inspection consultancy of roads, bridges, buildings, water and drainage infrastructure, which is unrelated to Meril's surgical or diagnostic products."
8,334331,CME/Electrical/2727,DPA-Electrical Division Tender Id :334331,Improvement of the lighting arrangement in the existing cargo jetty area of DPA,142772720.00,01-09-2026 16:00:00,,,no,"The tender concerns lighting improvements at a cargo jetty, which is civil/infrastructure work unrelated to medical or diagnostic products."
9,334334,06 of 2026-2027,VUDA-Vadodara Urban Development Authority Tender Id :334334,"EMPANELMENT FOR PROJECT MANAGEMENT CONSULTANCY INCLUDING PLANNING, DESIGNING, PREPARATION OF DPR AND IMPLEMENTATION FOR WATER SUPPLY, DRAINAGE AND STORM WATER DRAINAGE NEW CAPITAL PROJECTS AS WELL AS AUGMENTATION/ EXTENSION OF EXISTING WORKING SYSTEMS AND OTHER INFRASTRUCTURE WORKS FOR VUDA",,27-08-2026 16:00:00,,,no,"Tender is for water supply, drainage and infrastructure consultancy, unrelated to surgical or diagnostic products."
10,334261,06 of 2026-2027,VUDA-Vadodara Urban Development Authority Tender Id :334261,"EMPANELMENT FOR PROJECT MANAGEMENT CONSULTANCY FOR SERVICE OF VARIOUS TYPES OF ROADS, BRIDGES, AHM, RESIDENTIAL BUILDING, STREET LIGHTS AND OTHER INFRASTRUCTURE WORKS FOR VUDA.",,27-08-2026 16:00:00,,,no,"The tender concerns project management for roads, bridges, buildings and street lights, which are civil infrastructure, not medical or diagnostic products."
11,334217,09 of 2026-2027,R&B-Ahmedabad Medical Division Tender Id :334217,"S.R to Sola 372 Sarkari Vashahat, Sola, Ahmedabad ( Providing water proofing, Plaster Work, Colour work and other misc. work for Block No-1, 2, 3, 4, 5, 9, 13, 14, 15, 16, 17, 18, 22, 23, 24, 31)",2512237.58,25-08-2026 18:00:00,,,no,"The tender concerns construction work (waterproofing, plaster, painting) unrelated to medical or diagnostic products."
12,334302,07/2026-27,AMC-South West Zone Tender Id :334302,"PROPOSED PRIMARY SCHOOL BUILDING @ TP NO.: 84/A (SHARKHEJ), F.P. NO.: 92/2, SOUTH WEST ZONE, AHMEDABAD MUNICIPAL CORPORATION, AHMEDABAD.",93168218.02,31-08-2026 18:00:00,,,no,"The tender is for construction of a primary school building, unrelated to surgical or diagnostic products."
13,334162,09 of 2026-2027,R&B-Ahmedabad Medical Division Tender Id :334162,"S.R. to Renovation and Repairing of Mehsul Bhavan, Gota, Ahmedabad. (Plaster work, Colour work, Flooring work, plumbing work and other misc. work)",982692.35,25-08-2026 18:00:00,,,no,"The tender concerns building renovation, plaster, flooring, and plumbing work, which are unrelated to surgical or diagnostic products."
14,334311,BMC - ROAD / E-30/ 2026-27,BMC-Bhavnagar Municipal Corporation Tender Id :334311,Work of four lane Paver Road fulsar madhuvan soc. to sidsar road in chitra fulsar nari ward,20700000.00,07-09-2026 18:10:00,,,no,"The tender is for road paving construction, not medical or diagnostic products."
15,334268,BMC - ROAD / E-29/ 2026-27,BMC-Bhavnagar Municipal Corporation Tender Id :334268,Paver road and rubber molded paving block work on both sides of the road in Krishna Residency Society near 150 feet ring road in U. Sardarnagar-Tarasamiya ward,5716000.00,07-09-2026 18:10:00,,,no,"The tender concerns road paving and construction work, which is unrelated to surgical or diagnostic products."
16,334282,RMC20/NEHRUUDHYANTB/R0,RMC-Rajkot Municipal Corporation Tender Id :334282,"TOILET BLOCK AT NEHRU UDHYAN IN RAJKOT FOR RAJKOT MUNICIPAL CORPORAION, RAJKOT DIST : RAJKOT (3RD ATTEMPT)",3590000.00,21-08-2026 18:00:00,,,no,"The tender is for construction of a toilet block, which is civil work unrelated to surgical or diagnostic products."
17,334248,05/2026-27,CP-Social Forestry Division - Bhuj Tender Id :334248,"Inviting Tender For Empanelment of Agencies interested in Providing of Computer Service & items as per requirement for Social Forestry Division, - Kachchh.",,25-08-2026 16:54:00,,,no,"The tender is for computer services and items for a forestry division, unrelated to medical, surgical, or diagnostic products."
18,334253,MTC/082026/n-55,GETCO-GETCO Transmission Circle Office-Mehsana Tender Id :334253,"Survey, Design, Supply, Installation, Testing, commissioning with Comprehensive Maintenance contract of 5 years for Solar Rooftop projects at Various locations under Chhatral AM Division of GETCO, Mehsana Circle",8910411.00,25-08-2026 16:00:00,,,no,"The tender concerns solar rooftop projects, which are unrelated to medical/surgical or diagnostic products."
19,334254,GDR/ERECTION/2026-27/30,MGVCL-Godhra (O & M) Division Tender Id :334254,"Works Advertised Tender for Erection, Dismantaling and Maintenance of HT/LT and Transformer center and Kanelav Feeder or any other bifurcation Under ground work For Godhra East Sdn OR Any Other SDn Under Godhra O&M Division. Rates are inclusive of Supply of N B.",4999942.49,25-08-2026 16:00:00,,,no,"Tender is for electrical transformer, feeder and underground work, unrelated to medical or diagnostic products."
20,334240,TCBRH/26-27/E-150,GETCO-GETCO Transmission Circle Office - Bharuch Tender Id :334240,"Tender for Work of Survey, Design, Supply, Installation, Testing, commissioning with Comprehensive Maintenance contract of 5 years for Solar Rooftop Projects on Control Room building at 66kV Bhogwad S/s, 66kV Bitada S/s, 66kV Borda S/s, 66kV Fulwadi S/s, 66kV Khaidipada s/s , 66kV Mota raipura S/s, 66kV Mouza S/s, 66kV Pomlapada S/s, 66kV Pratapnagar S/s, 66kV Rajuwadia S/s, 66kV Umalla S/s, 66kV Umran S/s, 66kV Vanakpore S/s under Achhalia AM Division under Bharuch TR Circle",6096597.00,21-08-2026 16:00:00,,,no,"The tender concerns solar rooftop project design, installation and maintenance for power station control rooms, unrelated to medical or diagnostic products."
21,334243,22 / 2026‐27,AMC-Central Workshop Tender Id :334243,"Comprehensive Operation and Maintenance contract for 3 (Three) Years of Existing Hydraulic Tree Trimming Van Nos. 09 of AMC as per AMC tender specifications, scope of work & terms ‐ conditions.",,24-08-2026 18:00:00,,,no,"The tender involves operation and maintenance of hydraulic tree trimming vans, unrelated to medical or diagnostic products."
22,319419,SUB TENDER-319419(G25 SIZE METER) OF MAIN TENDER- (ID-319131),GEL-Gujarat Energy Limited - Gandhinagar Tender Id :319419,"RATE CONTRACT FOR SUPPLY OF G25 COMMERCIAL DIAPHRAGM METERS ACROSS GEL LOCATIONS OF GUJARAT, PALGHAR DISTRICT & THANE RURAL, DADRA AND NAGAR HAVELI (DNH), PUNJAB, HARYANA, MADHYA PRADESH AND RAJASTHAN",,01-09-2026 19:00:00,,,no,"The tender is for commercial diaphragm water meters, which are unrelated to Meril's surgical or diagnostic product lines."
23,334252,AMR/CO/CMC/AM/7/2026-27(2nd A),"GETCO-GETCO Circle Office, Amreli Tender Id :334252","Bi-Annual Rate Contract for 1) Shifting/Modification work of existing various 66/132/220 kV class transmission lines under Amreli Circle and 2) Emergency restoration work of 66/132/220 kV class transmission line on Tower/H-Frame structure under Amreli Circle (i.e. Anjar, Junagadh, Jamnagar, Gondal & Surendranagar) under Rajkot Zone for the period of 02 years",9995471.73,02-09-2026 16:00:00,,,no,"The tender pertains to electrical transmission line work and restoration, which is unrelated to Meril's surgical or diagnostic product lines."
24,319413,SUB TENDER-319413(G16 SIZE METER) OF MAIN TENDER- (ID-319131),GEL-Gujarat Energy Limited - Gandhinagar Tender Id :319413,"RATE CONTRACT FOR SUPPLY OF G16 COMMERCIAL DIAPHRAGM METERS ACROSS GEL LOCATIONS OF GUJARAT, PALGHAR DISTRICT & THANE RURAL, DADRA AND NAGAR HAVELI (DNH), PUNJAB, HARYANA, MADHYA PRADESH AND RAJASTHAN",,01-09-2026 19:00:00,,,no,"The tender is for G16 commercial diaphragm meters for water/gas supply, which are unrelated to Meril's surgical or diagnostic product lines."
25,334250,MTC/082026/n-54,GETCO-GETCO Transmission Circle Office-Mehsana Tender Id :334250,"Survey, Design, Supply, Installation, Testing, commissioning with Comprehensive Maintenance contract of 5 years for Solar Rooftop projects at Various locations under Patan AM Division of GETCO, Mehsana Circle",8915476.50,25-08-2026 16:00:00,,,no,"The tender concerns solar rooftop infrastructure, which is unrelated to surgical or diagnostic products."
26,333829,CE(P & C)/Contracts/Civil-661/26-27/66kV Hamla SS,GETCO-Gujarat Energy Transmission Corporation Limited vadodara Tender Id :333829,"Construction of Control Room Building, Staff Quarter, Foundations, Cable Trench, Compound Wall, R.C.C. Road, Borewell and misc civil works etc at 66 KV Hamla SS, Ta. Mandvi, Dist. - Kutch under Anjar Circle",23512990.00,02-09-2026 16:00:00,,,no,"The tender is for civil construction works (buildings, roads, borewell) unrelated to surgical or diagnostic products."
27,319409,SUB TENDER-319409(G10 SIZE METER) OF MAIN TENDER- (ID-319131),GEL-Gujarat Energy Limited - Gandhinagar Tender Id :319409,"RATE CONTRACT FOR SUPPLY OF G10 COMMERCIAL DIAPHRAGM METERS ACROSS GEL LOCATIONS OF GUJARAT, PALGHAR DISTRICT & THANE RURAL, DADRA AND NAGAR HAVELI (DNH), PUNJAB, HARYANA, MADHYA PRADESH AND RAJASTHAN",,01-09-2026 19:00:00,,,no,"The tender is for G10 commercial diaphragm meters, which are water flow meters unrelated to medical or diagnostic products."
28,319406,SUB TENDER-319406(G6 SIZE METER) SUB TENDER OF MAIN TENDER- (ID-319131),GEL-Gujarat Energy Limited - Gandhinagar Tender Id :319406,"RATE CONTRACT FOR SUPPLY OF G6 COMMERCIAL DIAPHRAGM METERS ACROSS GEL LOCATIONS OF GUJARAT, PALGHAR DISTRICT & THANE RURAL, DADRA AND NAGAR HAVELI (DNH), PUNJAB, HARYANA, MADHYA PRADESH AND RAJASTHAN",,01-09-2026 19:00:00,,,no,"The tender is for commercial diaphragm meters for water/gas flow, which are not medical or diagnostic products."
29,334249,2026-27,GDMC-Gandhidham Municipal Corporation Tender Id :334249,"Design, Build, Finance, Operate & Transfer of Construction and Demolition Waste Plant of 50 TPD capacity on PPP Basis for 20 Years.",0.00,31-08-2026 18:00:00,,,no,"Tender is for a construction and demolition waste plant, unrelated to medical/surgical or diagnostic products."
30,334247,NTC/CM-2/OPGW/AUG-2026/159,GETCO-GETCO Transmission Circle Office - Nadiad Tender Id :334247,"Work of Erection, Testing and Commissioning of New FOAC Cable in Existing 66kV UG Line Network under 400kV Charal Substation under Narol AM Division under Nadiad Circle",4895077.00,31-08-2026 16:00:00,,,no,Hard-reject: civil/electrical-infra signal 'substation' — not a Meril product.
31,334241,VGL/CO/C&P-CNG/BD202607P355,VGL-Vadodara Gas Limited Tender Id :334241,Purchase of 06 Nos. 600 SCMH Booster Compressor with 05 Years Comprehensive AMC for New CNG Stations on ARC Basis,,01-09-2026 14:00:00,,,no,"The tender concerns booster compressors for CNG stations, which are unrelated to surgical/endosurgery or diagnostic products."
32,319391,SUB TENDER-319391(G4 SIZE METER) OF MAIN TENDER- (ID-319131),GEL-Gujarat Energy Limited - Gandhinagar Tender Id :319391,"RATE CONTRACT FOR SUPPLY OF G4 COMMERCIAL DIAPHRAGM METERS ACROSS GEL LOCATIONS OF GUJARAT, PALGHAR DISTRICT & THANE RURAL, DADRA AND NAGAR HAVELI (DNH), PUNJAB, HARYANA, MADHYA PRADESH AND RAJASTHAN",,01-09-2026 19:00:00,,,no,"Tender concerns commercial diaphragm flow meters for utility use, which are unrelated to Meril's surgical or diagnostic product lines."
33,334239,"DMC/EZ-A/03/2026-2027,Work No. 03",SMC-Surat Mahanagar Seva Sadan Tender Id :334239,"OPERATION AND MAINTENANCE WORK FOR FIVE YEARS TIME PERIOD ON EXISTING PAY & USE TOILET BLOCK AT T.P.S.NO. 08 (UMARWADA),F.P.NO. 59 IN FRONT OF UMARWADA DISPOSABLE PLANT IN EAST (VARACHHA) ZONE -A,SURAT.",,24-08-2026 18:00:00,,,no,"The tender is for operation and maintenance of a toilet block, unrelated to surgical or diagnostic products."
34,334245,Tender Notice No.4 of 2026-27,GIDC-Circle Offce - Mehsana Tender Id :334245,"Upgradation of Infrastructure facilities Road, GSR, Pumproom SWD at Deodar GIDC, Deodar, Dist. Banaskantha,Gujarat.",13558934.00,21-08-2026 17:00:00,,,no,"The tender concerns road and infrastructure upgrades, which are unrelated to surgical or diagnostic products."
35,319363,SUB TENDER-319363 (G2.5 SIZE METER) OF MAIN TENDER- (ID-319131),GEL-Gujarat Energy Limited - Gandhinagar Tender Id :319363,"RATE CONTRACT FOR SUPPLY OF G2.5 OF COMMERCIAL DIAPHRAGM METERS ACROSS GEL LOCATIONS OF GUJARAT, PALGHAR DISTRICT & THANE RURAL, DADRA AND NAGAR HAVELI (DNH), PUNJAB, HARYANA, MADHYA PRADESH AND RAJASTHAN",,01-09-2026 19:00:00,,,no,"The tender is for commercial diaphragm flow meters for water supply, which are unrelated to Meril's surgical or diagnostic product lines."
36,319131,Main Tender- 319131,GEL-Gujarat Energy Limited - Gandhinagar Tender Id :319131,"RATE CONTRACT FOR SUPPLY OF VARIOUS SIZES OF COMMERCIAL DIAPHRAGM METERS ACROSS GEL LOCATIONS OF GUJARAT, PALGHAR DISTRICT & THANE RURAL, DADRA AND NAGAR HAVELI (DNH), PUNJAB, HARYANA, MADHYA PRADESH AND RAJASTHAN",,01-09-2026 19:00:00,,,no,"The tender is for commercial diaphragm flow meters for water/gas distribution, which are unrelated to Meril's surgical or diagnostic product lines."
37,334237,MTC/082026/n-53,GETCO-GETCO Transmission Circle Office-Mehsana Tender Id :334237,"Survey, Design, Supply, Installation, Testing, commissioning with Comprehensive Maintenance contract of 5 years for Solar Rooftop projects at Various locations under Mehsana AM Division of GETCO, Mehsana Circle",6096597.00,25-08-2026 16:00:00,,,no,"The tender concerns solar rooftop projects, which are unrelated to surgical or diagnostic products."
38,334216,10 OF 2026-27 (4th Trial),R&B-Panchayat Division Tapi Tender Id :334216,ICDS YEAR 2026-27 Const. of Anganwadi Kendra at Village Jangle Amalpada Ta.Ukai Dist.Tapi.,1196007.64,18-08-2026 18:00:00,,,no,"The tender is for construction of an Anganwadi center, which is civil work unrelated to surgical or diagnostic products."
39,332892,26 of 2026,UNMICRC-U N Mehta Institute of Cardiology and Research Centre Tender Id :332892,"E-Tender For Rate Contract For Repairing of Split A.C., Refrigerator & Water Cooler For U. N. Mehta Institute of Cardiology and Research Centre.",,01-09-2026 15:00:00,,,no,"The tender concerns repair services for air conditioners, refrigerators, and water coolers, which are unrelated to Meril's surgical or diagnostic product lines."
40,333979,2026-27,GDMC-Gandhidham Municipal Corporation Tender Id :333979,"The Work of “Design, Build, Supply, Erection, Commissioning & Operation of Transfer Station Facility” in Gandhidham Municipal Corporation.(3rd attempt)",100.00,31-08-2026 18:00:00,,,no,"The tender is for design, build, supply, erection, commissioning and operation of a municipal transfer station facility, which is a civil infrastructure project unrelated to medical/surgical or diagnostic products."
41,334002,Tender Id: 334002,GEL-Gujarat Energy Limited - Gandhinagar Tender Id :334002,"CIVIL, INTERIOR, ELECTRICAL & ALLIED SERVICES AT MUNDRA, KUTCH(W) GA",,01-09-2026 19:00:00,,,no,"The tender is for civil, interior, electrical and allied services, which are unrelated to surgical or diagnostic products."
42,334226,Add. City Engineer / West Zone / 06 / 2026-27 (Work No. 02),SMC-Surat Mahanagar Seva Sadan Tender Id :334226,"MAINTENANCE AND REPAIRING WORK OF JAHANGIRABAD, JAHANGIRPURA,VARIYAV AND VARIOUS MUNICIPAL BUILDINGS IN WEST ZONE (RANDER) AREA, SURAT.",3000000.00,24-08-2026 18:00:00,,,no,"The tender is for maintenance and repairing of municipal buildings, which is civil work unrelated to our surgical or diagnostic products."
43,334235,GDR/ERECTION/2026-27/31,MGVCL-Godhra (O & M) Division Tender Id :334235,"Works Advertised Tender for Erection, Dismantaling and Maintenance of HT/LT and Transformer center and Kanelav Feeder or any other bifurcation Under ground work For Godhra East Sdn OR Any Other SDn Under Godhra O&M Division. Rates are inclusive of Supply of N B.",4999942.49,25-08-2026 16:00:00,,,no,"The tender concerns electrical transformer, HT/LT feeder, and underground works, unrelated to medical or diagnostic products."
44,334227,Add. City Engineer / West Zone / 06 / 2026-27 (Work No. 03),SMC-Surat Mahanagar Seva Sadan Tender Id :334227,"MAINTENANCE AND REPAIRING WORK OF PAL,PALANPORE,ICHCHHAPORE AND OTHER VARIOUS MUNICIPAL BUILDINGS IN WEST ZONE (RANDER) AREA, SURAT.",3000000.00,24-08-2026 18:00:00,,,no,"The tender is for municipal building maintenance and repair, unrelated to surgical or diagnostic products."
45,332422,Tender ID : 332422,GEL-Gujarat Energy Limited - Gandhinagar Tender Id :332422,"DATA GATHERING AND VERIFICATION ACTIVITIES ACROSS GEL OPERATING AREAS IN GUJARAT (Surat & Hazira ,Bharuch ,Dahej and Narmada GA)",,01-09-2026 19:00:00,,,no,"The title refers to data gathering and verification in gel operating areas, which is unrelated to medical or diagnostic products."
46,334223,33-2026/2027,R&B-Panchayat-Bhuj Tender Id :334223,"Construction of New 4 Nos. C Type Category Quarter for PHC Balasar Taluka Rapar, Kutch",10840234.40,29-08-2026 18:00:00,,,no,"The tender is for construction of housing quarters, which is unrelated to surgical or diagnostic products."
47,334229,NTC/CM-2/R&M/AUG-2026/158,GETCO-GETCO Transmission Circle Office - Nadiad Tender Id :334229,"Work of Erection-Dismantling of 66kV -11KV equipment’s, Structures, Control wiring, electrification, Lightning for Shifting of 66kV Navagam SS Old to New Control room Building under Narol AM Division under Nadiad circle. [ Under R &M Plan 2026-27]”",3549304.89,31-08-2026 16:00:00,,,no,"The tender concerns high-voltage electrical equipment, wiring, and structures, which are unrelated to Meril's surgical/endoscopy or diagnostic product lines."
48,334230,MMC/02/2025-26 - Second attempt,MMC-Morbi Municipal Corporation Tender Id :334230,"Selection of Bidder(s) for Supply, Installation, Testing and Commissioning of Development of Heritage Pathway with Decorative pole system with related comprehensive Civil, Electrical, Mechanical Work including all necessary equipment’s at near Khakrechi Darvaza with 3 (Three) years of Comprehensive maintenance, Morbi, Gujarat. - Second attempt",7181625.00,27-08-2026 18:00:00,,,no,"The tender concerns civil, electrical, and mechanical works for a heritage pathway and decorative poles, unrelated to medical or diagnostic products."
49,333216,04/2026-27,CP-Social Forestry Division - Bhuj Tender Id :333216,"Inviting Tender For Empanelment of Agencies interested in Providing of Stationery items as per requirement for Social Forestry Division, - Kachchh.",,25-08-2026 16:54:00,,,no,"The tender is for stationery items for a social forestry division, which is unrelated to medical, surgical, or diagnostic products."
50,334225,Add. City Engineer / West Zone / 06 / 2026-27 (Work No. 01),SMC-Surat Mahanagar Seva Sadan Tender Id :334225,"MAINTENANCE AND REPAIRING WORK OF RANDER-ADAJAN AND OTHER VARIOUS MUNICIPAL BUILDINGS IN WEST ZONE (RANDER) AREA, SURAT.",5000000.00,24-08-2026 18:00:00,,,no,"The tender is for maintenance and repairing of municipal buildings, unrelated to medical or diagnostic products."
1,332839,EW-332,"GSECL-Thermal Power Station, Gandhinagar Tender Id :332839","Day to day Electrical defect attending work, preventive, breakdown maintenance & overhauling work at ESP area of Unit - 3,4,5 at GTPS (including cleaning , lifting , shifting & replacement of LT Motor`s , LT auxiliary, ESP transformer , LT MCC )",,03-09-2026 18:00:00,,,no,"The tender concerns electrical maintenance, motor and transformer work, which is unrelated to surgical or diagnostic products."
2,334198,2026-2027,AMC-Engineering - Drainage Project Tender Id :334198,Desilting by CCTV Camera System Work at Existing Riverfront West side Intercepter line.,,18-08-2026 18:00:00,,,no,"The tender involves riverfront desilting and CCTV camera system work, which are civil/engineering activities unrelated to medical or diagnostic products."
3,334200,UGVCL/SP/IV/1410/Toolkit Bag,UGVCL-Procurement Div Tender Id :334200,Purchase of Standard Toolkit Bag as per UGVCL’s Specifications.,,24-08-2026 18:00:00,,,no,"The title refers to a generic toolkit bag for UGVCL, likely for utility or engineering use, not related to Meril's surgical or diagnostic products."
4,333724,UGVCL/SP/IV/1409/Woolen Jersey,UGVCL-Procurement Div Tender Id :333724,Purchase of Woolen Jersey as per UGVCL Tender Specification.,,24-08-2026 18:00:00,,,no,"The tender is for woolen jerseys, which are clothing items unrelated to medical, surgical, or diagnostic products."
5,334214,DMC(D)/ EZ-A Z/No.03/2026-2027 Work No. 01,SMC-Surat Mahanagar Seva Sadan Tender Id :334214,"Pay and Park at T.P. Scheme No-3 (Karanj), F.P.No-108, Open Plot, Near Gayatri Nagar Soc. in East(Varachha) Zone-A.",3111111.00,24-08-2026 18:00:00,,,no,"The title refers to a parking scheme and open plot, which is civil construction, not medical or diagnostic products."
6,334209,TCBRH/26-27/E-149,GETCO-GETCO Transmission Circle Office - Bharuch Tender Id :334209,"Work of Survey, Design, Supply, Installation, Testing, commissioning with Comprehensive Maintenance contract of 5 years for Solar Rooftop Projects on Control Room building at 66kV Bori S/s, 66kV Chhidra S/s, 66kV Devla S/s, 66kV Kadod S/s, 66kV Kurchan S/s, 66kV Muller S/s, 66kV Ochhan S/s, 66kV Rarod S/s, 66kV Sarod S/s, 66kV Saykha S/s under Haldarwa AM Division under Bharuch TR Circle",4822599.49,21-08-2026 16:00:00,,,no,"The tender is for solar rooftop design, installation and maintenance for electrical substations, which is unrelated to medical or diagnostic products."
7,334199,05/2026-2027,AMC-Water Production Department Tender Id :334199,"Operation and Comprehensive maintenance of mechanical, electrical & instrumentation equipments including civil structures for period of three years of 1 MLD Water Treatment with necessary SITC work Plant at SVP Hospital Institute of medical Science & Research",11021955.00,20-08-2026 18:00:00,,,no,"The tender concerns operation and maintenance of water treatment plant equipment and civil structures, not surgical or diagnostic products."
8,334206,2026-27/HTC / 40,GETCO-GETCO Transmission Circle Office - Himatnagar Tender Id :334206,"Tender for Work of Survey, Design, Supply, Installation, Testing, commissioning with Comprehensive Maintenance contract of 5 years for Solar Rooftop projects at Dhansura AM Division Various locations under Himatnagar TR. Circle. (Package-02)",5158659.00,24-08-2026 16:00:00,,,no,"The tender concerns solar rooftop design, supply, installation and maintenance, which is unrelated to surgical or diagnostic products."
9,334213,JMC/PRO/03/MELA-2026/2026-27,JMC-Jamnagar Municipal Corporation Tender Id :334213,STAGE AND MANDAP DURING SHRAVANI MELA - 2026,1600000.00,18-08-2026 18:00:00,,,no,"The title refers to building stages and mandaps for a festival, which is unrelated to medical or diagnostic products."
10,334208,AMR/CO/CMC/TR/22/2025-26(9th A),"GETCO-GETCO Circle Office, Amreli Tender Id :334208","Tender for R&M Work of Replacement of earth wire of 1) 66KV Vartej-Bunder road & 66KV Vartej-Sardarnagar (D/C) Line 2) 66KV Sidsar-Bhumbhli & Sidsar-Mamsa (D/C) Line of AM division Vartej under transmission circle Amreli, GETCO (Approved under R&M plan 2025-26)",808526.11,02-09-2026 16:00:00,,,no,"The tender concerns replacement of earth wires for high-voltage transmission lines, which is unrelated to surgical or diagnostic products."
11,334210,GDR/ERECTION/2026-27/28,MGVCL-Godhra (O & M) Division Tender Id :334210,"Works Advertised Tender for Erection, Dismantaling and Maintenance of HT/LT and Transformer center and Under ground work For Godhra Rural Sdn OR Any Other SDn Under Godhra O&M Division. Rates are inclusive of Supply of N B.",799220.57,31-08-2026 16:00:00,,,no,"The tender concerns erection, dismantling, and maintenance of transformer centers and underground electrical work, which is unrelated to surgical or diagnostic products."
12,334183,33-2026/2027,R&B-Panchayat-Bhuj Tender Id :334183,"Construction of New 4 Nos. C Type Category Quarter for PHC Bela, Taluka Rapar, Kutch",10837246.02,29-08-2026 18:00:00,,,no,"The tender is for construction of housing quarters, not medical or diagnostic products."
13,334204,JTC/ 26-27 / n-122,"GETCO-GETCO Circle Office, Jambuva Tender Id :334204","Survey, Design, Supply, Installation, Testing, commissioning with Comprehensive Maintenance contract of 5 years for Solar Rooftop Projects on Control Room building at various Substations under Dahod AM Division under Jambuva Circle under RE R & M plan 2026-27 ( Lot- 2)",7972473.00,21-08-2026 16:00:00,,,no,Hard-reject: civil/electrical-infra signal 'substation' — not a Meril product.
14,334169,PTC/ET/77/2026,"GETCO-Circle Office, Palanpur Tender Id :334169","Work of Shifting/Height Raising of 220KV Palanpur-Kansari DC Tower line with ACSR Zebra Conductor between Location No.32 TO 35 for the Work of Bypass Highway as per R&B Palanpur Application under Deposite Scheme at Village: Moriya & Delwada , Ta:Palanpur Dist:-Banaskantha under Deposit Scheme",3478978.89,19-08-2026 16:00:00,,,no,"The tender concerns shifting and height raising of a 220KV power line, which is an electrical infrastructure project unrelated to medical or diagnostic products."
15,334195,ACE & I/C CE/BRIDGE/03/2026-27 (Work No.01),SMC-Surat Mahanagar Seva Sadan Tender Id :334195,"Annual Rate Contract for Providing and Applying Hot Thermoplastic Road Marking Paint (Asian, Burger & As Per MORTH) with Glass Beads in NZ & WZ Bridges within Surat Municipal Corporation Limit. (Work No.1)",9284388.52,21-08-2026 18:00:00,,,no,"The tender concerns hot thermoplastic road marking paint for bridges, which is civil infrastructure work unrelated to Meril's surgical or diagnostic products."
16,333901,04 of 2026-2027,SSNNL-K.B.C. PUMPING STATION ELECTRICAL AND MECH. DIVISION - BHACHAU Tender Id :333901,"Replacement/Rectification and commissioning of Electrical system, Mechanical system, C&I system along with all the civil structure etc., under Phase-I of Pumping Station-1 located at Ch:100970 mtr of Kachchh Branch Canal",102936900.00,01-09-2026 18:00:00,,,no,"The tender concerns civil and mechanical work for a pumping station, which is unrelated to surgical or diagnostic products."
17,334186,AMR/CMC/AM/1/2026-27 (4th A),"GETCO-GETCO Circle Office, Amreli Tender Id :334186","Tender for Work of 1) Erection, commissioning of equipments , control wiring etc. of 220/132KV 150 MVA Transformer No.-3 bay for EHV class substation augmentation from 220/132 kV, 100 MVA to 220/132 kV, 150 MVA at 220KV Botad sub-station (KSY-II) 2) Erection, commissioning and testing of 3 nos 66/11kV Transformer Bay with 66kV Bus extension work and dismantling of existing 132/11kV Transformer Bay at 132kV Barwala Substation of AM division Dhasa under Circle office Amreli",2498305.11,02-09-2026 16:00:00,,,no,Hard-reject: civil/electrical-infra signal 'substation' — not a Meril product.
18,334175,Anj/CM-1/PRJ/e-Tn-98/2026,GETCO-GETCO Transmission Circle Office - Anjar Tender Id :334175,"Erection of 66 kV Line from Existing 66 kV Deshalpar (Rapar) substation to M/s Water Resources Investigation Division, Bhuj unit located at Village: Anandpar, Ta. Bhachau Dist. Kutchh– with 66kV S/C panther conductor on D/C Panther tower OH length 12.14kM with OPGW. (Work under Construction Div. Anjar)",18458764.26,31-08-2026 16:00:00,,,no,Hard-reject: civil/electrical-infra signal 'substation' — not a Meril product.
19,334155,2026-27/HTC / 39,GETCO-GETCO Transmission Circle Office - Himatnagar Tender Id :334155,"Tender for Work of Survey, Design, Supply, Installation, Testing, commissioning with Comprehensive Maintenance contract of 5 years for Solar Rooftop projects at Dhansura AM Division Various locations under Himatnagar TR. Circle. (Package-01)",9848349.00,24-08-2026 16:00:00,,,no,"The tender concerns design, supply, installation and maintenance of solar rooftop projects, which are unrelated to medical or diagnostic products."
20,334152,AMTS/RFP/09,AMTS-Workshop Department Tender Id :334152,Selection of Agency for Supply/providing of technical staff for Ahmedabad Municipal Transport Service (AMTS) (2nd Call),,31-08-2026 18:00:00,,,no,"The tender is for providing technical staff for a municipal transport service, unrelated to medical or diagnostic products."
21,333826,Dy.Commissioner/ S.E.Z./03/2026-27 Work no :- 11,SMC-Surat Mahanagar Seva Sadan Tender Id :333826,"PROVIDING & LAYING 250 MM DIA R.C.C NP3 CLASS DRAINAGE LINE ON INTERNAL ROAD OF SHIRDI DHAM SOCIETY(EXCEPT RESERVATION PART) , F.P. NO. 96, P.T.P.S. NO. 41 (NAVAGAM-DINDOLI) IN SOUTH EAST ZONE (LIMBAYAT) SURAT.",3641772.04,29-08-2026 18:00:00,,,no,"The tender concerns civil construction work for a drainage line on a road, unrelated to surgical or diagnostic products."
22,334158,"DMC/EZ-A/03/2026-27, Work No. 8",SMC-Surat Mahanagar Seva Sadan Tender Id :334158,"Repairing, Maintenance and Extension of Drainage/Storm Drainage Line Including Construction Of Drainage/Storm Drainage Machineholes, Storm Inlet Chambers Where Required In Various Areas Of T.P.S. No. 16(Kapodra), T.P.S. No. 20(Nana Varachha-Kapodra), T.P.S. No. 20(Puna), T.P.S. No. 60(Puna), Different Areas In East(Varachha) Zone-A, Surat.",5919356.68,24-08-2026 18:00:00,,,no,"Tender is for civil drainage and storm drainage construction/maintenance, unrelated to surgical or IVD products."
23,333822,Dy.Commissioner/ S.E.Z./03/2026-27 Work no :- 10,SMC-Surat Mahanagar Seva Sadan Tender Id :333822,"PROVIDING & LAYING 250 MM DIA R.C.C NP3 CLASS DRAINAGE LINE ON INTERNAL ROAD OF JAY GAYATRI NAGAR SOCIETY, P.T.P.S. NO. 41( DINDOLI), F.P. NO. 83 IN SOUTH EAST ZONE (LIMBAYAT) SURAT.",10561818.18,29-08-2026 18:00:00,,,no,"Tender is for civil construction of a drainage line, not medical or diagnostic products."
24,334151,TCBRH/26-27/E-148,GETCO-GETCO Transmission Circle Office - Bharuch Tender Id :334151,"Tender for Work of Survey, Design, Supply, Installation, Testing, commissioning with Comprehensive Maintenance contract of 5 years for Solar Rooftop Projects on Control Room building at 66kV Kukarwada S/s,66kV Amleshwar S/s, 66kV Bhensali S/s, 66kV Jolva S/s, 66kV Sambheti S/s, 66kV Pakhajan S/s, 66kV Suva S/s, 66kV Galenda S/s,66kV Atali S/s under Bharuch AM Division Also at Admin building of Zonal Office Bharuch under Bharuch TR Circle”.",6310656.00,21-08-2026 16:00:00,,,no,"The tender is for solar rooftop projects and electrical infrastructure, not medical or diagnostic products."
25,333816,Dy.Commissioner/ S.E.Z./03/2026-27 Work no :- 09,SMC-Surat Mahanagar Seva Sadan Tender Id :333816,"PROVIDING & LAYING 250 MM DIA R.C.C NP3 CLASS DRAINAGE LINE ON INTERNAL ROAD OF MODI ESTATE HOUSING SOCIETY VIBHAG-1, P.T.P.S. NO. 41( DINDOLI), F.P. NO. 74 IN SOUTH EAST ZONE (LIMBAYAT) SURAT.",3799477.77,29-08-2026 18:00:00,,,no,"The tender is for civil construction of a drainage line on a road, unrelated to surgical or diagnostic products."
26,334157,Dy.Commissioner/S.W.(Athwa) Zone/ No.03/ 2026-2027 work no.11,SMC-Surat Mahanagar Seva Sadan Tender Id :334157,MAINTENANCE AND REPAIRING WORK OF VARIOUS MUNICIPAL GARDENS IN SUB ZONE-5 IN SOUTH WEST (ATHWA) ZONE. (2nd Attempt),5093953.66,25-08-2026 18:00:00,,,no,"The tender concerns municipal garden maintenance and repairing work, which is unrelated to surgical or diagnostic products."
27,333813,Dy.Commissioner/ S.E.Z./03/2026-27 Work no :- 08,SMC-Surat Mahanagar Seva Sadan Tender Id :333813,"PROVIDING & LAYING 250 MM DIA R.C.C NP3 CLASS DRAINAGE LINE ON INTERNAL ROAD OF MANSI RESIDENCY VIBHAG -1 (PLOT NO- 01TO 54 & PLOT NO - 219 TO 279 ) ,D.T.P.S. NO. 62 (DINDOLI-BHESTAN-BHEDVAD), F.P. NO. 120/A IN SOUTH EAST ZONE (LIMBAYAT) SURAT.",3346537.42,29-08-2026 18:00:00,,,no,"The tender is for constructing and laying a large diameter concrete drainage line on a road, which is civil infrastructure work unrelated to medical or diagnostic products."
28,334153,MRMC/0269/08/2026,MMC-Morbi Municipal Corporation Tender Id :334153,RE-DEVELOPMENT WORK OF SHANALA GARDEN IN MORBI MUNICIPAL CORPORATION AREA AT MORBI.(2ND ATTEMPT),5116481.00,27-08-2026 18:00:00,,,no,"The title refers to a municipal garden redevelopment project, which is civil construction and unrelated to medical or diagnostic products."
29,333809,Dy.Commissioner/ S.E.Z./03/2026-27 Work no :- 07,SMC-Surat Mahanagar Seva Sadan Tender Id :333809,"PROVIDING AND LAYIMG 250 MM DIA R.C.C NP3 CLASS DRAINAGE LINE ON INTERNAL ROAD OF DIPAK NAGAR (EXCEPT RESERVATION PART), F.P.NO- 90,93 AT P.T.P.S.NO.41 (NAVAGAM-DINDOLI) IN SOUTH EAST ZONE(LIMBAYAT) , SURAT.",4983683.08,29-08-2026 18:00:00,,,no,"The tender concerns construction of a drainage line, which is civil infrastructure and unrelated to medical or diagnostic products."
30,334154,Dy.Commissioner/S.E.Z/03/2026-27 Work No.23,SMC-Surat Mahanagar Seva Sadan Tender Id :334154,"DESILTING AND CLEANING OF SEWER DRAINAGE MACHINEHOLE OF EXISTING DRAINAGE LINE IN DIFFERENT AREA OF SUB ZONE -2B (PARVATGODADARA) IN SOUTH EAST ZONE (LIMBAYAT), SURAT.",2384000.00,29-08-2026 18:00:00,,,no,"Tender concerns civil works for sewer drainage cleaning, unrelated to medical or diagnostic products."
31,334147,Dy.Commissioner / S.W.(Athwa) Zone/ No.03/ 2026-2027 WORK NO.10,SMC-Surat Mahanagar Seva Sadan Tender Id :334147,MAINTENANCE AND REPAIRING WORK OF VARIOUS MUNICIPAL BUILDINGS IN SUB ZONE-5 IN SOUTH WEST (ATHWA) ZONE.,5608408.59,25-08-2026 18:00:00,,,no,"The tender is for municipal building maintenance and repair, unrelated to medical or diagnostic products."
32,334131,JTC/ 26-27 / n-121,"GETCO-GETCO Circle Office, Jambuva Tender Id :334131","Survey, Design, Supply, Installation, Testing, commissioning with Comprehensive Maintenance contract of 5 years for Solar Rooftop Projects on Control Room building at various Substations under Godhra AM Division under Jambuva Circle under RE R & M plan 2026-27 ( Lot- 2)",6565566.00,21-08-2026 16:00:00,,,no,Hard-reject: civil/electrical-infra signal 'substation' — not a Meril product.
33,333839,Dy.Commissioner/ S.E.Z./03/2026-27 Work no :- 12,SMC-Surat Mahanagar Seva Sadan Tender Id :333839,"PROVIDING & LAYING 250 MM DIA R.C.C NP3 CLASS DRAINAGE LINE ON INTERNAL ROAD OF SHIVNAGAR-NEW BALAJINAGAR(EXCEPT RESERVATION PART) , D.T.P.S. NO. 62 ( DINDOLI- BHESTAN- BHEDVAD), F.P. NO. 106/B IN SOUTH EAST ZONE (LIMBAYAT) SURAT.",6499615.43,29-08-2026 18:00:00,,,no,"The tender is for civil construction of a drainage line, which is unrelated to surgical or diagnostic products."
34,334118,03/2026-27/01,AMC-Traffic Department Tender Id :334118,"Supplying of Chhota hathi and Supervisor with labour For Traffic Department related Maintenance and Repairing work in South, East and Central zone of Ahmedabad city",789789.15,24-08-2026 17:00:00,,,no,"The tender is for traffic department maintenance and repair work, unrelated to medical or diagnostic products."
35,334090,AMTS/RFP/08,AMTS-Workshop Department Tender Id :334090,Selection and Empanelment of a Fare Collection Agency for Ahmedabad Municipal transport Services for 6 years (2nd Call),,31-08-2026 15:00:00,,,no,"The tender concerns a fare collection agency for municipal transport services, which is unrelated to medical, surgical, or diagnostic products."
36,334109,05 of 2026-27,NAGARPALIKA-Bavla Nagar Palika Tender Id :334109,BEAUTIFICATION WORKS TO BE CARRIED OUT UNDER THE “SWACHH AND SUNDAR SHAHER SCHEME IN BAVLA MUNICIPALITY (THIRD ATTEMPT),5367952.46,24-08-2026 18:00:00,,,no,"The tender is for municipal beautification works under a civic scheme, unrelated to surgical or diagnostic products."
37,334133,03/2026-27/04,AMC-Traffic Department Tender Id :334133,Topography Survey and Demarcation Work By Traffic Engineering Project at the Various Junctions of Different Zone of Ahmedabad City (Empanelment Tender),975000.00,24-08-2026 17:00:00,,,no,"The tender concerns topographic survey and traffic engineering work, which is unrelated to surgical or diagnostic products."
38,334092,MRMC/0269/08/2026,MMC-Morbi Municipal Corporation Tender Id :334092,"BEAUTIFICATION OF VARIOUS CIRCLES AT DIFFERENT LOCATIONS UNDER MORBI MUNICIPAL CORPORATION, MORBI.( 2ND ATTEMPT)",69750477.00,27-08-2026 18:00:00,,,no,"Tender concerns municipal beautification works, unrelated to medical or diagnostic products."
39,334134,"DMC/EZ-A/03/2026-27,Work No.-07",SMC-Surat Mahanagar Seva Sadan Tender Id :334134,"Providing & Laying 250mm dia NP3 CLASS RCC Spigot Socket rubber ring/flush type rubber ring joint pipe line on internal road of BHAGUNAGAR CO.OP.HOUSING SOCIETY. F.T.P.No.127, T.P.S. No.03 (Karanj) in East (Varachha) Zone-A.",6378966.95,24-08-2026 18:00:00,,,no,"The tender concerns construction work for a rubber ring joint pipeline on a road, unrelated to surgical or diagnostic products."
40,334128,Dy.Commissioner / S. W.(Athwa) Zone/ No.03/ 2026-2027 WORK NO.9,SMC-Surat Mahanagar Seva Sadan Tender Id :334128,COLOUR WORK OF VARIOUS MUNICIPAL BUILDINGS IN SUB ZONE-2 IN SOUTH WEST (ATHWA) ZONE.,4542000.00,25-08-2026 18:00:00,,,no,"The tender is for painting municipal buildings, which is a civil construction service unrelated to medical or diagnostic products."
41,334113,2026-27/HTC / 38,GETCO-GETCO Transmission Circle Office - Himatnagar Tender Id :334113,"Tender For Work Of Survey, Design, Supply, Installation, Testing, commissioning with Comprehensive Maintenance contract of 5 years for Solar Rooftop projects at Jamla AM Division Various locations under Himatnagar TR. Circle",4689690.00,20-08-2026 16:00:00,,,no,"The tender is for solar rooftop project design, installation, and maintenance, which is unrelated to medical/surgical or IVD products."
42,334100,"DMC/EZ-A/03/2026-27,Work No.-06",SMC-Surat Mahanagar Seva Sadan Tender Id :334100,"Repairing, Maintenance and Extension of Drainage/Storm Drainage line including construction of drainage/Storm Drainage machineholes, Storm Inlet Chember where required in various area of T.P.S.no.11 (Puna), T.P.S.no.12 (Puna), T.P.S.no.17 (Puna), T.P.S.no.64 (Dumbhal-Magob), T.P.S.no.35 (Saroli, Saniya-Hemad) and Puna Gamtal & Other Area in East (Varachha) Zone-A",7509355.67,24-08-2026 18:00:00,,,no,"The tender concerns civil drainage and storm water infrastructure construction, which is unrelated to Meril's surgical or diagnostic product lines."
43,334070,LS- 03/2026,DPA-Civil Engineering Department Tender Id :334070,TENDER NO. LS-03/2026 – “E-TENDER CUM E-AUCTION FOR ALLOTMENT OF PLOT ADMG. 17439.66 SQ. MTRS FOR THE PURPOSE OF LIQUID STORAGE TANK ON 30 YEARS LEASE ON ‘AS IS WHERE IS BASIS.’,,10-09-2026 12:30:00,,,no,"The tender is for leasing land for a liquid storage tank, a civil/industrial project unrelated to medical or diagnostic products."
44,333096,"Dy. Commissioner/S.W.(Athwa) Zone/ No. 03/ 2026-2027,WORK NO. 26",SMC-Surat Mahanagar Seva Sadan Tender Id :333096,Housekeeping work of Althan Bhatar Community hall and Althan bhatar Party Plots T.P.S. No.28 (Althan- Bhatar) F.P.No.51 Near Soham circle in South West (Athwa)Zone.,,25-08-2026 18:00:00,,,no,"The tender is for housekeeping and community hall work, which is unrelated to surgical or diagnostic products."
45,334074,JTC/ 26-27 / n-120,"GETCO-GETCO Circle Office, Jambuva Tender Id :334074","Survey, Design, Supply, Installation, Testing, commissioning with Comprehensive Maintenance contract of 5 years for Solar Rooftop Projects on Control Room building at various Substations and office building under Godhra AM Division under Jambuva Circle under RE R & M plan 2026-27 ( Lot- 1)",6565566.00,21-08-2026 16:00:00,,,no,Hard-reject: civil/electrical-infra signal 'substation' — not a Meril product.
46,333034,8 OF 2026-27,R&B-Surat Division 2 Tender Id :333034,"Consultancy Services for Preparation of Detailed Project Report & Design for various works under Surat (R&B) Division No.2, Surat, Dist.Surat.",0.00,20-08-2026 18:00:00,,,no,"The tender is for consultancy services to prepare a project report and design for civil works under a Roads & Bridges division, unrelated to surgical or diagnostic products."
47,334069,03/2026-27/03,AMC-Traffic Department Tender Id :334069,Supplying of Chhota hathi and Supervisor with labour For Traffic Department related Maintenance and Repairing work in North west zone and South west zone of Ahmedabad city,790029.15,24-08-2026 17:00:00,,,no,"The tender concerns traffic department maintenance and labor supplies, unrelated to surgical or diagnostic products."
48,334056,2026-27/HTC / 37,GETCO-GETCO Transmission Circle Office - Himatnagar Tender Id :334056,"Tender For Work Of Survey, Design, Supply, Installation, Testing, commissioning with Comprehensive Maintenance contract of 5 years for Solar Rooftop projects at Vijapur AM Division Various locations under Himatnagar TR. Circle",7503504.00,24-08-2026 16:00:00,,,no,"The tender is for solar rooftop projects, which are unrelated to surgical or diagnostic medical products."
49,334028,MRMC/0269/08/2026,MMC-Morbi Municipal Corporation Tender Id :334028,"BEAUTIFICATION WORK SUCH AS FOOTPATHS, PLANTATION, GARDEN, OPEN GYM AREA,ETC. FOR GHB ROAD IN THE MORBI MUNICIPAL CORPORATION AREA. ( 2ND ATTEMPT)",13981619.00,27-08-2026 18:00:00,,,no,"The tender is for civil beautification work (footpaths, planting, garden, gym area) and not related to medical, surgical, or diagnostic products."
50,334065,"DMC/EZ-A/03/2026-27,Work No.-05",SMC-Surat Mahanagar Seva Sadan Tender Id :334065,"Repairing, Maintenance and Extension of Drainage/Storm Drainage line including construction of drainage/Storm Drainage machineholes, Storm Inlet Chember where required in various area of T.P.S.no.4 (Ahwanikumar -Navagam), T.P.S.no.15 (Fulpada), T.P.S.no.17 (Fulpada) & different Area in East (Varachha) Zone-A",5866166.20,24-08-2026 18:00:00,,,no,"The tender concerns civil drainage and storm drainage construction, which is unrelated to medical or diagnostic products."
1,334043,2026-2027,AMC-Traffic Department Tender Id :334043,Supplying of Chhota hathi and Supervisor with labour For Traffic Department related Maintenance and Repairing work in west zone and North zone of Ahmedabad city,790587.15,24-08-2026 17:00:00,,,no,"The tender concerns traffic department maintenance and repair work, unrelated to medical or diagnostic products."
2,334018,07/01 OF 2026/2027,"R&B-High Court Electrical Sub Division -1, Ahmedabad Tender Id :334018","AMC For Water Coolers Installed in High Court Campus Under High Court Section at Sola,Ahmebad.",245420.26,27-08-2026 16:00:00,,,no,"The title refers to annual maintenance for water coolers, which are unrelated to medical, surgical, or diagnostic products."
3,334001,2026-27/HTC / 36,GETCO-GETCO Transmission Circle Office - Himatnagar Tender Id :334001,"Tender For Work of Survey, Design, Supply, Installation, Testing, commissioning with Comprehensive Maintenance contract of 5 years for Solar Rooftop projects at Agiyol AM Division Various locations under Himatnagar TR. Circle",8441442.00,24-08-2026 16:00:00,,,no,"The tender concerns solar rooftop projects, which are unrelated to medical/surgical or diagnostic products."
4,333560,06 (Amendment) of 2026 – 2027,NWR-Drainage Division Gandhinagar Tender Id :333560,"Constructing New R.C.C. Box Culvert with using Precast Box across Rupal-Sardhav drain at chainage 8460 meter near Village Jalund, Ta. Gandhinagar, Dist. Gandhinagar.",3443367.44,01-09-2026 18:00:00,,,no,"The tender is for civil construction of a precast RCC box culvert, unrelated to medical or diagnostic products."
5,333556,06 ( Amendment) of 2026 – 2027,NWR-Drainage Division Gandhinagar Tender Id :333556,"Constructing New R.C.C. Box Culvert with using Precast Box across Dhanap-Muthiya drain at chainage 3610 meter near Village Mahundra Ta. Gandhinagar, Dist. Gandhinagar.",4442673.95,01-09-2026 18:00:00,,,no,"The tender is for civil construction of a RCC box culvert, unrelated to surgical or diagnostic products."
6,333717,03/02 OF 2026/2027,"R&B-High Court Electrical Sub Division -1, Ahmedabad Tender Id :333717","AMC for Motor pump-set installed in High court campus under High court section at Sola, Ahmedabad.",298537.11,27-08-2026 16:00:00,,,no,"The tender is for an annual maintenance contract for a motor pump-set, which is unrelated to surgical or diagnostic products."
7,333962,21/2026-27,AMC-Central Workshop Tender Id :333962,"Comprehensive Operation and Maintenance contract for 5 (Five) Years of Heavy Duty Truck Mounted Dewatering Pump ‐ 03 Nos. As per AMC tender specifications, scope of work & terms ‐ conditions.",,24-08-2026 18:00:00,,,no,"The tender is for maintenance of heavy duty truck-mounted dewatering pumps, which are unrelated to surgical/endoscopic or diagnostic products."
8,333973,04-P/2026,DPA-Civil Engineering Department Tender Id :333973,Creek Carrying Capacity and Intake-Outfall Optimization Study for Desalination Projects in Kandla,4075000.00,27-08-2026 16:00:00,,,no,"The tender is for an engineering study on creek capacity and desalination intake/outfall, unrelated to medical or diagnostic products."
9,333985,GDR/ERECTION/2026-27/29,MGVCL-Godhra (O & M) Division Tender Id :333985,"Works Advertised Tender for Erection, Dismantaling and Maintenance of HT/LT and Transformer center and Chandanbuag Feeder bifurcation Under ground work For Godhra East Sdn OR Any Other SDn Under Godhra O&M Division. Rates are inclusive of Supply of N B.",4999942.49,25-08-2026 16:00:00,,,no,"The tender concerns electrical transformer centers, HT/LT work and underground feeder construction, which are unrelated to surgical or diagnostic products."
10,333961,Tender Notice No.11 of 2026-27 (Sr.No.5),"R&B-Capital Project Division No.3, Gandhinagar Tender Id :333961","2215 Water supply and sanitation. - (101) Gandhinagar Water supply Scheme Providing Brick work, Plaster and Razor wire fencing at Sarita Udhayan Head work and Sector No.5 Head work campus for protection of the campus area in G.T.S.",4997360.61,20-08-2026 17:00:00,,,no,"The tender involves brick work, plaster and fencing for a water supply scheme, which is civil construction unrelated to surgical or diagnostic products."
11,333966,06 OF 2026-27,R&B-Panchayat Division Tapi Tender Id :333966,MMGSY 2025-26 Construction of Box Culvert at Ranveri Nalotha Kelkui Road Ch 0/6 To 0/8 Ta:Valod Dist:Tapi,18377012.33,18-08-2026 18:00:00,,,no,"The tender is for construction of a box culvert, which is civil infrastructure not related to surgical or diagnostic products."
12,333891,07(2026-2027),GSPHC-Ahmedabad Division Tender Id :333891,"Providing and Fixing Furniture work of Office Building (G+1), Automization/Machine & Garrage Block (GF) and Security Room for Centre of Excellence at Miroli Dist : Ahmedabad.(Including Electrification work) (First attempt)(SBD)",7642671.78,31-08-2026 18:00:00,,,no,"The tender is for office building furniture, automation, garage block, and electrification work, which are non‑medical and unrelated to Meril's surgical or diagnostic products."
13,333945,2026,Co-operative Banks-Shri Rajkot District Co-Operative Bank Ltd Tender Id :333945,"Item Rate Tender For Supply, Delivery, And Installation Of Furniture Items Of Office Furniture For Bank Branches Of Shri Rajkot District Co-Operative Bank",,19-08-2026 17:00:00,,,no,"The tender is for office furniture supply and installation, which is unrelated to medical/surgical or diagnostic products."
14,333939,Notice No. SK-7 of 2026-27 (Sr.No.2),"R&B-Capital Project Division No.3, Gandhinagar Tender Id :333939","2215 Water supply and sanitation. - (101) Gandhinagar Water supply Scheme Providing, fixing and repairing different parts of H.S.C.F. pumps and other mechanical components as and when required for Charedi water supply scheme in G.T.S.",1426847.20,20-08-2026 17:00:00,,,no,"The tender concerns water supply scheme and pump repairs, which are unrelated to surgical or diagnostic products."
15,333904,PD/TRANS-REP/2026-27/N Procure/53/PR-231937,MGVCL-HALOL (O & M) DIVISION Tender Id :333904,"ARC for providing outsource labours for Repairing of Various rating (5KVA to 500 KVA) DTRs having CRGO & Amorph. core on rating wise Fixed rate at in-house repairing center, Halol Division under Godhara (O&M) Circle of MGVCL.",2537843.00,31-08-2026 14:00:00,,,no,"The tender is for electrical transformer repair services, unrelated to surgical or diagnostic products."
16,333940,03/2026-27 (6th Attempt),GWSSB-Public Health Mechanical Division - Vadodara Tender Id :333940,"Tender for Drilling of 165 mm dia. x 90 Mts. Deep bore by DTH Rig and installation of I.M.II Hand pump and construction of C.C.platform as per UNICEF design & drawing with soak pit Drilling of Different Scheme bore 165 mm dia x 200 Mts. Deep bore by DTH Rig at diff. villages of Tal. Savli, Desar and Vaghodia of Dist. Vadodara under Different Programme.",919633.71,24-08-2026 18:00:00,,,no,"The tender is for drilling bore wells, hand pump installation and platform construction, which are civil/irrigation works unrelated to surgical or diagnostic products."
17,333932,JTC/ 26-27 / n-119,"GETCO-GETCO Circle Office, Jambuva Tender Id :333932","Survey, Design, Supply, Installation, Testing, commissioning with Comprehensive Maintenance contract of 5 years for Solar Rooftop Projects on Control Room building at various Substations under Gotri AM Division under Jambuva Circle under RE R & M plan 2026-27",4220721.00,21-08-2026 16:00:00,,,no,Hard-reject: civil/electrical-infra signal 'substation' — not a Meril product.
18,333897,Notice No.SK- 7 of 2026-27 (Sr.No.1),"R&B-Capital Project Division No.3, Gandhinagar Tender Id :333897",Repairing and rewinding of submersible pump / motor set for Sarita Udhyan water supply scheme in G.T.S. (Sector No.1 to 13 & included villages for water supply scheme in G.T.S.),2035460.08,20-08-2026 17:00:00,,,no,"The tender concerns repair of submersible pumps for a water supply scheme, unrelated to surgical or diagnostic products."
19,333804,"Dy.Commissioner/SEZ/03/2026-27,Work No.01",SMC-Surat Mahanagar Seva Sadan Tender Id :333804,"REPAIRING, MAINTENANCE AND EXTENSION OF DRAINAGE / STORM LINE INCLUDING CONSTRUCTION OF DRAINAGE/STORM MACHINEHOLES, STORM INLET CHAMBERS CIVIL MAINTENANCE WORK WHERE REQUIRED IN VARIOUS AREAS OF P.T.P.S NO. 41 (NAVAGAM-DINDOLI)IN SOUTH EAST ZONE (LIMBAYAT) SURAT.",4015445.70,29-08-2026 18:00:00,,,no,"The tender involves civil drainage and storm line construction, which is unrelated to medical, surgical, or diagnostic products."
20,332869,05 of 2026-2027,NWR-Petlad Irrigation Division - Petlad Tender Id :332869,Constructing and Providing gabion wall at ch. 6400 mt on RHS side of Alang 5 Drain.,2667216.40,25-08-2026 18:00:00,,,no,"The tender involves civil construction of a gabion wall, unrelated to medical or diagnostic products."
21,333905,"DMC/SZ-B/05/2026-27, WORK NO. 02",SMC-Surat Mahanagar Seva Sadan Tender Id :333905,"Supply, Installation, Testing and Commissioning of 8/10 Passanger Lift (Ground Plus 2 Upper Floor) for Health Center at mojeGabheni R.S.No.218/paikee (Amenities space) in South Zone -B (kanakpur)",1249799.25,24-08-2026 18:00:00,,,no,"The tender is for supply, installation and commissioning of a passenger lift, which is a civil/elevator project unrelated to surgical or diagnostic products."
22,333871,JTC/ 26-27 / n-118,"GETCO-GETCO Circle Office, Jambuva Tender Id :333871","Survey, Design, Supply, Installation, Testing, commissioning with Comprehensive Maintenance contract of 5 years for Solar Rooftop Projects on Control Room building at various Substations and office building under Koyali AM Division under Jambuva Circle under RE R & M plan 2026-27",7972473.00,21-08-2026 16:00:00,,,no,Hard-reject: civil/electrical-infra signal 'substation' — not a Meril product.
23,333878,06 OF 2026-27,R&B-Panchayat Division Tapi Tender Id :333878,"MMGSY 2025-26 CONSTRUCTION OF BOX CULVERT AT CH: 0/600 TO 0/800 AT KAVLA VILLAGE TO KANSARIMATA JOINING ROAD, TA. UKAI, DIST. TAPI",6896812.72,18-08-2026 18:00:00,,,no,"The tender is for construction of a box culvert, which is civil infrastructure and unrelated to surgical or diagnostic products."
24,333587,20/2026‐27,AMC-Central Workshop Tender Id :333587,Comprehensive Operation and Maintenance Contract for 3 (Three) Years of Existing Truck Mounted Garbage Compactor Vehicles of AMC as per AMC Tender Scope of Work & Conditions.,,24-08-2026 18:00:00,,,no,"The tender concerns operation and maintenance of truck-mounted garbage compactor vehicles, which are unrelated to surgical/endosurgery or diagnostic products."
25,333825,2026-27,AMC-Bridge Projects Tender Id :333825,"Construction of Fly Over Bridge at Silverstar Junction in Chandlodiya, Ahmedabad Municipal Corporation, Ahmedabad on EPC Basis. (Design, Engineering, Procurement and Construction)",393242252.49,16-09-2026 18:00:00,,,no,"The tender is for construction of a fly over bridge, which is civil infrastructure and unrelated to medical or diagnostic products."
26,333753,04/2026-27 (2nd Attampt),GWSSB-Public Health Mechanical Division - Vadodara Tender Id :333753,"Drilling of 125mm dia X 60.00 mtr. Deep Bore by MDR Rig & Installation of IM - II Hand pump on successful bores including supply & delivery of required material and construction of C.C. platform as per UNICEF design and drawing with soak pit under different programme at diff. villages At Taluka:- Vadodara, Padara,Karjan, Dabhoi and Shinor of Dist: - Vadodara",1977368.00,24-08-2026 18:00:00,,,no,"Tender concerns borewell drilling, hand pump installation and construction of platforms, which are civil/water infrastructure items unrelated to Meril's surgical or diagnostic product lines."
27,333851,"DMC/SZ-B/05/2026-2027, Work No : 01",SMC-Surat Mahanagar Seva Sadan Tender Id :333851,"Supply, Erection, Testing and Commissioning of Street light system on Internal roads of Glorina Valley Society in Moje-Kanakpur Kansad at South Zone-B (Kanakpur),Surat Municipal Corporation.",7366683.00,24-08-2026 18:00:00,,,no,"The tender is for street lighting infrastructure, unrelated to medical or diagnostic products."
28,332707,Tender Notice No 03 of 2026-27,NWR-Himmatnagar Irrigation Sub Division-2 - Himmatnagar Tender Id :332707,Renovation and Restoration Of Ilol Minor No.2/2 Of D5R Distry Guhai Main Canal At-Ilol Ta- Himmatnagar,533338.62,19-08-2026 18:00:00,,,no,"The tender concerns civil renovation of a canal, unrelated to surgical or diagnostic products."
29,333785,JRD/2026/51,PGVCL-Rural Division-Jamnagar Tender Id :333785,Erection & Maint. Work of HT/LT Line & TC for Various Scheme under Jodiya S/Dn,2000000.00,18-08-2026 18:00:00,,,no,Hard-reject: civil/electrical-infra signal 'lt line' — not a Meril product.
30,333807,RND-521 DGVCLDRND/0125/08/2026 Approved Date: 10-08-2026,DGVCL-Division Office - Rander Tender Id :333807,"RND-521 Work of Supply, Installation, testing and commissioning earthing for transformer center with Maintenance free, ready capsule, Pipe-in-cage (PIC) type earthing and connections to the various parts of transformer center using GI Strip and GI nut bolts at Ramnagar Sub division under Rander Division. And if it is required work to be carried out in other Scheme & Other Sub Division under Rander Division.",1000000.00,25-08-2026 18:00:00,,,no,"The tender concerns electrical earthing work for a transformer center, unrelated to surgical or diagnostic products."
31,333808,UGVCL/TALOD DO/WORKS / 2026-27 /32,UGVCL-Talod Division Tender Id :333808,"Annual Rate Contract Tender for Erection, Maintenance and Dismantling work of Overhead HT/LT LINE, TC & HT/LT AB Cable under Dhansura S/Dn, Talod DO, UGVCL",4499995.00,20-08-2026 16:00:00,,,no,Hard-reject: civil/electrical-infra signal 'lt line' — not a Meril product.
32,333686,MTC/072026/n-44 (Reinvitation-I),GETCO-GETCO Transmission Circle Office-Mehsana Tender Id :333686,"Bi-Annual Rate Contract for providing & fixing of 11 KV XLPE cable termination kit at Various s/s under GETCO, Mehsana Circle.”",1485030.00,27-08-2026 16:00:00,,,no,Hard-reject: civil/electrical-infra signal '11 kv' — not a Meril product.
33,333122,Tender Notice No.11 Of 2026-27,NWR-Aravalli Irrigation Division - Modasa Tender Id :333122,"Providing the services of continuous monitoring, operation, functioning and vigilant inspection of Khatriba pipeline connected villages valve At Limb to Bhudasan Ta.Bayad Dist.Arvali For month July 2026 to march 2027",349487.10,18-08-2026 15:00:00,,,no,"Tender is for pipeline valve monitoring and inspection services, unrelated to surgical or diagnostic products."
34,333710,2026-27,AMC-Bridge Projects Tender Id :333710,"Labour Work for providing and laying new water pipe line, Shifting Existing Water Pipe line, Repairing Lekages and other water network Related Works at Ongoing and Proposed Bridge site alignment Portion in AMC Limit (West Side) in Bridge Project in AMC (Excluding GST) (A.R.C.)",24999987.80,14-09-2026 18:00:00,,,no,"The tender is for civil water pipeline and bridge construction work, unrelated to medical or diagnostic products."
35,333736,UGVCL/TALOD DO/WORKS / 2026-27 /31,UGVCL-Talod Division Tender Id :333736,"Annual Rate Contract Tender for Erection, Maintenance and Dismantling work of Overhead HT/LT LINE, TC & HT/LT AB Cable under Bayad S/Dn, Talod DO, UGVCL",4499995.00,20-08-2026 16:00:00,,,no,Hard-reject: civil/electrical-infra signal 'lt line' — not a Meril product.
36,333742,RND-520 DGVCLDRND/0122/08/2026 Approved Date: 10-08-2026,DGVCL-Division Office - Rander Tender Id :333742,RND-520 Works of transformer reactivation of earthing by installation of chemical Neutral Earthing & body earthing work for distribution transformer under various area of Rander Town-1 S/DN under Rander Division. And if it is required work to be carried out in other Scheme & Other Sub Division under Rander Division.,1000000.00,25-08-2026 18:00:00,,,no,Hard-reject: civil/electrical-infra signal 'distribution transformer' — not a Meril product.
37,333673,2026-27,AMC-Bridge Projects Tender Id :333673,"Labour Work for providing and laying new water pipe line, Shifting Existing Water Pipe line, Repairing Lekages and other water network Related Works at Ongoing and Proposed Bridge site alignment Portion in AMC Limit (East Side) in Bridge Project in AMC (Excluding GST) (A.R.C.)",24999987.80,14-09-2026 18:00:00,,,no,"The tender is for civil construction water pipeline and bridge works, unrelated to medical or diagnostic products."
38,333743,DYMC/ P.I.C / 05/ 2026-27,SMC-Surat Mahanagar Seva Sadan Tender Id :333743,"Carrying out Area Development Work (incl. Street Furniture) and interior works for Gandhi Smruti Bhavan Auditorium at T.P 02 (Nanpura) F.P 07, Central Zone, Surat",17289895.05,18-08-2026 18:00:00,,,no,"The tender concerns area development, street furniture, and interior construction for an auditorium, which is unrelated to surgical or diagnostic products."
39,333738,DMC/EZ-A/03/2026-2027 Work No.: 04,SMC-Surat Mahanagar Seva Sadan Tender Id :333738,Trimming of avenue trees as and when required in East (Varachha) Zone – A,,24-08-2026 18:00:00,,,no,"The tender is for trimming avenue trees, which is unrelated to surgical or diagnostic medical products."
40,333732,06 OF 2026-27,R&B-Panchayat Division Tapi Tender Id :333732,"MMGSY 2025-26 CONSTRUCTION OF BOX CULVERT CONNECTING NAVAGAM FALIYA AND HANUMAN FALIYA (MISSING LINK), TA. UCHCHHAL, DIST.TAPI.",9828785.21,18-08-2026 18:00:00,,,no,"The tender is for construction of a box culvert, a civil infrastructure project unrelated to medical or diagnostic products."
41,333630,2026-27,AMC-Bridge Projects Tender Id :333630,The Work of shifting the drainage lines and stormwater lines at Ongoing and Proposed Bridge site alignment Portion in AMC Limit(West Side) in Bridge Project in AMC (A.R.C.)(Excluding GST),49895000.00,14-09-2026 18:00:00,,,no,"The tender is for civil construction work shifting drainage and stormwater lines for a bridge project, unrelated to surgical or diagnostic products."
42,333733,NTC/CIVIL/Aug26/ORIGINAL/157,GETCO-GETCO Transmission Circle Office - Nadiad Tender Id :333733,Construction of 10 nos 66 KV Feeder bay at various 66 KV Substation for lines terminate as downstream from proposed 220 KV Kanbha S/S under Ranasan AM Division Under Nadiad Circle.,5939703.57,01-09-2026 16:00:00,,,no,Hard-reject: civil/electrical-infra signal 'substation' — not a Meril product.
43,332873,05 of 2026-2027,NWR-Petlad Irrigation Division - Petlad Tender Id :332873,Constructing Protection wall in place of damaged protection wall at ch. 9960 mt on Jalsan Distry.,1923038.27,25-08-2026 18:00:00,,,no,"The tender concerns civil construction of a protection wall, which is unrelated to surgical or diagnostic products."
44,332872,05 of 2026-2027,NWR-Petlad Irrigation Division - Petlad Tender Id :332872,Constructing Box type V.R.B. in place of damaged Pipe type VRB at ch. 24300 ft m on Sinjiwada Distry.,1957007.98,25-08-2026 18:00:00,,,no,"The tender concerns civil construction of a box-type VRB for a damaged pipe, unrelated to medical or diagnostic products."
45,332871,05 of 2026-2027,NWR-Petlad Irrigation Division - Petlad Tender Id :332871,Constructing Barrel Type RCC Canal VRB in Place of Pipe Type Canal VRB at Ch. 7240 mt of Daheda Distributory.,2021211.74,25-08-2026 18:00:00,,,no,"The tender concerns civil construction of a reinforced cement concrete canal, which is unrelated to surgical or diagnostic products."
46,333611,2026-27,AMC-Bridge Projects Tender Id :333611,The Work of shifting the drainage lines and stormwater lines at Ongoing and Proposed Bridge site alignment Portion in AMC Limit(East Side) in Bridge Project in AMC (A.R.C.)(Excluding GST),49895000.00,14-09-2026 18:00:00,,,no,"The tender concerns civil works shifting drainage and stormwater lines for a bridge project, unrelated to medical or diagnostic products."
47,331334,Tender Notice 2026-27,ACD-Tthe Banaskantha Dist.Panchayat Prathmik Sixkoni Dhiran Ane Grahak Sahkari Mandali Limited Tender Id :331334,SUPPLY OF BACK PACK (LAPTOP),0.00,13-08-2026 18:00:00,,,no,"The tender is for laptop backpacks, which are not surgical, endoscopic, or diagnostic products sold by Meril."
48,333712,Anj/CMC/R&M/e-Tn-97/2026,GETCO-GETCO Transmission Circle Office - Anjar Tender Id :333712,Conductor replacement with Hardware & SRI of 66KV Reladi Anjar Tower line (on 132KV Tower) under Bhuj AM Division under Anjar AM Circle (Work approved under R&M 2026-27),2879832.48,31-08-2026 16:00:00,,,no,"The tender concerns electrical power line conductor replacement, unrelated to surgical or diagnostic products."
49,333594,2026-27,AMC-Bridge Projects Tender Id :333594,"CCTV Desilting Work of Main Drainage/Strom Water Line at Ongoing and Proposed Bridge alignment portion in AMC limit (West Side) , Bridge Project , Ahmedabd Municipal Corporation (A.R.C)",49981747.30,14-09-2026 18:00:00,,,no,"The tender concerns civil engineering work (bridge drainage and CCTV desilting), which is unrelated to surgical or diagnostic products."
50,332870,05 of 2026-2027,NWR-Petlad Irrigation Division - Petlad Tender Id :332870,Constructing Box type VRB in place of damaged pipe VRB at ch. 0 mt on Baliya kaka kyari lateral drain.,2131494.62,25-08-2026 18:00:00,,,no,"The tender concerns construction/replacement of a pipe in a drainage system, which is unrelated to surgical or diagnostic products."
1,332868,05 of 2026-2027,NWR-Petlad Irrigation Division - Petlad Tender Id :332868,Construction new box type V.R.B. at ch. 585 m on Parallel drain Tarapur Rinza road near village Kanawada.,2880661.28,25-08-2026 18:00:00,,,no,"The tender is for civil construction of a drainage box, unrelated to surgical or diagnostic products."
2,333357,07 of 2026-27,R&B-Panchayat-Surat Tender Id :333357,"New Gujrat pattern yojna 2025-26. Construction of paver block,fencing and solar roof top installation in Various model sub center in ambika Taluka Dist- Surat. 1 .Construction of paver block and solar roof top installation At model sub center Butvada, Ta.Ambika, Di. Surat 2. Construction of fencing and solar roof top installation At model sub center Kos-1, Ta.Ambika, Di. Surat",599223.36,24-08-2026 19:00:00,,,no,Hard-reject: civil/electrical-infra signal 'paver block' — not a Meril product.
3,332867,05 of 2026-2027,NWR-Petlad Irrigation Division - Petlad Tender Id :332867,Constructing Box Type VRB in place of damaged pipe type VRB @ ch. 1110 m on Hariyan Malu emergent drain.,3128681.06,25-08-2026 18:00:00,,,no,"The title describes civil construction work on a drainage system, unrelated to surgical or diagnostic products."
4,333713,"Dy.Muni.Commissioner/SEZ/03/2026-27, Work No.14",SMC-Surat Mahanagar Seva Sadan Tender Id :333713,"Pay & Park at T.P.Scheme No.8 (Umarwada),F.P.No.150, Opp. Sagar Textile Market, Umarwada, Surat In South East (Limbayat) Zone.",,29-08-2026 18:00:00,,,no,"The tender relates to a Pay & Park scheme for a location, not to medical, surgical, or diagnostic products."
5,333697,NTC/CIVIL/Aug26/ORIGINAL/156,GETCO-GETCO Transmission Circle Office - Nadiad Tender Id :333697,"Construction of Extension of Control Room Building, RCC Road, Yard Metaling, Toilet Block Renovation and Maintenance work of Existing CR, Compound wall, etc. at 66 KV Raipur S/S of Dist. Ahmedabad under Narol AM Division of Nadiad Circle.",7500226.51,01-09-2026 16:00:00,,,no,Hard-reject: civil/electrical-infra signal 'cc road' — not a Meril product.
6,332866,05 of 2026-2027,NWR-Petlad Irrigation Division - Petlad Tender Id :332866,"Constructing Inleting Structure and gabion wall at ch, 26940 m on Gada Sinjiwada Drain near village Kasbara.",3415112.07,25-08-2026 18:00:00,,,no,"The tender concerns civil construction of inlet structures and gabion walls, unrelated to medical or diagnostic products."
7,332864,05 of 2026-2027,NWR-Petlad Irrigation Division - Petlad Tender Id :332864,Constructing and providing gabion wall at ch. 5060 m of Tarapur Moraj Zhichaka Drain.,4120189.87,25-08-2026 18:00:00,,,no,"The tender is for civil construction of a gabion wall, unrelated to medical or diagnostic products."
8,332862,05 of 2026-2027,NWR-Petlad Irrigation Division - Petlad Tender Id :332862,Constructing New Pipe inlet in place of damaged pipe inlet at various chainage on limbali devataj Gada drain.,4589825.03,25-08-2026 18:00:00,,,no,"The title describes civil construction work for pipe inlets, which is unrelated to surgical or diagnostic products."
9,333646,"Dy.Muni.Commissioner/SEZ/03/2026- 27, Work No.04 & 13",SMC-Surat Mahanagar Seva Sadan Tender Id :333646,"Work No.04 : Pay & Park at T.P.Scheme No.8 (Umarwada), F.P.No.146, Opp.Multilevel Parking, Umarwada, Surat In South East Zone (Limbayat). (2nd Attempt), Work No.13 : Pay & Park at Sai Darshan Market to Salasar Gate(both side of road) In South East (Limbayat) Zone. (3rd Attempt)",,29-08-2026 18:00:00,,,no,"The tender is for construction of parking schemes and road works, unrelated to surgical or diagnostic products."
10,332842,04 of 2026-2027,NWR-Petlad Irrigation Division - Petlad Tender Id :332842,"Constructing R.C.C. Box Type Barrel in place of existing VRB @ Ch. 67,400’ Feet On Cambay Branch Canal (MRBC) (Sojitra to Trambovad).",8599455.05,31-08-2026 18:00:00,,,no,"The title describes a civil construction project for a canal, unrelated to medical or diagnostic products."
11,332841,04 of 2026-2027,NWR-Petlad Irrigation Division - Petlad Tender Id :332841,"Constructing R.C.C. Box Type Barrel in place of existing VRB @ Ch. 49,100’ Feet On Cambay Branch Canal (MRBC) (Kasor to Ladkui).",10475696.20,31-08-2026 18:00:00,,,no,"The tender is for constructing a reinforced concrete barrel for a canal, which is civil construction and unrelated to medical or diagnostic products."
12,332840,04 of 2026-2027,NWR-Petlad Irrigation Division - Petlad Tender Id :332840,"Constructing R.C.C. Box Type Barrel in place of existing VRB @ Ch. 57,200’ Feet On Cambay Branch Canal (MRBC) (Kasor to Malataj).",10600542.60,31-08-2026 18:00:00,,,no,"The tender is for civil construction of a concrete barrel for a canal, unrelated to medical/surgical or diagnostic products."
13,333669,Notice No. 07 of 2026-27,"GWSSB-Public Health Works Division, Gandhinagar Tender Id :333669","Providing cleaning services, mechanized environmental support services (up keeping) with supplying skilled operator & other Materials for Jalbhavan Bhavan GWSSB, Sector 10/A, Gandhinagar",3980640.00,20-08-2026 18:00:00,,,no,"The tender is for cleaning and environmental support services, which are unrelated to surgical or diagnostic products."
14,333663,6-15 of 2026-27,R&B-Surat Division 1 Tender Id :333663,"Providing Security Services at Transfery Hostel at Athwagate , Surat.",776737.31,25-08-2026 18:00:00,,,no,"The tender is for security services at a hostel, unrelated to surgical or diagnostic products."
15,333593,4 For 2026-2027 Sn- 5,R&B-Mehsana Division Tender Id :333593,"Quarantine Station at Mehsana & Demolation of ICDP Building , Artificial incimention center & over head water tank in ICDP Mehsana Ta & Dist : Mehsana",4313780.13,24-08-2026 18:00:00,,,no,"The tender involves construction, demolition, and water tank work, which are civil projects unrelated to surgical or diagnostic products."
16,333559,10 of 2026-27,R&B-Navsari Division Tender Id :333559,"Package : Chikhli Section Part 02 CR to Various Road Under Chikhli (R & B) Sub Division Dist. Navsari (Jungle Cutting, White Lime & Geru Washing To Tree, Painting of km stone, hectometer stone, Boards and repairs to side shoulders)",3806511.74,19-08-2026 18:00:00,,,no,"The title describes civil road work (jungle cutting, lime washing, painting stones, road repairs) unrelated to medical or diagnostic products."
17,333607,TCNS/ET/CIVIL/36/2627,GETCO-GETCO Transmission Circle Office - Navsari Tender Id :333607,"Hiring Closed Body Petrol/Diesel driven AC SUV 07 seater vehicle model (Preferably Eartiga / Scorpio / TUV / Marazzo / KIA) not more than 3 years old as on the date of tender opening for the period of 24 months for DE (Civil), Sub-division Office Ichhapore for 12 hrs. per day service for minimum 4000kMs per month under Navsari Transmission Circle Office (Head quarter at 220kV Ichhapore SS).",2017839.60,25-08-2026 16:00:00,,,no,"Tender is for hiring a petrol/diesel driven AC SUV for civil/transport purposes, not related to medical or diagnostic products."
18,333473,NTC/CIVIL/AUG26/155,GETCO-GETCO Transmission Circle Office - Nadiad Tender Id :333473,"Providing Gabion revetment to tower location No 116(T) of 220kV Gavasad-Salejada Line at Village: Bhalada, Dist. Kheda under Nadiad Circle.",3579514.09,07-09-2026 16:00:00,,,no,"The tender is for construction of gabion revetment for a power line, which is civil infrastructure, not medical/surgical or diagnostic products."
19,333612,DHD/TRANS-REP/2026-27/30,MGVCL-Dahod (O & M ) Division Office Tender Id :333612,On line Tenders (e-tendering)”for Annual Rate Contract for providing outsource labours for Repairing of failed/damaged Distribution Transformers having CRGO Core (STACK/WOUND/DRY/PAT/SDT) & Amorphous Core of various ratings on rating wise rate from existing agencies and new entrepreneurs who fulfill tender conditions any suitable Place of Dahod Division jurisdiction under Godhara (O&M) Circle of MGVCL,2537843.00,31-08-2026 18:00:00,,,no,Hard-reject: civil/electrical-infra signal 'distribution transformer' — not a Meril product.
20,333557,10 of 2026-27,R&B-Navsari Division Tender Id :333557,"Package : Chikhli Section Part 01 CR to Various Road Under Chikhli (R & B) Sub Division Dist. Navsari (Jungle Cutting, White Lime & Geru Washing To Tree, Painting of km stone, hectometer stone, Boards and repairs to side shoulders)",3504593.22,19-08-2026 18:00:00,,,no,"The tender concerns road and civil construction work, not medical or diagnostic products."
21,333554,10 of 2026-27,R&B-Navsari Division Tender Id :333554,Package : Khergam Section Part 02 CR to Various Road Under Chikhli (R & B) Sub Division Dist. Navsari (Headwall and Divider Painting etc.),4175960.26,19-08-2026 18:00:00,,,no,"The tender is for road construction and painting works, unrelated to medical/surgical or diagnostic products."
22,333225,6-14 of 2026-27,R&B-Surat Division 1 Tender Id :333225,"Security of Government Staff Quarter at Khatodara Colony, Surat.",708389.60,25-08-2026 18:00:00,,,no,"The tender concerns security services for a government staff quarter, unrelated to medical/surgical or diagnostic products."
23,333549,10 of 2026-27,R&B-Navsari Division Tender Id :333549,"Package : Khergam Section Part 01 CR to Various Road Under Chikhli (R & B) Sub Division Dist. Navsari (Jungle Cutting, White Lime & Geru Washing To Tree, Painting of km stone, hectometer stone, Boards and repairs to side shoulders etc.)",4192906.69,19-08-2026 18:00:00,,,no,"The title describes civil road construction and maintenance activities, not medical or diagnostic products."
24,332838,WTPS/S/ET/03/2026/SUPPLY-12 RFQ NO 77430M,GSECL-Wanakbori Thermal Power Station Tender Id :332838,Supply of Various CDS tubes and bend for drain & Vent line for Boiler Stage-I at WTPS.,,01-09-2026 18:00:00,,,no,"The title refers to industrial boiler drain and vent line tubes, which are unrelated to medical/surgical or diagnostic products."
25,333177,6-13 of 2026-27,R&B-Surat Division 1 Tender Id :333177,"Security of Campus of Government Staff Quarter at Navsari Bazar, Surat.",708389.60,25-08-2026 18:00:00,,,no,"The tender concerns security services for a government staff campus, unrelated to medical or diagnostic products."
26,333584,ME-292,GSECL-Kutch Lignite Thermal Power Station Tender Id :333584,Supply of spare for bosch make loudophone at switchyard KLTPS,,02-09-2026 18:00:00,,,no,"The tender concerns spare parts for a Bosch loudspeaker at a switchyard, which is unrelated to surgical or diagnostic products."
27,333075,6-12 of 2026-27,R&B-Surat Division 1 Tender Id :333075,Providing Security Services Athwalines Govt. Quarters at Athwalines Surat.,2330209.43,25-08-2026 18:00:00,,,no,"The tender is for security services for government quarters, unrelated to medical or diagnostic products."
28,333222,33-2026/2027,R&B-Panchayat-Bhuj Tender Id :333222,Construction of Javaharanagar Approch Road Km 0/00 to 0/70 Ta:Bhuj Dist:Kutch under MMGSY Year-2025-26,12535695.61,29-08-2026 18:00:00,,,no,"The tender is for road construction, which is unrelated to surgical or diagnostic products."
29,333589,2026-27,AMC-Bridge Projects Tender Id :333589,"CCTV Desilting Work of Main Drainage/Strom Water Line at Ongoing and Proposed Bridge alignment portion in AMC limit (East Side), Bridge Project , Ahmedabd Municipal Corporation (A.R.C.)",49981747.30,14-09-2026 18:00:00,,,no,"The tender involves CCTV desilting of drainage and bridge work, which is civil construction, not medical or diagnostic equipment."
30,332837,WTPS/S/ET/03/2026/SUPPLY-12 RFQ NO 77474M,GSECL-Wanakbori Thermal Power Station Tender Id :332837,Supply of SH-RH Spray station and PRDS piping and Fittings of boiler stage I at WTPS,,01-09-2026 18:00:00,,,no,"Tender concerns boiler spray station, piping and fittings for a water treatment plant, unrelated to surgical or diagnostic products."
31,333141,33-2026/2027,R&B-Panchayat-Bhuj Tender Id :333141,CONSTRUCTION OF ATALWADI AT VILLAGE BHADRESHWAR TA. MUNDRA,4662612.89,29-08-2026 18:00:00,,,no,"The tender is for construction of a structure in a village, which is civil work unrelated to medical or diagnostic products."
32,333012,33-2026/2027,R&B-Panchayat-Bhuj Tender Id :333012,CONSTRUCTION OF ATALWADI AT VILLAGE VAYOR TA. ABDASA,4662612.89,29-08-2026 18:00:00,,,no,"The tender is for construction of a community facility, which is unrelated to medical or diagnostic products."
33,331665,UGVCL/IDAR DO/E-TENDER/2026-27/ No- 31,UGVCL-IDAR - DIVISION Tender Id :331665,TENDER FOR AUG. & REPLACEMENT OF FAIL & HEALTHY TRANSFORMERS WORK FOR VADALI S/DN UNDER IDAR DO,2501895.00,25-08-2026 16:00:00,,,no,"The title refers to replacement of electrical transformers, unrelated to surgical or diagnostic products."
34,331682,UGVCL/IDAR DO/E-TENDER/2026-27/No-30,UGVCL-IDAR - DIVISION Tender Id :331682,TENDER FOR FABRICATION OF VARIOUS ITEM IDAR DIVISION STORE UNDER IDAR DIVISION,1000000.00,25-08-2026 16:00:00,,,no,"The title refers to fabrication of miscellaneous store items for an IDAR division, which appears unrelated to medical or diagnostic products."
35,332836,WTPS/S/ET/03/2026/SUPPLY-12 RFQ NO 77540M,GSECL-Wanakbori Thermal Power Station Tender Id :332836,Supply of Brass Bush and Various U-Clamps for BMD-I at WTPS,,01-09-2026 18:00:00,,,no,"The tender concerns brass bushes and U-clamps for a water treatment facility, which are unrelated to surgical or diagnostic products."
36,331633,UGVCL/IDAR DO/2026-27 / NO-29,UGVCL-IDAR - DIVISION Tender Id :331633,"Hiring of Closed body Diesel Bolero & Equielent vehicle Taxi/Maxi passing in up to date condition along with driver for 24 Hrs for Two Years, maximum 3000 KM per month(offered Vehicle Model shall not registered before 3 years as on the date of tender opening } for with head quarter at Deputy Engineer ,Vehicle DESHOTAR SDN Under Idar Division",1601040.00,25-08-2026 16:00:00,,,no,"The tender is for hiring a diesel vehicle and driver, which is unrelated to surgical or diagnostic products."
37,332835,WTPS/S/ET/03/2026/SUPPLY-12 RFQ NO 77296M,GSECL-Wanakbori Thermal Power Station Tender Id :332835,Supply of various pumps for BMD stg-1 at WTPS,,01-09-2026 18:00:00,,,no,"The tender seeks pumps for a water treatment plant (WTPS), which are unrelated to Meril's surgical or diagnostic product lines."
38,333569,10 of 2026-27,R&B-Amreli Tender Id :333569,"Repairs to office of Deputy Director of Horticulture at Amreli, Ta. & Dist. Amreli. (Alluminium Window, Door, Cill-Jamb, Plywood Cupboard, Parking Shed, and misc. Civil Works)",770932.17,21-08-2026 18:00:00,,,no,"The tender involves civil repairs (windows, doors, cupboards, parking shed) unrelated to medical or diagnostic products."
39,333568,10 of 2026-27,R&B-Amreli Tender Id :333568,"Repairs to Consumer Forum Office at Amreli, Dist. Amreli. (Construction of Dissablled friendly Toilet, Ramp, Signages & Wheelchair (Right of Person with Dissability Act-2016) & Provision of Fire Fighting System)",1961427.05,21-08-2026 18:00:00,,,no,"The tender involves construction and facility repairs (toilets, ramps, signage, fire fighting), not medical or diagnostic products."
40,333567,10 of 2026-27,R&B-Amreli Tender Id :333567,"Repairs to Govt. Children Home at Amreli, Dist. Amreli. (Providing Fire Fighting System) (Institutional Bldg Less than 15M in height with plot area more than 1000 Sqm.)",6065053.54,21-08-2026 18:00:00,,,no,"Tender is for fire fighting system repairs in a children home, unrelated to surgical or diagnostic products."
41,333566,10 of 2026-27,R&B-Amreli Tender Id :333566,"Repairing & Renovation of Assistant Director of Agriculture (Extension) Sub Division at Amreli, Ta. & Dist. Amreli. (Interior and exterior plaster patches, Color Work, parpet repairing, door window replacement, water proofing, paving block, drainage, plumbing, wire fencing and other Civil Work)",6456590.82,21-08-2026 18:00:00,,,no,"The tender is for civil renovation and construction work, not related to surgical or diagnostic products."
42,333565,10 of 2026-27,R&B-Amreli Tender Id :333565,"Construction of CC Road in Dhari city between Ch. 74/00 to 76/00 on Chavad Lathi Amreli Dhari Kodinar Road and Ch. 89/30 to 90/20 on Gondal Bagasara Dhari Tulsishyam Road, Dist. Amreli.",224789686.35,21-08-2026 18:00:00,,,no,Hard-reject: civil/electrical-infra signal 'cc road' — not a Meril product.
43,333045,06/2026-27,"GWSSB-Public Health Works Div. No. 1, Bhavnagar Tender Id :333045","Lowering and Laying of 914MM Dia.MS pipeline at valavad H.W. Under Sihor RWSS M & R Programme, Ta.Sihor Dist. :Bhavnagar",914597.86,20-08-2026 18:00:00,,,no,"The tender concerns civil pipeline lowering and laying, unrelated to medical, surgical, or diagnostic products."
44,333562,RMC/ENGG/WZ/26-27/19,RMC-Rajkot Municipal Corporation Tender Id :333562,CONSTRUCTION OF PETA WARD OFFICE AT SOCIAL INFRASTRUCTURE USAGE RESERVATION PLOT OF TP 22 RAIYA FP 21A IN WARD NO.01,3900854.00,31-08-2026 18:00:00,,,no,"The tender is for construction of a ward office, a civil infrastructure project unrelated to medical or diagnostic products."
45,333561,RMC /ENGG/CZ/26-27/30,RMC-Rajkot Municipal Corporation Tender Id :333561,DISPOSAL OF DRAINAGE COMPLAINS THROUGH PRIVATIZATION IN WARD NO 14 RETENDER.,2625650.00,25-08-2026 18:00:00,,,no,"The tender is about disposal of drainage in a hospital ward, which is a civil/maintenance service, not related to Meril's surgical or diagnostic products."
46,333552,PMC/2026/08/LOKMELA 2026 /01,PMC-Porbandar Municipal Corporation Tender Id :333552,Event Management Services for Organizing and Managing Shri Krishna sakha Sudama Janmashtami Lok Mela–2026 at Porbandar,15000000.00,18-08-2026 17:30:00,,,no,"The tender is for event management services, which are unrelated to surgical or diagnostic products."
47,333555,06 OF 2026-27,R&B-Panchayat Division Tapi Tender Id :333555,MMGSY 2025-26 Package no.29 CONSTRUCTION OF BOX CULVERT W.S. (1) JUNI THUTI DARJIBHAI RADATIYA HOUSE TO NAVI UKAI ROAD AT CH. 0/400 TO 0/600 (2) BHAD BHUNJA LONJA FALIYA TO MAHARASTRA (MISSING LINK). TA.UCHCHHAL DIST. TAPI,17746305.92,18-08-2026 18:00:00,,,no,"The tender is for construction of a box culvert, a civil infrastructure project unrelated to surgical or diagnostic products."
48,333553,Tender Notice No.Reparing & Rewinding 2026-27,NAGARPALIKA-Godhara Nagarpalika Tender Id :333553,Reparing & Rewinding Electric Submersible Moter’s (SECOND ATTEMPT),,18-08-2026 18:00:00,,,no,"The tender concerns repair and rewinding of electric submersible motors, which is unrelated to surgical or diagnostic products."
49,333551,2026-27,"CP-Dy.Conservator of Forest, Kachchh East Div. Bhuj Tender Id :333551","Construction of Pond at Amrapar Taluka -Rapar, Dist - Kachchh",814624.48,25-08-2026 18:00:00,,,no,"The tender is for civil construction of a pond, which does not involve surgical or diagnostic products."
50,333550,TCNS/TR/ET-104/2026-27,GETCO-GETCO Transmission Circle Office - Navsari Tender Id :333550,"Survey, Design, Supply, Installation, Commission and maintenance of Solar PV System for 5 years as a rooftop at Control Room terrace of various Substation of Vav AM Division - Package-III under Navsari Circle.",7927057.90,25-08-2026 16:00:00,,,no,Hard-reject: civil/electrical-infra signal 'substation' — not a Meril product.
1,333548,2026-27,"CP-Dy.Conservator of Forest, Kachchh East Div. Bhuj Tender Id :333548","Construction of pointing wall at Bambhanka Portion 2 At Rapar Ta.Rapar,Dist.Kachchh",916619.48,25-08-2026 18:00:00,,,no,"The tender is for civil construction of a pointing wall, unrelated to surgical or diagnostic products."
2,333547,06 OF 2026-27,R&B-Panchayat Division Tapi Tender Id :333547,Package No.24 /VAY/MMGSY/ER TO BT /2-RD/25-26 (1) Chikalvav Village Petki Faliya Road 0/000 To 1/550 Km (2) Sarkuva Village Mahendrabhai House to Juni Dudh Dairy Road. Ch. 0/000 To 1/600 Km Ta. Vyara Di. Tapi,12422923.28,18-08-2026 18:00:00,,,no,"The title describes a road construction package between villages, which is civil infrastructure and unrelated to surgical or diagnostic products."
3,333516,TENDER NOTICE NO. 10 OF 2026-27,"R&B-R&B Electrical Division, Surat Tender Id :333516","Engaging Wiremen for Vyara District Under R and B Electrical Sub-division, Vyara 2026-27 (for 11 Months)",1421847.00,18-08-2026 12:00:00,,,no,"The tender is for engaging wiremen for electrical work, which is unrelated to Meril's surgical or diagnostic products."
4,333546,TCNS/TR/ET-103/2026-27,GETCO-GETCO Transmission Circle Office - Navsari Tender Id :333546,"Survey, Design, Supply, Installation, Commission and maintenance of Solar PV System for 5 years as a rooftop at Control Room terrace of various Substation of Navsari AM Division - Pkg IV under Navsari Circle.",9635098.00,25-08-2026 16:00:00,,,no,Hard-reject: civil/electrical-infra signal 'substation' — not a Meril product.
5,333543,10 of 2026-27,R&B-Navsari Division Tender Id :333543,"Package : Vansda Section 02 CR to Various Road Under Chikhli (R & B) Sub Division Dist. Navsari (Jungle Cutting, White Lime & Geru Washing To Tree, Painting of km Stone, Hectometer Stone, Boards and repairs to side shoulders).",4104663.05,19-08-2026 18:00:00,,,no,"The tender pertains to road construction and civil works, unrelated to surgical or diagnostic products."
6,333033,"DMC/Drainage/03 /2026-27, Work No.20",SMC-Surat Mahanagar Seva Sadan Tender Id :333033,"BID DOCUMENTS FOR DESIGN, CONSTRUCTION, ERECTION, TESTING AND COMMISSIONING OF 53 MLD SEWAGE TREATMENT PLANT AT KANAKPUR KANSAD FOR NEWLY ADDED AREA OF NEW SOUTH ZONE, SURAT MUNICIPAL CORPORATION. (INCLUDING 10 YEAR OF OPERATION AND MAINTENANCE)",799533400.00,10-09-2026 18:00:00,,,no,"Tender is for a sewage treatment plant construction project, unrelated to medical/surgical or diagnostic products."
7,333151,Tender Notice No.of 2024-25,NAGARPALIKA-Godhara Nagarpalika Tender Id :333151,"Maintaining and repairing pumping machinery and control panels of Bhamaiya water works and Kantadi Head water works site Under Nagar Palika, GodharaDist –Panchmahal. (Second Attempt)",,18-08-2026 18:00:00,,,no,"The title concerns maintenance of water pumping machinery and control panels, which is civil/infrastructure work unrelated to surgical or diagnostic products."
8,333518,Muni/PWD/- dt. 06/08/2026:T75p-QZ27c,NAGARPALIKA-Kodinar Nagarpalika Tender Id :333518,Annual rate contract for door to door collection of solid waste from each areas of ward no. 1 to 6 of Kodinar Nagarpalika and dumping it at dumping site (Including Vehicles and Staff),5972400.00,24-08-2026 18:00:00,,,no,"The tender concerns solid waste collection and disposal, which is unrelated to surgical/endoscopic or diagnostic products."
9,333529,07 of 2026-27,R&B-Panchayat - Navsari Tender Id :333529,NGP-10 Taka Year 2025-26. Construction of Smashan Building with Gas based Cremation Furnace System at Village Khergam Ta. Chikhli Dist.Navsari.,6560739.94,20-08-2026 18:00:00,,,no,"The tender is for construction of a building with a cremation furnace, which is civil infrastructure, not medical or diagnostic products."
10,333530,UGVCL/ SND-R/DO/07/2026-27/Sr.No.2,UGVCL-Sanand Rural Division Office Tender Id :333530,"Executive Engineer, Sanand R Division has invited E-Tender for hiring of vehicle close body jeep (BS-6) 7-seater(Non AC) for 24hrs at Viramgam-R Sdn under Sanand R Do",1997079.20,31-08-2026 17:00:00,,,no,"The tender is for hiring a vehicle (jeep), which is unrelated to surgical/endoscopic or IVD diagnostic products."
11,333539,DGVCL/NVSR/2026-27/NVSR/002,DGVCL-Rural Division (O&M) - Navsari Tender Id :333539,Fabrication work of various line materials for erection HT /LT & TC center under Navsari Rural Division,1000000.00,19-08-2026 18:00:00,,,no,"The title refers to fabrication and erection work for high/low tension and telecom centers, which is civil/industrial construction, not medical or diagnostic products."
12,333533,RRC/TECH-2/Advt./2026-27/04/1784/6 DT.24.07.2026,PGVCL-Rural Circle Office -PGVCL - Rajkot Tender Id :333533,"Carting of 11,500 Nos. of 8 Meter PSC Poles from Rampar beti Pole Factory- or any other pole factory of PGVCL to any location of PGVCL.",2475500.00,31-08-2026 18:00:00,,,no,"The tender concerns transportation of 8‑meter PSC poles for a power utility, which is unrelated to medical/surgical or IVD products."
13,333505,10 of 2026-27,R&B-Navsari Division Tender Id :333505,"Package : Vansda Section 01 CR to Various Road Under Chikhli (R & B) Sub Division Dist. Navsari (Jungle Cutting, White Lime & Geru Washing To Tree, Painting of km Stone, Hectometer Stone, Boards and repairs to side shoulders)",3694427.90,19-08-2026 18:00:00,,,no,"The tender is for road construction and related civil works, which are unrelated to Meril's surgical or diagnostic product lines."
14,333522,NIT-50 of 2025-26,R&B-Kheda R&B Division Nadiad Tender Id :333522,"Consultancy Services for Preparation of Detailed Project Report (DPR) Land Acquisition, Forest Clearance & Utility Shifting for Dakor & Umreth Bypass Road Km. 0/0 to 20/67 (District Kheda)",25800000.00,24-08-2026 18:00:00,,,no,"The tender is for consultancy services on a road bypass project, unrelated to medical or diagnostic products."
15,333528,TCNS/TR/ET-102/2026-27,GETCO-GETCO Transmission Circle Office - Navsari Tender Id :333528,"Survey, Design, Supply, Installation, Commission and maintenance of Solar PV System for 5 years as a rooftop at Control Room terrace of various Substation of Navsari AM Division - Pkg III under Navsari Circle.",9635098.00,25-08-2026 16:00:00,,,no,Hard-reject: civil/electrical-infra signal 'substation' — not a Meril product.
16,333499,BRCL/Transaction Advisor/Miscellaneous Civil Works/2026-27/T-34,GRIDE-Gujarat Rail Infrastructure Development Corporation Limited Tender Id :333499,Execution of various miscellaneous works in Katosan Road – Ranuj Section.,,24-08-2026 12:00:00,,,no,"The tender concerns miscellaneous road works, which are civil construction activities unrelated to medical or diagnostic products."
17,333520,06 OF 2026-27,R&B-Panchayat Division Tapi Tender Id :333520,"Package No.23 /VAY/MMGSY/ER TO BT /4-RD/25-26 1)Uchamala Holi Faliya Village The Canal to Crematorium Road, Ch. 0/000 To 1/200 (2) Uchamala village Ghumati Faliya to main Road. 0/000 To 1/200 Km (3) Chapavadi Game bhati Faliya thi Mukhya Rasta thi prathmik shala thai AtulBhai na Ghar Pase Taraf Jata Damar Rasta nu Kam 0/000 To 0/510 (4) Const.of Maypur Game Mukhya Rasta thi Chaudhari Faliya smashan thai Borakhadi gaam na Mukhya Rastane Jodta Damar Rasta nu kam 0/000 To 0/700 Km Ta.Vyara Di. Tapi",16152637.64,18-08-2026 18:00:00,,,no,"The title describes civil road and canal construction works, which are unrelated to Meril's surgical or diagnostic product lines."
18,333513,DGVCL/NVSR/2026-27/NVSR/001,DGVCL-Rural Division (O&M) - Navsari Tender Id :333513,Fabrication work of various line materials for erection HT /LT & TC center under Navsari Rural Division,1000000.00,19-08-2026 18:00:00,,,no,"The title describes construction/fabrication for electrical (HT/LT) and transformer center, which is unrelated to medical or diagnostic products."
19,333339,02 OF 10TH AUGUST 2026/27,NAGARPALIKA-Sanand Nagarpalika Tender Id :333339,BID DOCUMENTS FOR ANNUAL RATE CONTRACT FOR CATCHING STRAY CATTLE IN SANAND MUNICIPALITY AREA - 2026,2000000.00,17-08-2026 19:00:00,,,no,"The tender concerns a contract for catching stray cattle, which is unrelated to surgical or diagnostic products."
20,333492,14/2026-27,GWSSB-PH Mechanical Dn. Rajkot Tender Id :333492,"ITC of HMSM Pumset with associated electro-mechanical accessories and Comp.operation,maintenance,repair & security of End suction(Backpullout)/HMSM pumpset with all associated equipments/accessories,MCC panels and all elctro-mechanical equipments installed at Machchhu-2 Dam HW & Lilapar Filter HW under Lilapar Khanpar RWSS Of Morbi district for 24 months. (Pl see detailed scope of work)",1738009.00,18-08-2026 18:00:00,,,no,"The title describes procurement and maintenance of pumps, electro‑mechanical accessories, and MCC panels for dam and water supply infrastructure, which are unrelated to Meril's surgical or IVD products."
21,333497,BVNC/16/2026/02,PGVCL-Circle Office - Bhavnagar Tender Id :333497,Furniture work at newly approved Akwada Sdn under city-2 Division of Bhavnagar circle,298376.19,25-08-2026 18:00:00,,,no,"The tender is for furniture work, which is unrelated to surgical or diagnostic products."
22,333502,RRC/TECH-2/Advt./2026-27/04/1784/5 DT.24.07.2026,PGVCL-Rural Circle Office -PGVCL - Rajkot Tender Id :333502,"Carting of 11,500 Nos. of 8 Meter PSC Poles from Shiv Shakti Pole Factory- or any other pole factory of PGVCL to any location of PGVCL.",2475500.00,31-08-2026 18:00:00,,,no,"The tender concerns transportation of PSC utility poles, unrelated to surgical or diagnostic products."
23,333173,Tender Notice No.Moter Revinding 2026-27,NAGARPALIKA-Godhara Nagarpalika Tender Id :333173,Reparing and Rewinding Electric Submersible Moter’s and Fan.,,18-08-2026 18:00:00,,,no,"The tender concerns repair and rewinding of electric submersible motors and fans, which are industrial equipment unrelated to surgical or diagnostic products."
24,333506,TCNS/TR/ET-101/2026-27,GETCO-GETCO Transmission Circle Office - Navsari Tender Id :333506,"Survey, Design, Supply, Installation, Commission and maintenance of Solar PV System for 5 years as a rooftop at Control Room terrace of various Substation of Navsari AM Division - Pkg II under Navsari Circle.",8627792.30,25-08-2026 16:00:00,,,no,Hard-reject: civil/electrical-infra signal 'substation' — not a Meril product.
25,333395,07 of 2026-27,R&B-Panchayat - Navsari Tender Id :333395,"New Gujarat Pattern (10 Taka) Yojna Year : 2025-26 Construction of Various Road in Gandevi Taluka Dist: Navsari. [Pakage No.12 Total 2 Roads, Total Km-1.3) (1) Kesli Village Gram Panchayat to Halpativas Road km 0/0 to 0/7 (2) Desad Village Naykiwad to Halpativas to Gram Panchayat toward Primary School Joining Road km 0/0 to 0/6",2897649.13,20-08-2026 18:00:00,,,no,"The tender concerns construction of roads, which is civil infrastructure and not related to surgical or diagnostic products."
26,333483,13 of 2026-27,R&B-Division Office - Chhotaudepur Tender Id :333483,"Renovation of B - Type 3 units, C - Type 2 units & D - Type 1 unit staff quarters building in Adarsh Nivashi School at Naswadi Ta. Naswadi Dist. Chhotaudepur",3694911.58,20-08-2026 18:05:00,,,no,"The tender is for renovation of staff quarters in a school, which is construction work unrelated to surgical or diagnostic products."
27,333302,NIT-50 of 2025-26,R&B-Kheda R&B Division Nadiad Tender Id :333302,"Consultancy Services for Preparation of Detailed Project Report (DPR) Land Acquisition, Forest Clearance & Utility Shifting for Kapadwanj Bypass Road Km. 0/0 to 13/0 (District Kheda)",16300000.00,24-08-2026 18:00:00,,,no,"The tender concerns consultancy for a road bypass project, which is civil infrastructure and unrelated to surgical or diagnostic products."
28,333178,Online Tender Notice No. 10 of 2026-27 (Third Attempt),"R&B-R&B Electrical Division, Surat Tender Id :333178","Engaging Wiremen services for Residential Buildings of Ramnagar Colony section of Electrical Sub division, Surat (for 11 months) (Year 2026-27)",406241.14,18-08-2026 12:00:00,,,no,"The tender is for electrical wiring services for residential buildings, which is unrelated to medical or diagnostic products."
29,333383,TCBRH/26-27/E-142,GETCO-GETCO Transmission Circle Office - Bharuch Tender Id :333383,"Bi-Annual ARC for upkeeping & housekeeping of Control room , switchyard ,adjoining offices of 132kV Ankleshwar sub-station under AM Division Zagadia",908599.81,03-09-2026 16:00:00,,,no,"The tender concerns maintenance and housekeeping of a 132kV electrical sub‑station, which is unrelated to surgical or diagnostic products."
30,333268,C-I: 09/2026,DPA-Pipeline Division Tender Id :333268,Development of Container Terminal at Tuna-Tekra “Common Road connectivity from Take-off point up to back up area” Stage-II.,259184420.00,25-08-2026 16:00:00,,,no,"The tender concerns civil construction of a container terminal road, which is unrelated to surgical or diagnostic products."
31,333480,CHWD/30-CCROAD/RT00,NAGARPALIKA-Chorwad Nagarpalika Tender Id :333480,"CONSTRUCTION OF C.C. ROAD AT JAGARIYAPA AREA NAGARPALIKA AREA, CHORVAD, DIST. JUNAGADH",731400.00,31-08-2026 18:00:00,,,no,"Tender is for road construction, not related to surgical or diagnostic products."
32,333390,TCJ/26-27/48,GETCO-GETCO Transmission Circle Office - Jamnagar Tender Id :333390,"Work of shifting of 132KV D/C Jamnagar-Kansumara line between location no. 108 to 109 for Jamnagar Municipal Corporation, under Deposit Scheme for construction of flyover bridge at Theba Chokdi Junction.",1168044.58,31-08-2026 16:00:00,,,no,"The tender involves shifting a high-voltage power line and constructing a flyover bridge, which are civil/electrical works unrelated to surgical or diagnostic products."
33,333131,02/ General Stores / VSGH/2026-27,AMC-Vadilal Sarabhai General Hospital Tender Id :333131,Supply / Providing of Printing Items For Two Years on Rate Contract Base,8300000.00,17-08-2026 18:30:00,,,no,"The tender is for printing items, which are unrelated to Meril's surgical or diagnostic product lines."
34,333490,TCNS/TR/ET-100/2026-27,GETCO-GETCO Transmission Circle Office - Navsari Tender Id :333490,"Survey, Design, Supply, Installation, Commission and maintenance of Solar PV System for 5 years as a rooftop at Control Room terrace of various Substation of Navsari AM Division - Pkg I under Navsari Circle.",8006518.40,25-08-2026 16:00:00,,,no,Hard-reject: civil/electrical-infra signal 'substation' — not a Meril product.
35,333321,RRC/TECH-2/Advt./2026-27/04/1784/4 DT.24.07.2026,PGVCL-Rural Circle Office -PGVCL - Rajkot Tender Id :333321,"Carting of 11,500 Nos. of 8 Meter PSC Poles from Rameshwar Pole Factory- or any other pole factory of PGVCL to any location of PGVCL.",2475500.00,31-08-2026 18:00:00,,,no,"The tender is for transporting concrete utility poles, which is a civil infrastructure activity unrelated to surgical or diagnostic products."
36,333427,"DMC/SZ-B/05/2026-2027,WORK NO.05",SMC-Surat Mahanagar Seva Sadan Tender Id :333427,"Repairing and Maintanance work of footpath of Newly Added Area in DTP-34 (Pali-Sachin-Kansad), DTP-59 (Sachin-Pardi), DTP-33 (Talangpor, Umber), Kanakpur, Kansad of South Zone-B (Kanakpur) (2nd Attempt)",5079125.40,24-08-2026 18:00:00,,,no,"The tender is for footpath repairing and maintenance, which is civil infrastructure, not related to surgical or diagnostic products."
37,333428,RMC/Water Works Project/2026-27/2,RMC-Rajkot Municipal Corporation Tender Id :333428,Dismatling Work of ESR tank at various location under water management unit in RMC Area THIRD ATTEMPT.,2282000.00,31-08-2026 17:00:00,,,no,"The title refers to dismantling work of an ESR tank under water management, which is civil/construction activity unrelated to medical or diagnostic products."
38,332661,8/2026-27(2nd Attempt),R&B-Panchayat R&B Division - Bharuch Tender Id :332661,(Package No. 2) Constructing Aanganwadi building at (1) Sarbhan-1 Sector Matar (2) Sarbhan-2 Sector Matar & (3) Sarbhan-4 Sector Matar Tal. Amod Dist. Bharuch,4474634.27,18-08-2026 18:00:00,,,no,"The tender is for constructing Aanganwadi buildings, which is civil construction work unrelated to medical or diagnostic products."
39,333417,RND-519 DGVCLDRND/0119/08/2026 Approved Date: 10-08-2026,DGVCL-Division Office - Rander Tender Id :333417,"RND-519 Work of Supply, Installation, testing and commissioning earthing for transformer center with Maintenance free, ready capsule, Pipe-in-cage (PIC) type earthing and connections to the various parts of transformer center using GI Strip and GI nut bolts at Rander Twon 2 Sub division under Rander Division. And if it is required work to be carried out in other Scheme & Other Sub Division under Rander Division.",1000000.00,25-08-2026 18:00:00,,,no,"The tender concerns electrical earthing works for a transformer center, which is unrelated to surgical or diagnostic products."
40,333184,Tender Notice No.18 of 2025-26,NWR-Irrigation Division-Gir Somnath Tender Id :333184,"construction of Paver Block and Repairing of ISR Building, Construction work of Security Cabin Without Toilet Block At (1) Near Spillway (2) On Earthen bund and (3) Security Cabin With Toilet block at downstream Side near Existing of Room at Machhundri Dam site.(Third Attempt)",2638126.64,19-08-2026 18:00:00,,,no,Hard-reject: civil/electrical-infra signal 'paver block' — not a Meril product.
41,333069,GUDC/PROJECTS/SJMMSVY/SWD/BHANVAD,GUDC-Project Department Tender Id :333069,"Bhanvad Storm Water Drainage Scheme (SWD) Project under SJMMSVY : Working Survey, Soil Investigation, Design and Construction Work of R.C.C. Box Drain with other related works on Mokhana Bhanvad Road from Court building via Nagapalika office to Sathvara Samaj ni Wadi to falku river for Bhanvad Storm Water Drainage Scheme (SWD) Project under SJMMSVY for Bhanvad Nagarpalika, District- Devbhoomi Dwarka, Gujarat” Under SJMMSVY",110401345.00,09-09-2026 18:30:00,,,no,"The tender concerns storm water drainage construction, which is civil infrastructure, unrelated to surgical or diagnostic products."
42,333360,VMC/SL/ARC ROSH/2026-27,VMC-STREET LIGHT Tender Id :333360,"ANNUAL RATE CONTRACT FOR PROVIDING TEMPORARY DECORATIVE & EXTRA LIGHTING ON DIFFERENT BUILDINGS, BRIDGES, ROADS ON FESTIVAL DAYS AND OCCASIONS.",30000000.00,24-08-2026 13:00:00,,,no,"Tender is for temporary decorative and extra lighting on buildings, bridges, and roads, unrelated to medical or diagnostic products."
43,332746,8/2026-27(3rd Attempt),R&B-Panchayat R&B Division - Bharuch Tender Id :332746,Upgradation Smashan Gruh at Village Jhagadia Tal. Jaghadiya Dist. Bharuch,1605045.37,18-08-2026 18:00:00,,,no,"The tender concerns upgrading a cremation house, which is civil infrastructure work unrelated to surgical or diagnostic products."
44,333270,14/2026-2027(2nd Attempt),GWSSB-P.H Works Division - Devbhumi Dwarka Tender Id :333270,"Demolition of existing Civil and Machenical Office Buildings under M&R to Office at Jal Bhavan Ta. Khambhaliya, Dist. Devbhoomi Dwarka.(2nd Attempt)",141793.98,25-08-2026 18:00:00,,,no,"The tender is for demolition of civil office buildings, unrelated to surgical or diagnostic products."
45,333235,06 OF 2026-27,R&B-Panchayat Division Tapi Tender Id :333235,Package No. 22 /VAY/MMGSY/ER TO BT /3-RD/25-26 (1) Chikhlda Village dairy Near Veldha village joining Road 0/000 To 1/600 Km (2) Chinchbardi Village dairy near Vadpada village joining Road 0/000 To 1/000 Km (3) Kapura Village Moti Canal Bridge to Patel Faliya Road 0/000 To 1/000 Ta. Vyara Di.Tapi,14472575.29,18-08-2026 18:00:00,,,no,"The tender is for road and bridge construction linking villages, which is civil infrastructure and unrelated to medical or diagnostic products."
46,333188,04 of 2026-27,WASMO-DWSU - Patan Tender Id :333188,"Wasmo Type Design & Drawing R.C.C. E.S.R of 80,000 Lit Capacity And 12 m Height & Pump Room size 2.00 x 2.00 x 3.00 mtr 2 Nos, Providing, Supplying, Excavation, Lowering, Laying Jointing & Refilling 110/140 mm Dia PVC Pipe Line & GI Pipeline 100mm/150mm Dia. GI Pipe Heavy Duty for Valve Stand as a Water Rising & Distribution & Providing Supply and Fitting Pumping Machinery for Existing Sump. At Village: - Laxmipura (Vadani), Ta: - Saraswati, Dist:- Patan Under Augmentation of Tap Connectivity in Rural Area Programme-2026-27.",2711358.99,27-08-2026 18:00:00,,,no,"The tender is for water tank, pipeline, and pumping infrastructure, which is civil/utility work unrelated to surgical or IVD products."
47,333405,288/2026-27,VMC-Water Works Project Tender Id :333405,PROVIDING AND LAYING 1400 MM DIAMETER NEW FEEDER LINE RELATED TO SHIFTING OF EXISTING 1400 MM DIA. OF SINDHROT FEEDER LINE WHICH IS OBSTRUCTED IN THE CONSTRICTION OF SUNPHARMA BHAYALI BRIDGE. (RE-INVITE),21163583.03,31-08-2026 16:00:00,,,no,"The tender involves construction of a large-diameter feeder pipeline and bridge works, unrelated to surgical or diagnostic products."
48,333283,2026-2027,NAGARPALIKA-Palanpur Municipality Tender Id :333283,ANGANVADI RENOVATION AT PALANPUR NAGARPALIKAS AREA,1351015.00,18-08-2026 18:00:00,,,no,"The title refers to a renovation project in an urban area, indicating civil/construction work unrelated to medical or diagnostic products."
49,333287,CHWD/30-PAVERBLOCK/RT00,NAGARPALIKA-Chorwad Nagarpalika Tender Id :333287,"CONSTRUCTION OF PAVER BLOCK ROAD AT SASRIVAV AREA NAGARPALIKA AREA, CHORVAD, DIST. JUNAGADH",731352.00,31-08-2026 18:00:00,,,no,Hard-reject: civil/electrical-infra signal 'paver block' — not a Meril product.
50,333364,TCNS/TR/ET-97/2026-27,GETCO-GETCO Transmission Circle Office - Navsari Tender Id :333364,"Survey, Design, Supply, Installation, Commission and maintenance of Solar PV System for 5 years as a rooftop at Control Room terrace of various Substation of Vapi AM Division - Pkg IV under Navsari Circle.",9897873.40,25-08-2026 16:00:00,,,no,Hard-reject: civil/electrical-infra signal 'substation' — not a Meril product.
1,333364,TCNS/TR/ET-97/2026-27,GETCO-GETCO Transmission Circle Office - Navsari Tender Id :333364,"Survey, Design, Supply, Installation, Commission and maintenance of Solar PV System for 5 years as a rooftop at Control Room terrace of various Substation of Vapi AM Division - Pkg IV under Navsari Circle.",9897873.40,25-08-2026 16:00:00,,,no,Hard-reject: civil/electrical-infra signal 'substation' — not a Meril product.
2,333318,14 of 2026-27,SYCAD-Sports Authority of Gujarat Tender Id :333318,Reconstruction of Archaeology Office Building at Bhuj. (2nd Attempt),47594201.89,24-08-2026 18:00:00,,,no,"The title refers to reconstruction of an office building, which is civil construction and not related to surgical or diagnostic products."
3,333327,MTC/082026/n-52,GETCO-GETCO Transmission Circle Office-Mehsana Tender Id :333327,"Hiring of Diesel Driven, Air-Conditioned, Minimum 9 Seater close body SUV Vehicle along with Driver for 12 Hrs./Day and 3000 KM/Month for period of two years for 220kV Sankhari S/s of Patan AM Division under Mehsana Circle.”",1441320.00,31-08-2026 16:00:00,,,no,"The tender is for hiring a diesel-powered SUV vehicle, which is unrelated to medical, surgical, or diagnostic products."
4,333060,19 / 2026 ‐ 27,AMC-Central Workshop Tender Id :333060,Tender for Comprehensive Operation and Maintenance Contract for 5 (Five) Years of Existing Truck Mounted Road Sweeping Machines of AMC ‐15 Nos. as per AMC tender conditions and requirements.,,24-08-2026 18:00:00,,,no,"The title pertains to maintenance of truck-mounted road sweeping machines, which is unrelated to surgical or diagnostic products."
5,333369,14 of 2026-27,SYCAD-Sports Authority of Gujarat Tender Id :333369,"Upgradation & Construction of multi outdoor sports facilities at Gandhidham District Sport Complex, Kutch (2nd Attempt)",294751058.63,24-08-2026 18:00:00,,,no,"The tender concerns construction of sports facilities, which is unrelated to surgical or diagnostic products."
6,333275,HLD/TECH/EE/FABRICATION STORE/JULY-2026/1,MGVCL-HALOL (O & M) DIVISION Tender Id :333275,LABOUR WORK FOR FABRICATION OF VARIOUS ITEMS FOR HT LT & TC UNDER HALOL DIV STORE.,2044340.00,31-08-2026 16:00:00,,,no,"The title refers to labor work for fabricating items, likely construction/maintenance, not medical or diagnostic products."
7,333401,DC/FES/05/2026-27 Work No.– 01,SMC-Surat Mahanagar Seva Sadan Tender Id :333401,SUPPLY OF CHASSIS AND FABRICATION OF MINI FIRE ENGINE- 12 Nos.,,24-08-2026 18:00:00,,,no,"The tender concerns chassis and fabrication of mini fire engines, which are unrelated to surgical or diagnostic products."
8,333358,"DMC/SZ-B/05/2026-27, Work No.04",SMC-Surat Mahanagar Seva Sadan Tender Id :333358,"Providing and Laying 250 mm Dia R.C.C NP3 class pipe line with simple chamber on Internal road of Haridarshan Nagar Society (Moje-Gabheni) R. S. No. 224/1, Block No. 228 and 230 in South Zone-B (Kanakpur) Surat Municipal Corporation.",4209684.90,24-08-2026 18:00:00,,,no,"The tender concerns civil construction of a pipeline and chambers, which is unrelated to surgical or diagnostic products."
9,333303,RND-518 DGVCLDRND/0112/08/2026 Approved Date: 10-08-2026,DGVCL-Division Office - Rander Tender Id :333303,"RND-518 Tender for provide knowledge skill person and Overseers for 11kv/22kv underground cable / overhead line for HT cable route patrolling, cable safe guarding, cable fault joint pit excavation etc. work as per Instruction of Engineer in charge Under Rander Town-1 Sub Division under Rander Division.",345580.00,24-08-2026 18:00:00,,,no,"The tender is for electrical cable installation and maintenance work, unrelated to surgical or diagnostic products."
10,333009,ACE(P&C)/TN-11/2026-2027,GETCO-Gujarat Energy Transmission Corporation Limited vadodara Tender Id :333009,Purchase of G.I. Earth-wire & GI Stay -wire as per GETCO technical specification on firm price basis against tender no. ACE(P&C)/SE(P&C)/EE(Proc)/I/E-3110/G.I. Earth wire & Stay wire/2026-27,139042000.00,03-09-2026 16:00:00,,,no,"The tender is for galvanized iron earth and stay wires for electrical infrastructure, which are unrelated to Meril's surgical or diagnostic product lines."
11,333085,ACE(P & C)/Contracts/Civil-664/26-27/66kV Sanand 3 SS,GETCO-Gujarat Energy Transmission Corporation Limited vadodara Tender Id :333085,"Construction of First Floor Control Room Building, Foundations, Precast Cable Trench, Precast Compound Wall, RCC Road and Misc. Civil works at 66kV Sanand 3 GIDC SS Ta. Sanand and Dist. Ahmedabad under Surendranagar Circle",62135346.00,24-08-2026 16:00:00,,,no,Hard-reject: civil/electrical-infra signal 'cc road' — not a Meril product.
12,333304,BUILDING / Main office House keeping work / 2025-2026,BMC-Bhavnagar Municipal Corporation Tender Id :333304,Tender for Outsourced provision of cleaning work at the Main Office of Bhavnagar Municipal Corporation from the date of order placement till 31/03/2027.,,25-08-2026 18:00:00,,,no,"The tender is for cleaning work services, which are unrelated to medical, surgical, or diagnostic products sold by Meril."
13,333299,06 of 2026 - 2027,"GWSSB-P. H. Mechanical Division, Ahmedabad Tender Id :333299",Drilling 200 / 250 mm dia. up to 300 meters (Total 8 numbers) deep tube wells by DR / RR drilling rig with M.S. Cabin at various villages in Mansa Taluka (Group E) of Gandhinagar district including supply of various type of MS bore materials & slotting work of MS ERW pipes,4994043.00,31-08-2026 18:00:00,,,no,"The tender concerns drilling deep tube wells and supplying steel bore materials, which are civil/irrigation works unrelated to surgical or diagnostic products."
14,333319,"DMC/PPG/03/2026-27 work no. 1, 2, 3",SMC-Surat Mahanagar Seva Sadan Tender Id :333319,"Offer for horticultural works at Suman Nursery in Work no.1 South West Zone, Work no. 2 South East Zone, Work no. 3 East-B Zone.",,17-08-2026 18:00:00,,,no,"The tender is for horticultural works at a nursery, unrelated to medical or diagnostic products."
15,333212,01 of 2026-27 (Re-invite),R&B-Panchayat - Navsari Tender Id :333212,"MMGSY Year 2025-26 (86-5054-04-337-15 Sr. No. 1)(ER TO BT) Construction Of Nimlai Village Asal Juna Road To Swaminarayan Sankul Towards Road (VR NP) K.M. 0/00 to 1/500 Tal :- Jalalpore, Dist:- Navsari. (Re-invite)",5836217.57,24-08-2026 18:00:00,,,no,"The tender is for road construction work, which is unrelated to surgical or diagnostic products."
16,333311,BD/44/2026,"MGVCL-O&M Division, Baroda Tender Id :333311",Annual Rate Contract for providing outsource labours for Repairing of Various rating (5KVA to 500 KVA) Distribution Transformers having CRGO & Amorphous core on rating wise Fixed rate at in-house repairing center at CHHANI MGVCL CAMPUS or any suitable place under BARODA (O&M) Division of MGVCL.,2981544.94,31-08-2026 16:00:00,,,no,Hard-reject: civil/electrical-infra signal 'distribution transformer' — not a Meril product.
17,333043,TCBRH/26-27/E-141,GETCO-GETCO Transmission Circle Office - Bharuch Tender Id :333043,Tender for Work of replacement of 220kV flyover single Zebra conductor and Jumper/Dropper by single zebra conductor of various 220kV Lines and 220/132kV TR bays at 220kV Haldarwa S/s under Haldarwa AM Division under Bharuch Circle,1142752.71,03-09-2026 16:00:00,,,no,"The tender is for electrical power transmission work (220kV conductors and TR bays), not medical or diagnostic products."
18,333179,10 of 2026-27,R&B-Morbi Division Tender Id :333179,"Repairing/Renovation of I.T.I Building at MORBI, Dist. Morbi ( By providing Toilet Renovation, Vitrified Tiles, Plaster, color, Door-Window etc.)",7310197.25,25-08-2026 18:00:00,,,no,"The tender concerns building renovation and construction supplies, not medical or diagnostic products."
19,333106,GNFC/TAO/SANITATION/ARC/2026,GNVFC-Township Administration Office (TAO) Tender Id :333106,"Annual rate contract(ARC) for rendering health, sanitation and other Misc. services in GNFC’s residential Township and Angareshwar Guest House area",16000000.00,24-08-2026 17:30:00,,,no,"The tender is for service provision (health, sanitation, misc.) in a residential township, not for medical devices or diagnostic products."
20,333214,TCNS/TR/ET-96/2026-27,GETCO-GETCO Transmission Circle Office - Navsari Tender Id :333214,"Survey, Design, Supply, Installation, Commission and maintenance of Solar PV System for 5 years as a rooftop at Control Room terrace of various Substation of Vapi AM Division - Pkg III under Navsari Circle.",9591302.10,25-08-2026 16:00:00,,,no,Hard-reject: civil/electrical-infra signal 'substation' — not a Meril product.
21,333185,DBH/TECH/3699 dated: 10.08.2026 PR-231913,MGVCL-Dabhoi (O & M) Division Tender Id :333185,"Annual Rate Contract for providing outsource labours for Repairing of Various rating (5KVA to 500 KVA) Distribution Transformers having CRGO & Amorphous core on rating wise Fixed rate at in-house repairing center, Dabhoi Division (or any suitable place) under Baroda (O&M) Circle of MGVCL",2981544.94,31-08-2026 16:00:00,,,no,Hard-reject: civil/electrical-infra signal 'distribution transformer' — not a Meril product.
22,333259,Anj/CMC/e-Tn-96/2026,GETCO-GETCO Transmission Circle Office - Anjar Tender Id :333259,"Bi-ARC for hiring of Non A/C diesel/Petrol Utility Vehicle (1 MT carrying capacity, 4+1 seating capacity) Back side open type jeep maxi taxi passing vehicle along with driver for JE 66 KV Gadhsisa GSS for 12hrs per day, 3000kms per month under Nakhatrana AM Division under Anjar AM Circle (Vehicle with registration not older than 5 years as on Technical bid opening date)",1566860.64,31-08-2026 16:00:00,,,no,"The tender is for hiring a diesel/petrol utility vehicle, which is unrelated to surgical or diagnostic products."
23,333202,T.E.NO.GMSCL/D-796/RC/2026-27,GMSCL-Gujarat Medical Services Corporation Ltd Tender Id :333202,"T.E.NO.GMSCL/D-796/RC/2026-27 TABLET & CAPSULE, INJECTION,MISSELENEOUS ITEMS (25 ITEMS)",,25-08-2026 18:00:00,,,no,"The title lists tablets, capsules, injections and miscellaneous items, which are pharmaceuticals not covered by Meril's surgical or diagnostic product lines."
24,333220,01 OF 2026-27 (Second Attmpt),"APMC-Agricultural Produce Market Committee, Kadana Tender Id :333220","PROPOSED CONSTRUCTION OF A SHOP CUM GODOWN BUILDING,AAUCTION HALL BUILDING WORK,COMPOUND WALL,INTERIAR C C ROAD,OFFICE BUILDING,TOILET BLOCK,WEIGH BRIDGE WORK IN R.S.No. 27 paiky AT MAIN MARKET YARD SALIYAVADI ( KADANA )",14983052.00,21-08-2026 16:00:00,,,no,"The tender concerns construction of buildings, walls, roads, and related civil works, which are unrelated to Meril's surgical/endoscopy or diagnostic product lines."
25,333157,UGVCL/SND-R/ DO /05/2025-26/Sr.No.1,UGVCL-Sanand Rural Division Office Tender Id :333157,"Executive Engineer, Sanand Rural Division has invited E-tender for Hiring of crane at Sanand Rural Divisional store under Sanand Rural Division",1472640.00,31-08-2026 17:00:00,,,no,"The tender is for hiring a crane, which is construction equipment unrelated to surgical or diagnostic products."
26,333199,BCD-II-ONLINE TENDER-145-AUG-2026,PGVCL-City2 Division - Bhavnagar Tender Id :333199,Tender for Providing & Fixing Cable Jointing Kit work for all subdivision under City-2 Division Bhavnagar.,2000000.00,18-08-2026 18:00:00,,,no,"The tender is for cable jointing kit installation, which is an electrical/infrastructure work unrelated to surgical or diagnostic products."
27,333244,BSD/ARC/TRC/2026-27/231912,MGVCL-Borsad (O & M) Division Tender Id :333244,"Annual Rate Contract for providing outsource labours for Repairing of Various rating (5KVA to 500 KVA) Distribution Transformers having CRGO & Amorphous core on rating wise Fixed rate at in-house repairing center, Borsad Division or any suitable location",2516503.00,01-09-2026 16:00:00,,,no,Hard-reject: civil/electrical-infra signal 'distribution transformer' — not a Meril product.
28,333200,"DMC/PPG/03/2026-27., Work No.04 & 05",SMC-Surat Mahanagar Seva Sadan Tender Id :333200,Work no. 4 Unit rate tender for trimming of dangerous or obstructed trees in society area of SMC City Limit. (2nd Attempt) Work no.05 Unit rate tender for trimming of dangerous or obstructed trees on main or internal roads of SMC City Limit. (2nd Attempt),,17-08-2026 18:00:00,,,no,"The tender is for tree trimming work on city roads, which is unrelated to surgical or diagnostic products."
29,333193,BD/43/2026,"MGVCL-O&M Division, Baroda Tender Id :333193",Annual Rate Contract for providing outsource labours for Repairing of Various rating (5KVA to 500 KVA) Distribution Transformers having CRGO & Amorphous core on rating wise Fixed rate at in-house repairing center at Desar sdn or any suitable place under BARODA (O&M) Division of MGVCL.,2981544.94,31-08-2026 16:00:00,,,no,Hard-reject: civil/electrical-infra signal 'distribution transformer' — not a Meril product.
30,331557,E-37(2026-27),"DGVCL-O and M Division, Ankleshwar Tender Id :331557","Hiring of Diesel driven Taxi / Maxi passing Close Body Jeep Model not more than three months old for 3 years & 12 Hrs.(4+1) Person for Lab Section under Rural Division, Ankleshwar",1724400.00,17-08-2026 18:00:00,,,no,"Tender is for hiring diesel vehicles for transport, unrelated to surgical or diagnostic products."
31,333207,JAM-41/08-2026,MGVCL-Jambuva Division Tender Id :333207,Annual Rate Contract for providing outsource labours for Repairing of Various rating (5KVA to 500 KVA) Distribution Transformers having CRGO & Amorphous core on rating wise Fixed rate at in-house repairing center at Jambuva Division or any suitable place of jambuva division area under Baroda (O&M) Circle of MGVCL,2981545.00,31-08-2026 16:00:00,,,no,Hard-reject: civil/electrical-infra signal 'distribution transformer' — not a Meril product.
32,332380,MDCMPUL/2026-27/69/DHD/ ARC for Supply of Ultra and Aqua snap ATP Surface and Water Test Swab,DAIRIES-Dudhsagar Dairy Tender Id :332380,ARC for Supply of Ultra and Aqua snap ATP Surface and Water Test Swab at Dudhmotisagar Dairy-Dharuhera,1600000.00,27-08-2026 17:00:00,,,no,"The tender is for ATP surface and water test swabs for a dairy, which are not among Meril's surgical or diagnostic product lines."
33,332562,ACE(P&C)/Contract/E-503/TL/66kV/S&E,GETCO-Gujarat Energy Transmission Corporation Limited vadodara Tender Id :332562,"Supply, Erection, testing & commissioning of 66kV D/C Becharaji-Vithalapur line on M/C Tower with ACSR Panther Conductor (AP-14 to AP-34) 11.86Rkm Under KSY Scheme.",126591627.97,03-09-2026 16:00:00,,,no,"The tender concerns electrical power line supply and erection, unrelated to medical or diagnostic products."
34,333035,NIT-50 of 2025-26,R&B-Kheda R&B Division Nadiad Tender Id :333035,"Consultancy Services for Third Party Inspection, Quality Assurance & Technical Audits Services for Various Ongoing Roads & Bridges Projects in Kapadwanj Taluka (District Kheda)",9881500.00,24-08-2026 18:00:00,,,no,"Tender is for civil infrastructure consultancy on roads and bridges, unrelated to medical or diagnostic products."
35,333053,04/2026-27,NAGARPALIKA-Vyara Nagarpalika Tender Id :333053,"Repairing, Renovation and Upgradation Work Of Existing SWIMMING POOL For Vyara Nagar Palika, Vyara, Dist: Tapi. ( with 3 year maintnace grantee period ) under SJMMSVY 2025-26",22262590.00,29-08-2026 18:00:00,,,no,"The tender is for swimming pool renovation and maintenance, which is a civil construction project unrelated to surgical or diagnostic products."
36,333198,UGVCL/TALOD DO/WORKS /2026-27/29,UGVCL-Talod Division Tender Id :333198,Tender for hiring of Articulated Hydraulic Elevating Platform Mounted on Vehicle For Talod-1 Sdn Under Talod Division.,3000000.00,20-08-2026 16:00:00,,,no,"The tender is for hiring a hydraulic elevating platform, which is unrelated to surgical or diagnostic products."
37,333187,AND/ARC/TRC/2026-27/231914,MGVCL-Anand(O and M)Division Office Tender Id :333187,Annual Rate Contract for providing outsource labours for Repairing of Various rating (5KVA to 500 KVA) Distribution Transformers having CRGO & Amorphous core on rating wise Fixed rate at Anand RSO compound (V V Nagar SS compound) or any suitable location under Anand (O&M) Division of MGVCL,2516503.00,01-09-2026 16:00:00,,,no,Hard-reject: civil/electrical-infra signal 'distribution transformer' — not a Meril product.
38,333158,DGVCL/VALSAD-CITY DO/E-TENDER/2026-27/27,DGVCL-City Division Valsad Tender Id :333158,"Dismantling of existing HT, LT & TC & Erection with maintenance & supply, laying, testing & commissioning of 11/22 KV underground cable under (Gujarat wire free city mission) SI scheme & other various scheme under Valsad East, Coastal, Nanakwada and other sub- division under valsad city Division. (Time Limit- six Months)",2950000.00,19-08-2026 18:10:00,,,no,"The tender is for electrical and civil work involving underground cables, which does not match any Meril Endo or Diagno products."
39,333159,01 of 2026-27,R&B-Panchayat - Navsari Tender Id :333159,"MMGSY : Year 2025-26 (ET to BT) (Resurfacing) Construction of Ambheta main Road to Ashramshala Joining Road (VR-NP) Ta.Gandevi, Dist.Navsari (km 0.3)",1490103.08,24-08-2026 18:00:00,,,no,"The tender is for road resurfacing construction, which is civil work unrelated to surgical or diagnostic products."
40,333136,TCNS/TR/ET-95/2026-27,GETCO-GETCO Transmission Circle Office - Navsari Tender Id :333136,"Survey, Design, Supply, Installation, Commission and maintenance of Solar PV System for 5 years as a rooftop at Control Room terrace of various Substation of Vapi AM Division - Pkg II under Navsari Circle.",9240934.90,25-08-2026 16:00:00,,,no,Hard-reject: civil/electrical-infra signal 'substation' — not a Meril product.
41,333155,RFP No. GMDC/GEO/06/2026,GMDC-Purchase Tender Id :333155,"Supply, Installation, Testing, Commissioning and Demonstration of Centrifuge Machine, Vibratory Cup Mill, Hydraulic Core Splitter, Jaw Crusher and Pulveriser At Copper Project Ambaji & Fluorspar Project Kadipani GMDC Ltd.",,25-08-2026 18:00:00,,,no,"The tender involves mining and processing equipment (centrifuge, crushers, mill) unrelated to surgical or diagnostic products."
42,333105,DMC/PPG/03/2026-27 Work No.06,SMC-Surat Mahanagar Seva Sadan Tender Id :333105,Horticultural Development and Maintenance work at Draft T.P.S. No. 29 (Vesu-Rundh-Magdalla) Shahid Smarak-Shaurya Smarak in South West Zone. (Phase-III) (10th Attempt),8629910.00,17-08-2026 18:00:00,,,no,"The tender is for horticultural development and maintenance, unrelated to surgical or diagnostic products."
43,331039,MDCMPUL/2026-27/072/DHD/ Replacement of Resin,DAIRIES-Dudhsagar Dairy Tender Id :331039,"Supply and Installation of Resin in WTP at Dudhmotisagar Dairy, Dharuhera",600000.00,25-08-2026 17:00:00,,,no,"The tender is for supplying and installing resin for a water treatment plant at a dairy, which is unrelated to surgical or diagnostic products."
44,333076,10 of 2026-27,R&B-Morbi Division Tender Id :333076,"Repairing/Renovation of I.T.I Building at TANKARA, Dist. Morbi ( By providing Ots Sheet Rooftop, General Plumbing, Vitrified Tiles, Plaster, color, Door-Window etc.)",2940552.65,25-08-2026 18:00:00,,,no,"The tender is for building renovation and construction work, not medical or diagnostic products."
45,333138,UGVCL/TALOD DO/ TENDER/2026-27/26,UGVCL-Talod Division Tender Id :333138,TENDER FOR HIRING OF CLOSED BODY JEEP DIESEL BOLERO NON AC VEHICLE HAVING JEEP/TAXI/MAXI PASSING WITH DRIVER AT Choila SDN UNDER TALOD DIVISION.,1893612.00,20-08-2026 16:00:00,,,no,"The tender is for hiring a diesel jeep vehicle, which is unrelated to surgical/endosurgery or diagnostic products."
46,331034,MDCMPUL/2026-27/070/DHD/Yogurt FFS Machine spares,DAIRIES-Dudhsagar Dairy Tender Id :331034,Supply of spares for FFS Machine in Yougurt Section at Dudhmotisagar Dairy - Dharuhera.,5000000.00,25-08-2026 17:00:00,,,no,"The tender is for spare parts of a dairy FFS (filling, sealing) machine, unrelated to medical or diagnostic products."
47,333135,01 of 2026-27,R&B-Panchayat - Navsari Tender Id :333135,"MMGSY : Year 2025-26 (ET to BT) Construction of Undach Vaniya Faliya Luhar Faliya to NH Joining Main Road to Arogya Center Joining Road (VR-NP) km 0/0 to 0/2 Ta.Gandevi, Dist.Navsari",816182.01,24-08-2026 18:00:00,,,no,"The title describes a road construction project, which is unrelated to surgical or diagnostic products."
48,331036,MDCMPUL/2026-27/071/ Civil Ubkhal boiler house modification,DAIRIES-Dudhsagar Dairy Tender Id :331036,"Civil construction, modification, repair and demolition work required for installation of new boiler in the existing boiler house at Cattle Feed Plant- Ubkhal.",840000.00,25-08-2026 17:00:00,,,no,"The tender is for civil construction and boiler installation at a cattle feed plant, unrelated to medical/surgical or diagnostic products."
49,333116,Unit Price Rate Asphalt Road,NAGARPALIKA-Godhara Nagarpalika Tender Id :333116,Asphalt road and C.C.road (Petchwork) work from Various area at Godhra,,18-08-2026 18:00:00,,,no,Hard-reject: civil/electrical-infra signal 'asphalt' — not a Meril product.
50,333016,Tender Notice No 07 of 2026-27,NWR-Sabarkantha Irrigation Division - Himatnagar Tender Id :333016,Providing consultancy service for Lift Irrigation Project for feeding various tank of Khedbrahma Taluka from Dharoi reservoir Project Ta.Khedbrahma Dist.S.k,2652000.00,24-08-2026 18:10:00,,,no,"The tender is for consultancy services on a lift irrigation project, which is unrelated to surgical or diagnostic products."
1,333124,UGVCL/TALOD DO/WORKS /2026-27/25,UGVCL-Talod Division Tender Id :333124,Tender for Hiring of vehicle Closed Body Jeep Diesel Bolero Non AC Vehicle Having Jeep/Taxi/Maxi Passing with Driver at Dhansura MMG sdn Under Talod do.,1893612.00,20-08-2026 16:00:00,,,no,"The title refers to hiring a diesel Jeep vehicle, which is unrelated to surgical or diagnostic products."
2,333120,01 of 2026-27,R&B-Panchayat - Navsari Tender Id :333120,"MMGSY Earthan to BT 2025-26. Const. of Various Roads in Vansda Taluka Package No. 35 Total 2 road 2.050 km. 1.Construction of Ambabari School faliya to Nava faliya road Sec-I 0/0 to 1/100, Sec-II 0/0 to 0/350, 2.Construction of Nanibhamti main road to Primary School and Primary Health Center joining road Ch 0/0 to 0/600.",12442441.95,24-08-2026 18:00:00,,,no,"The tender is for construction of various roads and a school, which is civil infrastructure and unrelated to medical or diagnostic products."
3,315982,MDCMPUL/2026-27/049/DMD Bore well,DAIRIES-Dudhsagar Dairy Tender Id :315982,"Drilling of new Borewell at Dudhmansagar Dairy, Manesar",1600000.00,25-08-2026 17:00:00,,,no,"The title refers to drilling a borewell, which is civil/irrigation work unrelated to surgical or diagnostic products."
4,332887,Tender Notice 6 Year 2026-2027,NWR-Kachchh Irrigation Division Tender Id :332887,Providing Pipeline in watercourse near 10 No. Kundi of Gajod Medium Irrigation Scheme in Mundra Taluka of Kachchh District,2539530.84,24-08-2026 18:00:00,,,no,"The tender concerns civil irrigation pipeline work, which is unrelated to Meril's surgical or diagnostic product lines."
5,333125,284-5/26-27,VMC-Vadodara Mahanagar Seva Sadan Tender Id :333125,"Tender for Selection of Service Provider for Security Services by deploying required number of security personnel (Ex-Serviceman) to Safeguard, monitor & maintain security at Offices/ locations / Vital installations for One Years Vadodara Municipal Corporation, Vadodara.",60000000.00,31-08-2026 16:00:00,,,no,"Tender is for security personnel services, not medical/surgical or diagnostic products."
6,333118,01/ General Stores / VSGH/2026-27,AMC-Vadilal Sarabhai General Hospital Tender Id :333118,Supply / Providing of General and Sanitation Items For Two Years on Rate Contract Base,1800000.00,17-08-2026 15:00:00,,,no,"The tender is for general and sanitation items, which do not match Meril's surgical or diagnostic product ranges."
7,332980,2026-2027 & 2027-2028,GCRI-General Store Tender Id :332980,Re-Tender Document For Rate Contracts for Petty Supply For the year 2026-2027 & 2027-2028,8700000.00,20-08-2026 17:00:00,,Unknown,proceed_futher,"The title mentions generic petty supplies, which could include medical consumables but is not specific to Meril's product range."
1,334567,09 OF 2026-27,R&B-Panchayat Division Tapi,"New Gujarat Pattern 2024-25 Construction of Shed for Washing and Drying Clothes Proposed at Aaradhna Chatralay, Gunsada and Providing and Supplying Furniture and TV for Boys Dinning Hall at Gunasda Fram , Ta: Songadh Dis: Tapi.",1403138.73,19-08-2026 18:00:00,,,no,"The title refers to construction, furniture and TV supply, not medical or diagnostic products."
2,334565,07/2026-27 (2nd Try),R&B-Panchayat -Nadiad,"Construction of Nandghar (Anganvadi) Building at Boradi-1 Village Boradi (Thasra-1), Ta:Thasra, Dist:Kheda",1294788.01,21-08-2026 18:00:00,,,no,"The tender is for construction of a building, unrelated to medical, surgical, or diagnostic products."
3,334374,MRMC/0269/08/2026(1),MMC-Morbi Municipal Corporation,Lohanapara Heritage Precinct- Street Development Morbi,42015236.00,27-08-2026 18:00:00,,,no,"The title refers to a street development civil construction project, unrelated to medical or diagnostic products."
4,334547,Muni./Seni./1098,NAGARPALIKA-Veraval - Patan Joint Municipality,WORK OF DOOR TO DOOR SOLID WASTE COLLECTION AND COLLECTION OF SOLID WASTE FROM DESIGNATED POINTS ACROSS WARDS 1 TO 11 OF THE VERAVAL-PATAN JOINT MUNICIPALITY,45000000.00,03-09-2026 18:00:00,,,no,"Tender concerns municipal solid waste collection, unrelated to surgical or diagnostic products."
5,334537,96/2026,GETCO-GETCO Transmission Circle Office - Gondal,"Annual rate of contract for Construction of various foundation, FP wall & misc. civil works at various ss for year 26-27 under Rajkot AM division under Gondal Circle",1999142.32,01-09-2026 16:00:00,,,no,"The title describes construction and civil works, which are unrelated to Meril's surgical or diagnostic products."
6,334527,DMC/SEZ/03/2026-27 work no.22,SMC-Surat Mahanagar Seva Sadan,"Request for proposal (RFP) for operation, management & maintenance of Floral Garden on Public Private Partnership (P.P.P.) basis in South East (Limbayat) Zone, Surat.",,29-08-2026 18:00:00,,,no,"The tender concerns operation and maintenance of a floral garden, which is unrelated to medical, surgical, or diagnostic products."
7,334548,TENDER-11/2026-27,NAGARPALIKA-Mahemdabad Nagarpalika,Purchasing work Panel Board of For Water Works Department under Mahemdavad nagarpalika Nagarpalika.,510597.00,19-08-2026 18:00:00,,,no,"The title refers to a water works panel board, a civil infrastructure item with no medical or diagnostic context."
8,334510,DMC/SEZ/03/ 2026-27 WORK NO.21,SMC-Surat Mahanagar Seva Sadan,"Request for proposal (RFP) for operation, management & maintenance of Chhath Sarovar Garden on Public Private Partnership (P.P.P.) basis in South East (Limbayat) Zone, Surat.",,29-08-2026 18:00:00,,,no,"The tender is for operation, management, and maintenance of a garden, which is unrelated to medical or diagnostic products."
9,334554,NTC/CM-2/SOLAR/AUG-2026/161,GETCO-GETCO Transmission Circle Office - Nadiad,"Survey, Design, Supply, Installation, Commission and maintenance of Solar PV System for 5 years as a rooftop at 66kV Borsad, Cambay, Nar Group Sub Stations under Karamsad AM Division under Nadiad circle. (PKG-2)",7972473.00,25-08-2026 16:00:00,,,no,"The tender is for a solar photovoltaic system installation and maintenance, unrelated to medical or diagnostic products."
10,334555,Notice No.11 of 2026-27,NWR-SIPU Project Dn. Palanpur,Slope Clearance Work of Sujalam Sufalam Spreding Canal From Ch. 322.240 to 337.525 Km.,4719202.90,27-08-2026 18:00:00,,,no,"The title describes civil engineering slope clearance for a canal, unrelated to medical or diagnostic products."
11,334539,NTC/CM-2/SOLAR/AUG-2026/160,GETCO-GETCO Transmission Circle Office - Nadiad,"Survey, Design, Supply, Installation, Commission and maintenance of Solar PV System for 5 years as a rooftop at 66kV Anand, Petlad, Mogar, Vasad Group Sub Stations under Karamsad AM Division under Nadiad circle. (PKG-1).",8441442.00,25-08-2026 16:00:00,,,no,"The title is about solar PV system installation and maintenance, unrelated to medical or diagnostic products."
12,334533,07/2026-27 (2nd Try),R&B-Panchayat -Nadiad,"Construction of Nandghar (Anganvadi) Building at Himmat Nagar Village Himmat Nagar Lat (Thasra-1), Ta: Thasra, Dist:Kheda",1294788.01,21-08-2026 18:00:00,,,no,"The title refers to construction of a building, which is unrelated to surgical or diagnostic products."
13,334497,798/3/2026-27,NAGARPALIKA-Kadi Nagarpalika,"Construction Work for Chanpaben Ratilal patel Town Hall at 10 to 12 passenger Lift for Kadi NagarPalika, District: Mehsana. ( SJMMSVY UDP-88 2023-24 )",2387693.00,24-08-2026 18:00:00,,,no,"The title refers to construction work for a town hall lift, which is unrelated to surgical or diagnostic products."
14,334505,Tender Notice 2026-2027,NAGARPALIKA-Halol Nagar Seva Sadan,"Resurfacing of different road at HALOL Nagarpalika Different Area At HALOL,Dist: PANCHMAHAL ,Under Road Resurfacing Grant Year 2026-27",0.00,21-08-2026 18:00:00,,,no,Hard-reject: civil/electrical-infra signal 'road resurfacing' — not a Meril product.
15,334503,Lunawada/Tender/2026/157,MGVCL-Lunawada (O&M) Division,"Annual Rate Contract for providing outsource labours for Repairing of Various rating (5KVA to 500 KVA) Distribution Transformers having CRGO & Amorphous core on rating wise Fixed rate at in-house repairing center, Lunawada Division under Godhara (O&M) Circle of MGVCL",2994654.74,31-08-2026 16:00:00,,,no,Hard-reject: civil/electrical-infra signal 'distribution transformer' — not a Meril product.
16,334490,04 of 2026-27,GMB-Gujarat Maritime Board Surat,Maintenance & Repairs to Administrative Office Building at Surat.(2nd attempt),1234083.06,27-08-2026 18:00:00,,,no,"The title concerns building maintenance and repairs for an administrative office, with no medical, surgical, or diagnostic relevance."
17,334430,SK 5 FOR 2026-2027 SN 1,R&B-Mehsana Division,"2059 Outsorcing at Executive Engineer office R&B Division Mehsana ( Supply of Serrper, Chowkidar , Peon, Office Assistant Cum Computer Operator )",4011151.61,20-08-2026 18:00:00,,,no,"The tender concerns staffing (security guard, caretaker, peon, office assistant), not medical or diagnostic products."
18,334482,01 of 2026-27,NAGARPALIKA-Ankleshwar Nagarpalika,Hiring of service provider for User Charges Collection from Vendor (Hawkers) Zones and Enforcement of Penalties as per municipal bye laws for violating the rules and regulations (8th Call),,21-08-2026 18:00:00,,,no,"The title concerns hiring a service provider for user charges collection and penalty enforcement, unrelated to medical, surgical, or diagnostic products."
19,334476,STC-114-2026,"GETCO-GETCO Circle Office, Surendranagar",Replacement of Damaged Double Tension SRI Loc. No-187 & 188 of 400 KV Vadavi Mansar Line in Railway crossing portion in Jurisdiction of AM Div. Viramgam.,286815.52,03-09-2026 16:00:00,,,no,"The title concerns railway power line infrastructure repair, not medical or diagnostic products."
20,334484,11-2026-27,NAGARPALIKA-Mahemdabad Nagarpalika,Purchasing work Dewatering Pump at Mahemdavad Nagar palika Mahemdavad,61728.00,19-08-2026 18:00:00,,,no,"The title refers to a dewatering pump, which is unrelated to medical, surgical, or diagnostic products."
21,334352,15 of 2026-27,R&B-Panchayat (R&B) Division - Rajpipla,Resurfacing and Strengthening of Various Roads of Dediapada under Package No-04 (Total-02 Road 3.00 Km Length) District-Narmada,12254528.19,31-08-2026 18:10:00,,,no,"The tender concerns road resurfacing and strengthening, which is a civil construction activity unrelated to medical or diagnostic products."
22,334469,TCAL/CMC/CIVIL/234/2025-26 (3rd Attempt),"GETCO-GETCO Circle Office, Amreli",Construction of Toilet Block at 220Kv Sintex SS under GETCO AM DN Savarkundla and Circle Office Amreli.,984533.77,01-09-2026 18:00:00,,,no,"The title refers to construction of a toilet block, a civil infrastructure project unrelated to surgical or diagnostic products."
23,334471,04 of 2026-27,GMB-Gujarat Maritime Board Surat,Annual Maintenance & Repairs to various Assets of GMB at surat (2nd attaempt),1206031.90,27-08-2026 18:00:00,,,no,"The title refers to generic maintenance and repairs of assets, with no medical, surgical, or diagnostic context."
24,334477,2026-27/HTC / 41,GETCO-GETCO Transmission Circle Office - Himatnagar,"Tender for Work of Survey, Design, Supply, Installation, Testing, commissioning with Comprehensive Maintenance contract of 5 years for Solar Rooftop projects at Idar AM Division Various locations under Himatnagar TR. Circle",12662163.00,24-08-2026 16:00:00,,,no,"The tender is for solar rooftop design, installation, and maintenance, which is unrelated to medical, surgical, or diagnostic products."
25,334351,15 of 2026-27,R&B-Panchayat (R&B) Division - Rajpipla,Resurfacing and Strengthening of Various Roads of Dediapada under Package No-03 (Total-03 Road 3.700 KM Length) District-Narmada,17811405.61,31-08-2026 18:10:00,,,no,"The title concerns road resurfacing and strengthening, which is civil infrastructure unrelated to surgical or diagnostic products."
26,334443,TCJND/2026-27/N-57,"GETCO-GETCO TR. Circle Office, Junagadh","Bi annual up keeping and housekeeping of Control Room, Switch Yard and adjoin office area at 220 Kv Keshod Sub Station of Keshod AM Division under Junagadh Circle",1084756.11,02-09-2026 16:00:00,,,no,"The tender is for housekeeping of an electrical sub‑station, unrelated to medical, surgical, or diagnostic products."
27,334461,06/2026-27 (2nd attempt),GWSSB-P.H. Works DN. Veraval - Gir Somnath,Demolition of Staff Quarters at Ghantwad HW of Kodiar Group W.S.S. under M & R to Kodinar Group W.S.S. (2nd attempt),47032.00,20-08-2026 18:00:00,,,no,"The tender is for demolition of staff quarters, a civil work unrelated to surgical or diagnostic products."
28,334350,15 of 2026-27,R&B-Panchayat (R&B) Division - Rajpipla,Resurfacing and Strengthening of Various Roads of Dediapada under Package No-02 (Total-02 Road 3.00 KM Length) District-Narmada,12291054.03,31-08-2026 18:10:00,,,no,"The tender concerns road resurfacing and strengthening, which is civil construction work unrelated to medical or diagnostic products."
29,334457,DMC/Drainage/04/2026-27,SMC-Surat Mahanagar Seva Sadan,"Expression of Interest (EOI) for the Selection of Agency for the Scientific Processing, Resource Recovery, and Sustainable Utilization of Dewatered Sewage Sludge (Digested and Non-Digested) up to 300 TPD into Class A OR Class B Biosolids, Energy Recovery, Construction Material in compliance with the National Guidelines on Sewage Sludge Management-2026 and other applicable Environmental Laws and Regulations for a Period of 10 Years (Extendable up to further 10 Years)",,02-09-2026 18:00:00,,,no,"The tender concerns sewage sludge processing and construction material, unrelated to medical/surgical or diagnostic products."
30,334446,03 of 2026-27 (3rd Attempt),R&B-Gujarat High Court (RnB) Sub Dn -1,"S.R. to Gujarat State Judicial Academy, Gujarat High Court at Sola, Ahmedabad. (Providing Emblem at Entrance of Admin Building Informatorily board Signages Board and Misc. Work in the Campus of Gujarat State Judicial Academy.)",420498.75,19-08-2026 18:00:00,,,no,"The tender is for emblems, signboards and miscellaneous campus work, not medical or diagnostic products."
31,334166,BVNC/Tech-1/TN- 16/2026,PGVCL-City1 Division - Bhavnagar,Tender for Supply of DPC wire-1 for Transformer Repairing Unit at New Bunder Road Bhavnagar. as per attached schedule B,300000.00,25-08-2026 18:00:00,,,no,"The title concerns DPC wire for a transformer repairing unit, which is unrelated to medical/surgical or diagnostic products."
32,334451,06 of 2026-27,R&B-R&B Electrical Dept. Rajkot,Addition and Alteration to E.I. Switchgears in Mamlatdar office at Dwarka Dist: Devbhoomi Dwarka (Job No. DDK/Raj/SR/NR/2025-26/01),1048836.52,27-08-2026 16:00:00,,,no,"The tender concerns electrical switchgear installation in an office, unrelated to medical/surgical or diagnostic products."
33,334458,7 of 2026-27,"SSNNL-SBC Dn. No. 1/3, Kadi",Maintenance & Repair work of Pre-Cast Sub Division Building Block No 1 & 4 for the office of Superintending Engineer N P C Circle No 4 for the Year 2026-27 (2nd attempt).,1599176.28,19-08-2026 18:00:00,,,no,"Title refers to building maintenance and repair, unrelated to medical or diagnostic products."
34,334418,16 of 2026-27,R&B-Patan,Construction Of B-Type (5unit) & C-Type (5 unit) Staff Quarters At-Varahi Ta- SantalpurDist-Patan,68930365.20,27-08-2026 18:00:00,,,no,"The tender is for construction of staff quarters, which is unrelated to surgical or diagnostic products."
35,334349,15 of 2026-27,R&B-Panchayat (R&B) Division - Rajpipla,Resurfacing and Strengthening of Various Roads of Dediapada under MMGSY 2026-27 Package No-01 (Total-02 Road 3.40 KM Length) District-Narmada,14130768.82,31-08-2026 18:10:00,,,no,"The tender is for road resurfacing and strengthening, unrelated to medical, surgical, or diagnostic products."
36,334440,7 of 2026-27,"SSNNL-SBC Dn. No. 1/3, Kadi",Cleaning of Boundary gutter from Ch.33.050 km of Saurashtra Branch Canal till Viramgam Drain and De-silting of super passage at Ch.34.950 km of Saurashtra Branch Canal,1588968.90,19-08-2026 18:00:00,,,no,"The tender involves cleaning and de‑silting of a canal, which is civil/irrigation work unrelated to surgical or diagnostic products."
37,334437,Notice No.3 Of 2026-27. Sub Division No.10,"R&B-Capital Project Division No.3, Gandhinagar","2215 Water supply and sanitation. - (101) Gandhinagar Water supply Scheme Dismentaling, Reconstruction and Renovation of the Pump House at Sector No.14 Garden in Gandhinagar Township.",201948.16,20-08-2026 17:00:00,,,no,"The title pertains to water supply and pump house reconstruction, which is civil infrastructure and unrelated to medical or diagnostic products."
38,334436,"ACE & I/C CE/BRIDGE/03/2026-27,WORK NO.02",SMC-Surat Mahanagar Seva Sadan,"Repairing of Potholes on wearing coat in various bridges in (CZ, SWZ, SEZ, SZ-A and SZ-B) Surat City. (Work No.02)",3080660.39,21-08-2026 18:00:00,,,no,"The tender is for bridge pothole repairs, a civil infrastructure work unrelated to medical or diagnostic products."
39,334433,MTC/082026/n-57,GETCO-GETCO Transmission Circle Office-Mehsana,"Hiring of Diesel Driven, Non Air-Conditioned, Minimum 9 Seater close body SUV Vehicle along with Driver for 12 Hrs./Day and 3000 KM/Month for period of two years for 66kV Nandasan Group S/s of Chhatral AM Division under Mehsana Circle",1309320.00,02-09-2026 16:00:00,,,no,"The tender concerns hiring a diesel SUV vehicle, which is unrelated to surgical/endosurgery or diagnostic products."
40,334429,06 of 2026-27,R&B-R&B Electrical Dept. Rajkot,Replacing Old & u/s Transformer and Arm.Al Cable in HT Sub Station at Jilla Seva Sadan - 2 Rajkot (2nd try),1862249.11,27-08-2026 16:00:00,,,no,"The tender concerns replacement of transformers and cables in a high‑tension sub‑station, unrelated to medical or diagnostic products."
41,334426,"DMC/Drainage/03/2026-27,Work No.-25",SMC-Surat Mahanagar Seva Sadan,"PROVIDING, SUPPLYING, LOWERING & LAYING OF INTEGRATED MS GRAVITY MAIN DISPOSAL PIPELINE FOR CONVEYING OF TREATED SEWAGE FROM F.P. NO. 332 AND 327, TP-84 STP TO TREATED WATER PUMPING STATION AT F.P. 105, T.P. 37 (VARIYAV), SURAT MUNICIPAL CORPORATION (PART-B).",1925115746.56,10-09-2026 18:00:00,,,no,"The title describes civil sewage pipeline work, unrelated to medical or diagnostic products."
42,334410,"ACE /WZ / 06 / 2026-27, W.NO.04",SMC-Surat Mahanagar Seva Sadan,"Providing Project Management Consultancy for the work of Revamping Of Sanjeevkumar Auditorium At T.P. No. 14 (Pal) F.P No. 154/155 in West (Rander) Zone, Surat.",,24-08-2026 18:00:00,,,no,"The title concerns project management for auditorium revamping, unrelated to medical, surgical, or diagnostic products."
43,334409,BDC/Gift/2026-27/01,Co-operative Banks-The Banaskantha District Central Co-operative Bank Ltd,Tender for Sabhasad Bhet,,25-08-2026 15:00:00,,,no,"The title contains no medical, surgical, or diagnostic terms and appears to be a generic meeting-related tender."
44,334413,"DMC/Drainage/03/2026-27,Work No.-24",SMC-Surat Mahanagar Seva Sadan,"PROVIDING, SUPPLYING AND LAYING OF 2235 MM OD AND 17.5 MM TH. MS RISING PIPELINE FROM PROPOSED TWPS AT F.P. 105, TP-37 (VARIYAV) TO TENA KHADI, SURAT MUNICIPAL CORPORATION.",1375471351.70,10-09-2026 18:00:00,,,no,"The tender concerns supplying and laying a steel pipeline for a municipal corporation, unrelated to surgical or diagnostic products."
45,334397,"DMC/Drainage/03/2026-27,Work No.-23",SMC-Surat Mahanagar Seva Sadan,"CONSTRUCTION OF 814 MLD CAPACITY TREATED WATER PUMPING STATION AT F.P. 105, T.P. 37 (VARIYAV), SURAT MUNICIPAL CORPORATION.",242766127.28,10-09-2026 18:00:00,,,no,"The tender is for construction of a water pumping station, unrelated to medical or diagnostic products."
46,334391,DMC/SZ-B/05/2026-2027 Work no.03,SMC-Surat Mahanagar Seva Sadan,PROVIDING AND MAKING FURNITURE FOR HEALTH CENTER BUILDING AT MOJE: GABHENI R.S.NO-218 IN SOUTH ZONE-B(KANAKPUR) SURAT.,3481526.79,24-08-2026 18:00:00,,,no,"Tender is for providing and making furniture for a health center building, which is not a Meril Endo or Diagno product."
47,334387,77 /2026,R&B-Panchayat Division Morbi,"Resurfacing of Village Road to Anandpar Approach Road, Km. 0/0 to 0/60 Tal : Wankaner, Dist : Morbi (Under MMGSY (BUJ) Yojna Year 2023-24) ( 18th attempt)",2079772.34,20-08-2026 18:00:00,,,no,"The title pertains to road resurfacing, a civil construction project, not medical or diagnostic products."
48,334386,DMC/SZ-B/05/2026-2027 Work no.06,SMC-Surat Mahanagar Seva Sadan,"Repairing and Maintanance work of footpath in DTP-59 (Unn), DTP-67 (Jiav-Sonari-Gabheni),Moje Gabheni,Budiya,Dipli,Sonari,Jiav of South Zone-B (Kanakpur) (2nd Attempt)",3741758.40,24-08-2026 18:00:00,,,no,"The title refers to civil footpath repair and maintenance, unrelated to medical or diagnostic products."
49,334357,ET-6353-N,"GSECL-Thermal Power Station, Ukai","Design, Engineering, Manufacture, Supply, Erection, Testing & Commissioning of 6.6 kV Indoor Metal-Clad Draw-out Type VCB Panels for Replacement of Existing Switchgear at Ukai TPS. (EMD-5ET-6353-N)",,09-09-2026 18:30:00,,,no,"The tender concerns design and supply of electrical switchgear panels, which are unrelated to Meril's surgical or diagnostic product lines."
50,332884,ET-288,"GSECL-Thermal Power Station, Gandhinagar",Supply of GI Coated heavy duty MS Grill at BMD Gandhinagar TPS.,,02-09-2026 18:00:00,,,no,"The title refers to a GI coated heavy duty MS grill, which is a kitchen/cooking equipment unrelated to medical or diagnostic products."
1,331822,ET-283,"GSECL-Thermal Power Station, Gandhinagar",Supply of Bonnet Seal Ring & Spiral Wound Gasket Joint for BMD at GTPS.,,02-09-2026 18:00:00,,,no,"The title refers to industrial seal rings and gasket joints, which are not medical/surgical or diagnostic products."
2,333564,09 (2026-27),R&B-Panchayat Palanpur Division,"Empanelment of Consultant for Surveying, Designing, Preparing Estimate & SBD for Road, Building & Bridge Works under R&B (Panchayat) Circle, Gandhinagar",,24-08-2026 18:00:00,,,no,"The tender concerns civil engineering services for road, building, and bridge works, unrelated to medical or diagnostic products."
3,334251,05/01 OF 2026/2027,R&B-J.C. Elect. Sub Dn. Ahmedabad,"Renovation to E.I in offices at Various Floors of Bachat Bhavan , Relief Road , Ahmedabad [2ND ATTEMPT]",979262.17,19-08-2026 16:00:00,,,no,"The tender involves office renovation work, not medical or diagnostic products."
4,334348,15 of 2026-27,R&B-Panchayat (R&B) Division - Rajpipla,MMGSY Year (2025-26) Construction of High Level Major Bridge on Andu Approach Road at ch.0/400 Ta-Dediapada Dist-Narmada,38220210.00,31-08-2026 18:10:00,,,no,"The title is about bridge construction, which is unrelated to medical, surgical, or diagnostic products."
5,334347,15 of 2026-27,R&B-Panchayat (R&B) Division - Rajpipla,MMGSY Year (2025-26) Construction of High Level Major Bridge on Mahupada Sajanvav Road at ch.0/20 to 0/40 Ta-Sagbara Dist-Narmada,52408690.69,31-08-2026 18:10:00,,,no,"The tender is for bridge construction, which has no medical, surgical, or diagnostic relevance to Meril's product lines."
6,334346,15 of 2026-27,R&B-Panchayat (R&B) Division - Rajpipla,Construction of CC Pavement on Bhadam Lachharas Road (MDR) Km.0/000 to 1/010 Ta-Nandod Dist-Narmada Under Suvidhapath Yojana (2025-26-Trible),11772400.29,31-08-2026 18:10:00,,,no,"The title is for road construction pavement work, unrelated to medical or diagnostic products."
7,334115,2026-27/62/06,PIU-Project Implementation Unit,Dismentling of particular material of Fire safety Equipment for Old CHC Building at Umreth ta. Umreth in Dist: - Anand. (Reinvited),653350.00,31-08-2026 18:00:00,,,no,"The tender concerns dismantling fire safety equipment in a building, unrelated to medical, surgical, or diagnostic products."
8,334098,2026-27/62/05,PIU-Project Implementation Unit,"Reparing & Renovation of Gujarat Ayurved Vikas Mandal, Odhav, Ahmedabad.",7837616.00,31-08-2026 18:00:00,,,no,"The title refers to building repair and renovation, not to medical or diagnostic products."
9,334086,2026-27/62/04,PIU-Project Implementation Unit,"Annual Rate Contract Of Civil Works of various Health Care Facilities Ta: Harij, Sami, Sankheshwer, Radhanpur & Santalpur in Dist:- Patan.",,31-08-2026 18:00:00,,,no,"The tender is for civil construction works at health facilities, not for surgical or diagnostic products."
10,333953,2026-27/62/03,PIU-Project Implementation Unit,"Annual Rate Contract Of Civil Works For Health Care Facilities For GMERS Medical Hospital, SDH Siddhpur, Dethali Campus & DH Patan at Dist:- Patan.",,31-08-2026 18:00:00,,,no,"The tender is for civil construction works, which Meril does not supply."
11,333842,2026-27/62/02,PIU-Project Implementation Unit,"New Construction of PHC Building P. M. Room Compound Wall C.C. Road Electriccity, and Furniture at Ravad Ta. Sami District Patan.",15967246.00,31-08-2026 18:00:00,,,no,"The tender is for construction, road, electricity and furniture work for a PHC building, not for medical or diagnostic products."
12,333784,2026-27/62/01,PIU-Project Implementation Unit,"New Construction Of One Room At Shree Balva Gram Vikas Mandal Sanchalit Sarvajanik Hospital, Balva Ta:-Kalol Dist:- Gandhinagar.",805228.00,31-08-2026 18:00:00,,,no,"The title concerns construction of a hospital room, not procurement of medical or diagnostic products."
13,334337,14 of 2026-27,R&B-Panchayat (R&B) Division - Rajpipla,"Celebration of Rashtriya Ekta Diwas Function-2026 at Kevadiya Dist-Narmada ( Levelling, GSB, WMM & Other Misc Work at Various Place in Narmada District) (Deposit Work)",194871171.65,24-08-2026 18:10:00,,,no,"The title describes event celebration and civil works (levelling, GSB, WMM) with no medical or diagnostic context."
14,334342,NIVIDA 11 2026-27,R&B-Panchayat R&B Division - Rajkot,"Resurfacing of Valdhari to Patiyali Road (NP BT) Km.0/000 to 4/400 Ta.Gondal, Dist.; Rajkot (Package No.RAJ/MMGSY/BUJ/2026-27/P.09)",16067605.47,01-09-2026 18:00:00,,,no,"The title describes a road resurfacing civil construction project, unrelated to medical or diagnostic products."
15,334340,01 of 2026-2027,R&B-Panchayat R and B Division - Vadodara,"Construction of the Gadhdiya to Vadala village joining road, Ta.:- Savli, Dist.:- Vadodara",579847.60,20-08-2026 18:00:00,,,no,"The title refers to a road construction project, which is unrelated to surgical or diagnostic products."
16,334336,CME/Electrical/2732,DPA-Electrical Division,"Supply, installation, testing & commissioning of 30m High Masts for 50.95 Hectare & 35 Hectare areas including Comprehensive Annual Maintenance Contract for 5 Years after expiry of warranty period of 1 Year",287466340.00,02-09-2026 16:00:00,,,no,"The tender concerns high mast supply and installation, unrelated to surgical or diagnostic products."
17,334335,06 of 2026-2027,VUDA-Vadodara Urban Development Authority,"EMPANELMENT FOR TPI (THIRD PARTY INSPECTION) CONSULTANCY SERVICE OF VARIOUS TYPES OF ROADS, BRIDGES, AHM, RESIDENTIAL BUILDINGS, WATER SUPPLY, DRAINAGE, STORM WATER DRAINAGE AND OTHER INFRASTRUCTURE WORKS FOR VUDA.",,27-08-2026 16:00:00,,,no,"The title concerns infrastructure inspection services for roads, bridges, buildings, water supply and drainage, which are unrelated to medical, surgical, or diagnostic products."
18,334331,CME/Electrical/2727,DPA-Electrical Division,Improvement of the lighting arrangement in the existing cargo jetty area of DPA,142772720.00,01-09-2026 16:00:00,,,no,"The title concerns lighting improvements for a cargo jetty, which is unrelated to medical, surgical, or diagnostic products."
19,334334,06 of 2026-2027,VUDA-Vadodara Urban Development Authority,"EMPANELMENT FOR PROJECT MANAGEMENT CONSULTANCY INCLUDING PLANNING, DESIGNING, PREPARATION OF DPR AND IMPLEMENTATION FOR WATER SUPPLY, DRAINAGE AND STORM WATER DRAINAGE NEW CAPITAL PROJECTS AS WELL AS AUGMENTATION/ EXTENSION OF EXISTING WORKING SYSTEMS AND OTHER INFRASTRUCTURE WORKS FOR VUDA",,27-08-2026 16:00:00,,,no,"The tender concerns project management consultancy for water supply and drainage infrastructure, unrelated to medical or diagnostic products."
20,334261,06 of 2026-2027,VUDA-Vadodara Urban Development Authority,"EMPANELMENT FOR PROJECT MANAGEMENT CONSULTANCY FOR SERVICE OF VARIOUS TYPES OF ROADS, BRIDGES, AHM, RESIDENTIAL BUILDING, STREET LIGHTS AND OTHER INFRASTRUCTURE WORKS FOR VUDA.",,27-08-2026 16:00:00,,,no,"The tender concerns project management for roads, bridges and other infrastructure, which is unrelated to surgical or diagnostic products."
21,334217,09 of 2026-2027,R&B-Ahmedabad Medical Division,"S.R to Sola 372 Sarkari Vashahat, Sola, Ahmedabad ( Providing water proofing, Plaster Work, Colour work and other misc. work for Block No-1, 2, 3, 4, 5, 9, 13, 14, 15, 16, 17, 18, 22, 23, 24, 31)",2512237.58,25-08-2026 18:00:00,,,no,"The tender concerns waterproofing, plaster and paint work, which are construction services unrelated to medical or diagnostic products."
22,334302,07/2026-27,AMC-South West Zone,"PROPOSED PRIMARY SCHOOL BUILDING @ TP NO.: 84/A (SHARKHEJ), F.P. NO.: 92/2, SOUTH WEST ZONE, AHMEDABAD MUNICIPAL CORPORATION, AHMEDABAD.",93168218.02,31-08-2026 18:00:00,,,no,"The tender is for construction of a primary school building, unrelated to medical, surgical, or diagnostic products."
23,334162,09 of 2026-2027,R&B-Ahmedabad Medical Division,"S.R. to Renovation and Repairing of Mehsul Bhavan, Gota, Ahmedabad. (Plaster work, Colour work, Flooring work, plumbing work and other misc. work)",982692.35,25-08-2026 18:00:00,,,no,"The tender concerns building renovation and plumbing works, unrelated to medical or diagnostic products."
24,334311,BMC - ROAD / E-30/ 2026-27,BMC-Bhavnagar Municipal Corporation,Work of four lane Paver Road fulsar madhuvan soc. to sidsar road in chitra fulsar nari ward,20700000.00,07-09-2026 18:10:00,,,no,"The title describes road construction work, unrelated to medical or diagnostic products."
25,334268,BMC - ROAD / E-29/ 2026-27,BMC-Bhavnagar Municipal Corporation,Paver road and rubber molded paving block work on both sides of the road in Krishna Residency Society near 150 feet ring road in U. Sardarnagar-Tarasamiya ward,5716000.00,07-09-2026 18:10:00,,,no,"The title describes road paving and construction work, which is unrelated to Meril's surgical or diagnostic product lines."
26,334282,RMC20/NEHRUUDHYANTB/R0,RMC-Rajkot Municipal Corporation,"TOILET BLOCK AT NEHRU UDHYAN IN RAJKOT FOR RAJKOT MUNICIPAL CORPORAION, RAJKOT DIST : RAJKOT (3RD ATTEMPT)",3590000.00,21-08-2026 18:00:00,,,no,"Tender concerns construction of a toilet block, which is unrelated to Meril's surgical or diagnostic products."
27,334248,05/2026-27,CP-Social Forestry Division - Bhuj,"Inviting Tender For Empanelment of Agencies interested in Providing of Computer Service & items as per requirement for Social Forestry Division, - Kachchh.",,25-08-2026 16:54:00,,,no,"The tender is for computer services and items for a Social Forestry Division, unrelated to medical, surgical, or diagnostic products."
28,334253,MTC/082026/n-55,GETCO-GETCO Transmission Circle Office-Mehsana,"Survey, Design, Supply, Installation, Testing, commissioning with Comprehensive Maintenance contract of 5 years for Solar Rooftop projects at Various locations under Chhatral AM Division of GETCO, Mehsana Circle",8910411.00,25-08-2026 16:00:00,,,no,"The tender concerns solar rooftop design, supply, installation and maintenance, which is unrelated to medical/surgical or diagnostic products."
29,334254,GDR/ERECTION/2026-27/30,MGVCL-Godhra (O & M) Division,"Works Advertised Tender for Erection, Dismantaling and Maintenance of HT/LT and Transformer center and Kanelav Feeder or any other bifurcation Under ground work For Godhra East Sdn OR Any Other SDn Under Godhra O&M Division. Rates are inclusive of Supply of N B.",4999942.49,25-08-2026 16:00:00,,,no,"The title describes electrical and infrastructure work (transformer center, underground work) with no medical or diagnostic context."
30,334240,TCBRH/26-27/E-150,GETCO-GETCO Transmission Circle Office - Bharuch,"Tender for Work of Survey, Design, Supply, Installation, Testing, commissioning with Comprehensive Maintenance contract of 5 years for Solar Rooftop Projects on Control Room building at 66kV Bhogwad S/s, 66kV Bitada S/s, 66kV Borda S/s, 66kV Fulwadi S/s, 66kV Khaidipada s/s , 66kV Mota raipura S/s, 66kV Mouza S/s, 66kV Pomlapada S/s, 66kV Pratapnagar S/s, 66kV Rajuwadia S/s, 66kV Umalla S/s, 66kV Umran S/s, 66kV Vanakpore S/s under Achhalia AM Division under Bharuch TR Circle",6096597.00,21-08-2026 16:00:00,,,no,"The tender concerns solar rooftop design, installation and maintenance for power substations, unrelated to medical or diagnostic products."
31,334243,22 / 2026‐27,AMC-Central Workshop,"Comprehensive Operation and Maintenance contract for 3 (Three) Years of Existing Hydraulic Tree Trimming Van Nos. 09 of AMC as per AMC tender specifications, scope of work & terms ‐ conditions.",,24-08-2026 18:00:00,,,no,"Tender concerns O&M of a hydraulic tree trimming van, unrelated to medical or diagnostic products."
32,319419,SUB TENDER-319419(G25 SIZE METER) OF MAIN TENDER- (ID-319131),GEL-Gujarat Energy Limited - Gandhinagar,"RATE CONTRACT FOR SUPPLY OF G25 COMMERCIAL DIAPHRAGM METERS ACROSS GEL LOCATIONS OF GUJARAT, PALGHAR DISTRICT & THANE RURAL, DADRA AND NAGAR HAVELI (DNH), PUNJAB, HARYANA, MADHYA PRADESH AND RAJASTHAN",,01-09-2026 19:00:00,,,no,"The tender concerns commercial diaphragm meters, which are unrelated to Meril's surgical or diagnostic product lines."
33,334252,AMR/CO/CMC/AM/7/2026-27(2nd A),"GETCO-GETCO Circle Office, Amreli","Bi-Annual Rate Contract for 1) Shifting/Modification work of existing various 66/132/220 kV class transmission lines under Amreli Circle and 2) Emergency restoration work of 66/132/220 kV class transmission line on Tower/H-Frame structure under Amreli Circle (i.e. Anjar, Junagadh, Jamnagar, Gondal & Surendranagar) under Rajkot Zone for the period of 02 years",9995471.73,02-09-2026 16:00:00,,,no,"The tender concerns electrical transmission line work, which is unrelated to any Meril Endo or Diagno products."
34,319413,SUB TENDER-319413(G16 SIZE METER) OF MAIN TENDER- (ID-319131),GEL-Gujarat Energy Limited - Gandhinagar,"RATE CONTRACT FOR SUPPLY OF G16 COMMERCIAL DIAPHRAGM METERS ACROSS GEL LOCATIONS OF GUJARAT, PALGHAR DISTRICT & THANE RURAL, DADRA AND NAGAR HAVELI (DNH), PUNJAB, HARYANA, MADHYA PRADESH AND RAJASTHAN",,01-09-2026 19:00:00,,,no,"The title refers to commercial diaphragm meters, which are not medical or diagnostic products."
35,334250,MTC/082026/n-54,GETCO-GETCO Transmission Circle Office-Mehsana,"Survey, Design, Supply, Installation, Testing, commissioning with Comprehensive Maintenance contract of 5 years for Solar Rooftop projects at Various locations under Patan AM Division of GETCO, Mehsana Circle",8915476.50,25-08-2026 16:00:00,,,no,"The tender is for solar rooftop project design, supply, installation and maintenance, which is unrelated to medical or diagnostic products."
36,333829,CE(P & C)/Contracts/Civil-661/26-27/66kV Hamla SS,GETCO-Gujarat Energy Transmission Corporation Limited vadodara,"Construction of Control Room Building, Staff Quarter, Foundations, Cable Trench, Compound Wall, R.C.C. Road, Borewell and misc civil works etc at 66 KV Hamla SS, Ta. Mandvi, Dist. - Kutch under Anjar Circle",23512990.00,02-09-2026 16:00:00,,,no,"The title describes civil construction works with no medical, surgical, or diagnostic context."
37,319409,SUB TENDER-319409(G10 SIZE METER) OF MAIN TENDER- (ID-319131),GEL-Gujarat Energy Limited - Gandhinagar,"RATE CONTRACT FOR SUPPLY OF G10 COMMERCIAL DIAPHRAGM METERS ACROSS GEL LOCATIONS OF GUJARAT, PALGHAR DISTRICT & THANE RURAL, DADRA AND NAGAR HAVELI (DNH), PUNJAB, HARYANA, MADHYA PRADESH AND RAJASTHAN",,01-09-2026 19:00:00,,,no,"The title concerns commercial G10 diaphragm meters for utility locations, which are unrelated to Meril's surgical or diagnostic product lines."
38,319406,SUB TENDER-319406(G6 SIZE METER) SUB TENDER OF MAIN TENDER- (ID-319131),GEL-Gujarat Energy Limited - Gandhinagar,"RATE CONTRACT FOR SUPPLY OF G6 COMMERCIAL DIAPHRAGM METERS ACROSS GEL LOCATIONS OF GUJARAT, PALGHAR DISTRICT & THANE RURAL, DADRA AND NAGAR HAVELI (DNH), PUNJAB, HARYANA, MADHYA PRADESH AND RAJASTHAN",,01-09-2026 19:00:00,,,no,"The tender is for commercial diaphragm meters, a non‑medical product with no hospital or lab context."
39,334249,2026-27,GDMC-Gandhidham Municipal Corporation,"Design, Build, Finance, Operate & Transfer of Construction and Demolition Waste Plant of 50 TPD capacity on PPP Basis for 20 Years.",0.00,31-08-2026 18:00:00,,,no,"The tender concerns a construction and demolition waste plant, which is unrelated to surgical or diagnostic products."
40,334247,NTC/CM-2/OPGW/AUG-2026/159,GETCO-GETCO Transmission Circle Office - Nadiad,"Work of Erection, Testing and Commissioning of New FOAC Cable in Existing 66kV UG Line Network under 400kV Charal Substation under Narol AM Division under Nadiad Circle",4895077.00,31-08-2026 16:00:00,,,no,Hard-reject: civil/electrical-infra signal 'substation' — not a Meril product.
41,334241,VGL/CO/C&P-CNG/BD202607P355,VGL-Vadodara Gas Limited,Purchase of 06 Nos. 600 SCMH Booster Compressor with 05 Years Comprehensive AMC for New CNG Stations on ARC Basis,,01-09-2026 14:00:00,,,no,"The tender is for booster compressors for CNG stations, not related to medical or diagnostic products."
42,319391,SUB TENDER-319391(G4 SIZE METER) OF MAIN TENDER- (ID-319131),GEL-Gujarat Energy Limited - Gandhinagar,"RATE CONTRACT FOR SUPPLY OF G4 COMMERCIAL DIAPHRAGM METERS ACROSS GEL LOCATIONS OF GUJARAT, PALGHAR DISTRICT & THANE RURAL, DADRA AND NAGAR HAVELI (DNH), PUNJAB, HARYANA, MADHYA PRADESH AND RAJASTHAN",,01-09-2026 19:00:00,,,no,"The tender is for commercial diaphragm meters, a non‑medical product with no medical or diagnostic context."
43,334239,"DMC/EZ-A/03/2026-2027,Work No. 03",SMC-Surat Mahanagar Seva Sadan,"OPERATION AND MAINTENANCE WORK FOR FIVE YEARS TIME PERIOD ON EXISTING PAY & USE TOILET BLOCK AT T.P.S.NO. 08 (UMARWADA),F.P.NO. 59 IN FRONT OF UMARWADA DISPOSABLE PLANT IN EAST (VARACHHA) ZONE -A,SURAT.",,24-08-2026 18:00:00,,,no,"The tender concerns operation and maintenance of a toilet block, which is unrelated to surgical or diagnostic products."
44,334245,Tender Notice No.4 of 2026-27,GIDC-Circle Offce - Mehsana,"Upgradation of Infrastructure facilities Road, GSR, Pumproom SWD at Deodar GIDC, Deodar, Dist. Banaskantha,Gujarat.",13558934.00,21-08-2026 17:00:00,,,no,"The title concerns road and infrastructure upgrades, not medical or diagnostic products."
45,319363,SUB TENDER-319363 (G2.5 SIZE METER) OF MAIN TENDER- (ID-319131),GEL-Gujarat Energy Limited - Gandhinagar,"RATE CONTRACT FOR SUPPLY OF G2.5 OF COMMERCIAL DIAPHRAGM METERS ACROSS GEL LOCATIONS OF GUJARAT, PALGHAR DISTRICT & THANE RURAL, DADRA AND NAGAR HAVELI (DNH), PUNJAB, HARYANA, MADHYA PRADESH AND RAJASTHAN",,01-09-2026 19:00:00,,,no,"The tender is for commercial diaphragm water meters, unrelated to medical or diagnostic products."
46,319131,Main Tender- 319131,GEL-Gujarat Energy Limited - Gandhinagar,"RATE CONTRACT FOR SUPPLY OF VARIOUS SIZES OF COMMERCIAL DIAPHRAGM METERS ACROSS GEL LOCATIONS OF GUJARAT, PALGHAR DISTRICT & THANE RURAL, DADRA AND NAGAR HAVELI (DNH), PUNJAB, HARYANA, MADHYA PRADESH AND RAJASTHAN",,01-09-2026 19:00:00,,,no,"The tender concerns commercial diaphragm flow meters for water supply, which are unrelated to Meril's surgical or diagnostic product lines."
47,334237,MTC/082026/n-53,GETCO-GETCO Transmission Circle Office-Mehsana,"Survey, Design, Supply, Installation, Testing, commissioning with Comprehensive Maintenance contract of 5 years for Solar Rooftop projects at Various locations under Mehsana AM Division of GETCO, Mehsana Circle",6096597.00,25-08-2026 16:00:00,,,no,"The tender concerns solar rooftop projects and maintenance, which are unrelated to surgical or diagnostic products."
48,334216,10 OF 2026-27 (4th Trial),R&B-Panchayat Division Tapi,ICDS YEAR 2026-27 Const. of Anganwadi Kendra at Village Jangle Amalpada Ta.Ukai Dist.Tapi.,1196007.64,18-08-2026 18:00:00,,,no,"The tender is for construction of an Anganwadi center, not related to medical, surgical, or diagnostic products."
49,332892,26 of 2026,UNMICRC-U N Mehta Institute of Cardiology and Research Centre,"E-Tender For Rate Contract For Repairing of Split A.C., Refrigerator & Water Cooler For U. N. Mehta Institute of Cardiology and Research Centre.",,01-09-2026 15:00:00,,,no,"Tender is for repairing air‑conditioners, refrigerator and water cooler, not for any surgical or diagnostic product."
50,333979,2026-27,GDMC-Gandhidham Municipal Corporation,"The Work of “Design, Build, Supply, Erection, Commissioning & Operation of Transfer Station Facility” in Gandhidham Municipal Corporation.(3rd attempt)",100.00,31-08-2026 18:00:00,,,no,"The title describes a civil infrastructure project (design, build, supply, erection, commissioning of a transfer station) with no medical, surgical, or diagnostic context."
1,333979,2026-27,GDMC-Gandhidham Municipal Corporation,"The Work of “Design, Build, Supply, Erection, Commissioning & Operation of Transfer Station Facility” in Gandhidham Municipal Corporation.(3rd attempt)",100.00,31-08-2026 18:00:00,,,no,"The title describes a civil construction project for a transfer station, unrelated to medical or diagnostic products."
2,334002,Tender Id: 334002,GEL-Gujarat Energy Limited - Gandhinagar,"CIVIL, INTERIOR, ELECTRICAL & ALLIED SERVICES AT MUNDRA, KUTCH(W) GA",,01-09-2026 19:00:00,,,no,"The title concerns civil, interior, and electrical services, with no medical, surgical or diagnostic context."
3,334226,Add. City Engineer / West Zone / 06 / 2026-27 (Work No. 02),SMC-Surat Mahanagar Seva Sadan,"MAINTENANCE AND REPAIRING WORK OF JAHANGIRABAD, JAHANGIRPURA,VARIYAV AND VARIOUS MUNICIPAL BUILDINGS IN WEST ZONE (RANDER) AREA, SURAT.",3000000.00,24-08-2026 18:00:00,,,no,"The title pertains to maintenance and repairing of municipal buildings, not medical or diagnostic products."
4,334235,GDR/ERECTION/2026-27/31,MGVCL-Godhra (O & M) Division,"Works Advertised Tender for Erection, Dismantaling and Maintenance of HT/LT and Transformer center and Kanelav Feeder or any other bifurcation Under ground work For Godhra East Sdn OR Any Other SDn Under Godhra O&M Division. Rates are inclusive of Supply of N B.",4999942.49,25-08-2026 16:00:00,,,no,"Tender concerns erection, dismantling and maintenance of transformer centers and underground electrical works, unrelated to medical or diagnostic products."
5,334227,Add. City Engineer / West Zone / 06 / 2026-27 (Work No. 03),SMC-Surat Mahanagar Seva Sadan,"MAINTENANCE AND REPAIRING WORK OF PAL,PALANPORE,ICHCHHAPORE AND OTHER VARIOUS MUNICIPAL BUILDINGS IN WEST ZONE (RANDER) AREA, SURAT.",3000000.00,24-08-2026 18:00:00,,,no,"The title refers to municipal building maintenance and repair work, which is unrelated to surgical or diagnostic products."
6,332422,Tender ID : 332422,GEL-Gujarat Energy Limited - Gandhinagar,"DATA GATHERING AND VERIFICATION ACTIVITIES ACROSS GEL OPERATING AREAS IN GUJARAT (Surat & Hazira ,Bharuch ,Dahej and Narmada GA)",,01-09-2026 19:00:00,,,no,"The title refers to data gathering and verification in industrial operating areas, with no medical, surgical, or diagnostic context."
7,334223,33-2026/2027,R&B-Panchayat-Bhuj,"Construction of New 4 Nos. C Type Category Quarter for PHC Balasar Taluka Rapar, Kutch",10840234.40,29-08-2026 18:00:00,,,no,"The tender is for civil construction of quarters for a PHC, not medical or diagnostic products."
8,334229,NTC/CM-2/R&M/AUG-2026/158,GETCO-GETCO Transmission Circle Office - Nadiad,"Work of Erection-Dismantling of 66kV -11KV equipment’s, Structures, Control wiring, electrification, Lightning for Shifting of 66kV Navagam SS Old to New Control room Building under Narol AM Division under Nadiad circle. [ Under R &M Plan 2026-27]”",3549304.89,31-08-2026 16:00:00,,,no,"The title describes electrical power equipment erection and dismantling, not medical or diagnostic products."
9,334230,MMC/02/2025-26 - Second attempt,MMC-Morbi Municipal Corporation,"Selection of Bidder(s) for Supply, Installation, Testing and Commissioning of Development of Heritage Pathway with Decorative pole system with related comprehensive Civil, Electrical, Mechanical Work including all necessary equipment’s at near Khakrechi Darvaza with 3 (Three) years of Comprehensive maintenance, Morbi, Gujarat. - Second attempt",7181625.00,27-08-2026 18:00:00,,,no,"The tender concerns civil, electrical, and mechanical works for a heritage pathway, unrelated to medical or diagnostic products."
10,333216,04/2026-27,CP-Social Forestry Division - Bhuj,"Inviting Tender For Empanelment of Agencies interested in Providing of Stationery items as per requirement for Social Forestry Division, - Kachchh.",,25-08-2026 16:54:00,,,no,"Title is for stationery items for a forestry division, with no medical or diagnostic relevance."
11,334225,Add. City Engineer / West Zone / 06 / 2026-27 (Work No. 01),SMC-Surat Mahanagar Seva Sadan,"MAINTENANCE AND REPAIRING WORK OF RANDER-ADAJAN AND OTHER VARIOUS MUNICIPAL BUILDINGS IN WEST ZONE (RANDER) AREA, SURAT.",5000000.00,24-08-2026 18:00:00,,,no,"The title refers to maintenance and repairing of municipal buildings, which is unrelated to surgical or diagnostic products."
12,332839,EW-332,"GSECL-Thermal Power Station, Gandhinagar","Day to day Electrical defect attending work, preventive, breakdown maintenance & overhauling work at ESP area of Unit - 3,4,5 at GTPS (including cleaning , lifting , shifting & replacement of LT Motor`s , LT auxiliary, ESP transformer , LT MCC )",,03-09-2026 18:00:00,,,no,"The title describes electrical maintenance and transformer work, unrelated to surgical or diagnostic products."
13,334198,2026-2027,AMC-Engineering - Drainage Project,Desilting by CCTV Camera System Work at Existing Riverfront West side Intercepter line.,,18-08-2026 18:00:00,,,no,The title refers to civil infrastructure work (desilting and CCTV) and has no medical or diagnostic context.
14,334200,UGVCL/SP/IV/1410/Toolkit Bag,UGVCL-Procurement Div,Purchase of Standard Toolkit Bag as per UGVCL’s Specifications.,,24-08-2026 18:00:00,,,no,The title refers to a generic toolkit bag for specifications likely unrelated to medical or diagnostic products.
15,333724,UGVCL/SP/IV/1409/Woolen Jersey,UGVCL-Procurement Div,Purchase of Woolen Jersey as per UGVCL Tender Specification.,,24-08-2026 18:00:00,,,no,"The tender is for woolen jerseys, which are clothing items unrelated to medical, surgical, or diagnostic products."
16,334214,DMC(D)/ EZ-A Z/No.03/2026-2027 Work No. 01,SMC-Surat Mahanagar Seva Sadan,"Pay and Park at T.P. Scheme No-3 (Karanj), F.P.No-108, Open Plot, Near Gayatri Nagar Soc. in East(Varachha) Zone-A.",3111111.00,24-08-2026 18:00:00,,,no,"The tender concerns a parking/pay-and-park scheme and open plot, which has no medical or diagnostic relevance."
17,334209,TCBRH/26-27/E-149,GETCO-GETCO Transmission Circle Office - Bharuch,"Work of Survey, Design, Supply, Installation, Testing, commissioning with Comprehensive Maintenance contract of 5 years for Solar Rooftop Projects on Control Room building at 66kV Bori S/s, 66kV Chhidra S/s, 66kV Devla S/s, 66kV Kadod S/s, 66kV Kurchan S/s, 66kV Muller S/s, 66kV Ochhan S/s, 66kV Rarod S/s, 66kV Sarod S/s, 66kV Saykha S/s under Haldarwa AM Division under Bharuch TR Circle",4822599.49,21-08-2026 16:00:00,,,no,"The tender is for solar rooftop projects and electrical infrastructure, which are unrelated to Meril's surgical or diagnostic products."
18,334199,05/2026-2027,AMC-Water Production Department,"Operation and Comprehensive maintenance of mechanical, electrical & instrumentation equipments including civil structures for period of three years of 1 MLD Water Treatment with necessary SITC work Plant at SVP Hospital Institute of medical Science & Research",11021955.00,20-08-2026 18:00:00,,,no,"The tender concerns operation and maintenance of water treatment plant and related mechanical/electrical equipment, which are unrelated to Meril's surgical or diagnostic product lines."
19,334206,2026-27/HTC / 40,GETCO-GETCO Transmission Circle Office - Himatnagar,"Tender for Work of Survey, Design, Supply, Installation, Testing, commissioning with Comprehensive Maintenance contract of 5 years for Solar Rooftop projects at Dhansura AM Division Various locations under Himatnagar TR. Circle. (Package-02)",5158659.00,24-08-2026 16:00:00,,,no,"The tender concerns solar rooftop design, installation and maintenance, unrelated to medical or diagnostic products."
20,334213,JMC/PRO/03/MELA-2026/2026-27,JMC-Jamnagar Municipal Corporation,STAGE AND MANDAP DURING SHRAVANI MELA - 2026,1600000.00,18-08-2026 18:00:00,,,no,"The title refers to building a stage and mandap for a festival, with no medical or diagnostic context."
21,334208,AMR/CO/CMC/TR/22/2025-26(9th A),"GETCO-GETCO Circle Office, Amreli","Tender for R&M Work of Replacement of earth wire of 1) 66KV Vartej-Bunder road & 66KV Vartej-Sardarnagar (D/C) Line 2) 66KV Sidsar-Bhumbhli & Sidsar-Mamsa (D/C) Line of AM division Vartej under transmission circle Amreli, GETCO (Approved under R&M plan 2025-26)",808526.11,02-09-2026 16:00:00,,,no,"The tender concerns electrical transmission line earth wire replacement, unrelated to medical or diagnostic products."
22,334210,GDR/ERECTION/2026-27/28,MGVCL-Godhra (O & M) Division,"Works Advertised Tender for Erection, Dismantaling and Maintenance of HT/LT and Transformer center and Under ground work For Godhra Rural Sdn OR Any Other SDn Under Godhra O&M Division. Rates are inclusive of Supply of N B.",799220.57,31-08-2026 16:00:00,,,no,"The tender concerns electrical transformer erection, dismantling, and underground works, which are unrelated to medical, surgical, or diagnostic products."
23,334183,33-2026/2027,R&B-Panchayat-Bhuj,"Construction of New 4 Nos. C Type Category Quarter for PHC Bela, Taluka Rapar, Kutch",10837246.02,29-08-2026 18:00:00,,,no,"Tender is for civil construction of housing quarters for a PHC, not a medical or diagnostic product."
24,334204,JTC/ 26-27 / n-122,"GETCO-GETCO Circle Office, Jambuva","Survey, Design, Supply, Installation, Testing, commissioning with Comprehensive Maintenance contract of 5 years for Solar Rooftop Projects on Control Room building at various Substations under Dahod AM Division under Jambuva Circle under RE R & M plan 2026-27 ( Lot- 2)",7972473.00,21-08-2026 16:00:00,,,no,Hard-reject: civil/electrical-infra signal 'substation' — not a Meril product.
25,334169,PTC/ET/77/2026,"GETCO-Circle Office, Palanpur","Work of Shifting/Height Raising of 220KV Palanpur-Kansari DC Tower line with ACSR Zebra Conductor between Location No.32 TO 35 for the Work of Bypass Highway as per R&B Palanpur Application under Deposite Scheme at Village: Moriya & Delwada , Ta:Palanpur Dist:-Banaskantha under Deposit Scheme",3478978.89,19-08-2026 16:00:00,,,no,"The title describes electrical tower line shifting and highway work, unrelated to medical or diagnostic products."
26,334195,ACE & I/C CE/BRIDGE/03/2026-27 (Work No.01),SMC-Surat Mahanagar Seva Sadan,"Annual Rate Contract for Providing and Applying Hot Thermoplastic Road Marking Paint (Asian, Burger & As Per MORTH) with Glass Beads in NZ & WZ Bridges within Surat Municipal Corporation Limit. (Work No.1)",9284388.52,21-08-2026 18:00:00,,,no,"The tender is for road marking paint and bridge work, unrelated to medical or diagnostic products."
27,333901,04 of 2026-2027,SSNNL-K.B.C. PUMPING STATION ELECTRICAL AND MECH. DIVISION - BHACHAU,"Replacement/Rectification and commissioning of Electrical system, Mechanical system, C&I system along with all the civil structure etc., under Phase-I of Pumping Station-1 located at Ch:100970 mtr of Kachchh Branch Canal",102936900.00,01-09-2026 18:00:00,,,no,"The tender concerns civil and mechanical work for a pumping station, not medical or diagnostic products."
28,334186,AMR/CMC/AM/1/2026-27 (4th A),"GETCO-GETCO Circle Office, Amreli","Tender for Work of 1) Erection, commissioning of equipments , control wiring etc. of 220/132KV 150 MVA Transformer No.-3 bay for EHV class substation augmentation from 220/132 kV, 100 MVA to 220/132 kV, 150 MVA at 220KV Botad sub-station (KSY-II) 2) Erection, commissioning and testing of 3 nos 66/11kV Transformer Bay with 66kV Bus extension work and dismantling of existing 132/11kV Transformer Bay at 132kV Barwala Substation of AM division Dhasa under Circle office Amreli",2498305.11,02-09-2026 16:00:00,,,no,Hard-reject: civil/electrical-infra signal 'substation' — not a Meril product.
29,334175,Anj/CM-1/PRJ/e-Tn-98/2026,GETCO-GETCO Transmission Circle Office - Anjar,"Erection of 66 kV Line from Existing 66 kV Deshalpar (Rapar) substation to M/s Water Resources Investigation Division, Bhuj unit located at Village: Anandpar, Ta. Bhachau Dist. Kutchh– with 66kV S/C panther conductor on D/C Panther tower OH length 12.14kM with OPGW. (Work under Construction Div. Anjar)",18458764.26,31-08-2026 16:00:00,,,no,Hard-reject: civil/electrical-infra signal 'substation' — not a Meril product.
30,334155,2026-27/HTC / 39,GETCO-GETCO Transmission Circle Office - Himatnagar,"Tender for Work of Survey, Design, Supply, Installation, Testing, commissioning with Comprehensive Maintenance contract of 5 years for Solar Rooftop projects at Dhansura AM Division Various locations under Himatnagar TR. Circle. (Package-01)",9848349.00,24-08-2026 16:00:00,,,no,"The tender concerns solar rooftop projects, which are unrelated to medical, surgical, or diagnostic products."
31,334152,AMTS/RFP/09,AMTS-Workshop Department,Selection of Agency for Supply/providing of technical staff for Ahmedabad Municipal Transport Service (AMTS) (2nd Call),,31-08-2026 18:00:00,,,no,"The tender seeks technical staff for a municipal transport service, which has no medical or diagnostic relevance."
32,333826,Dy.Commissioner/ S.E.Z./03/2026-27 Work no :- 11,SMC-Surat Mahanagar Seva Sadan,"PROVIDING & LAYING 250 MM DIA R.C.C NP3 CLASS DRAINAGE LINE ON INTERNAL ROAD OF SHIRDI DHAM SOCIETY(EXCEPT RESERVATION PART) , F.P. NO. 96, P.T.P.S. NO. 41 (NAVAGAM-DINDOLI) IN SOUTH EAST ZONE (LIMBAYAT) SURAT.",3641772.04,29-08-2026 18:00:00,,,no,"The title concerns civil construction of a drainage line, unrelated to medical or diagnostic products."
33,334158,"DMC/EZ-A/03/2026-27, Work No. 8",SMC-Surat Mahanagar Seva Sadan,"Repairing, Maintenance and Extension of Drainage/Storm Drainage Line Including Construction Of Drainage/Storm Drainage Machineholes, Storm Inlet Chambers Where Required In Various Areas Of T.P.S. No. 16(Kapodra), T.P.S. No. 20(Nana Varachha-Kapodra), T.P.S. No. 20(Puna), T.P.S. No. 60(Puna), Different Areas In East(Varachha) Zone-A, Surat.",5919356.68,24-08-2026 18:00:00,,,no,"The title describes civil drainage and storm water construction works, which are unrelated to Meril's surgical or diagnostic products."
34,333822,Dy.Commissioner/ S.E.Z./03/2026-27 Work no :- 10,SMC-Surat Mahanagar Seva Sadan,"PROVIDING & LAYING 250 MM DIA R.C.C NP3 CLASS DRAINAGE LINE ON INTERNAL ROAD OF JAY GAYATRI NAGAR SOCIETY, P.T.P.S. NO. 41( DINDOLI), F.P. NO. 83 IN SOUTH EAST ZONE (LIMBAYAT) SURAT.",10561818.18,29-08-2026 18:00:00,,,no,"Tender concerns construction of a reinforced cement concrete drainage line, unrelated to medical, surgical, or diagnostic products."
35,334151,TCBRH/26-27/E-148,GETCO-GETCO Transmission Circle Office - Bharuch,"Tender for Work of Survey, Design, Supply, Installation, Testing, commissioning with Comprehensive Maintenance contract of 5 years for Solar Rooftop Projects on Control Room building at 66kV Kukarwada S/s,66kV Amleshwar S/s, 66kV Bhensali S/s, 66kV Jolva S/s, 66kV Sambheti S/s, 66kV Pakhajan S/s, 66kV Suva S/s, 66kV Galenda S/s,66kV Atali S/s under Bharuch AM Division Also at Admin building of Zonal Office Bharuch under Bharuch TR Circle”.",6310656.00,21-08-2026 16:00:00,,,no,"The tender is for solar rooftop design, installation and maintenance, which is unrelated to surgical or diagnostic products."
36,333816,Dy.Commissioner/ S.E.Z./03/2026-27 Work no :- 09,SMC-Surat Mahanagar Seva Sadan,"PROVIDING & LAYING 250 MM DIA R.C.C NP3 CLASS DRAINAGE LINE ON INTERNAL ROAD OF MODI ESTATE HOUSING SOCIETY VIBHAG-1, P.T.P.S. NO. 41( DINDOLI), F.P. NO. 74 IN SOUTH EAST ZONE (LIMBAYAT) SURAT.",3799477.77,29-08-2026 18:00:00,,,no,"The title concerns construction of a drainage line, which is unrelated to medical, surgical, or diagnostic products."
37,334157,Dy.Commissioner/S.W.(Athwa) Zone/ No.03/ 2026-2027 work no.11,SMC-Surat Mahanagar Seva Sadan,MAINTENANCE AND REPAIRING WORK OF VARIOUS MUNICIPAL GARDENS IN SUB ZONE-5 IN SOUTH WEST (ATHWA) ZONE. (2nd Attempt),5093953.66,25-08-2026 18:00:00,,,no,"The title refers to municipal garden maintenance work, which is unrelated to medical, surgical, or diagnostic products."
38,333813,Dy.Commissioner/ S.E.Z./03/2026-27 Work no :- 08,SMC-Surat Mahanagar Seva Sadan,"PROVIDING & LAYING 250 MM DIA R.C.C NP3 CLASS DRAINAGE LINE ON INTERNAL ROAD OF MANSI RESIDENCY VIBHAG -1 (PLOT NO- 01TO 54 & PLOT NO - 219 TO 279 ) ,D.T.P.S. NO. 62 (DINDOLI-BHESTAN-BHEDVAD), F.P. NO. 120/A IN SOUTH EAST ZONE (LIMBAYAT) SURAT.",3346537.42,29-08-2026 18:00:00,,,no,"The tender concerns civil construction of a drainage line, which is unrelated to Meril's surgical or diagnostic products."
39,334153,MRMC/0269/08/2026,MMC-Morbi Municipal Corporation,RE-DEVELOPMENT WORK OF SHANALA GARDEN IN MORBI MUNICIPAL CORPORATION AREA AT MORBI.(2ND ATTEMPT),5116481.00,27-08-2026 18:00:00,,,no,"The title concerns civil redevelopment of a garden, not medical or diagnostic products."
40,333809,Dy.Commissioner/ S.E.Z./03/2026-27 Work no :- 07,SMC-Surat Mahanagar Seva Sadan,"PROVIDING AND LAYIMG 250 MM DIA R.C.C NP3 CLASS DRAINAGE LINE ON INTERNAL ROAD OF DIPAK NAGAR (EXCEPT RESERVATION PART), F.P.NO- 90,93 AT P.T.P.S.NO.41 (NAVAGAM-DINDOLI) IN SOUTH EAST ZONE(LIMBAYAT) , SURAT.",4983683.08,29-08-2026 18:00:00,,,no,"The tender is for a civil construction drainage line (R.C.C.) on a road, which is unrelated to surgical or diagnostic products."
41,334154,Dy.Commissioner/S.E.Z/03/2026-27 Work No.23,SMC-Surat Mahanagar Seva Sadan,"DESILTING AND CLEANING OF SEWER DRAINAGE MACHINEHOLE OF EXISTING DRAINAGE LINE IN DIFFERENT AREA OF SUB ZONE -2B (PARVATGODADARA) IN SOUTH EAST ZONE (LIMBAYAT), SURAT.",2384000.00,29-08-2026 18:00:00,,,no,"The tender is for desilting and cleaning sewer drainage infrastructure, which is unrelated to surgical or diagnostic products."
42,334147,Dy.Commissioner / S.W.(Athwa) Zone/ No.03/ 2026-2027 WORK NO.10,SMC-Surat Mahanagar Seva Sadan,MAINTENANCE AND REPAIRING WORK OF VARIOUS MUNICIPAL BUILDINGS IN SUB ZONE-5 IN SOUTH WEST (ATHWA) ZONE.,5608408.59,25-08-2026 18:00:00,,,no,"The title refers to maintenance and repairing of municipal buildings, which is a civil construction activity unrelated to surgical or diagnostic products."
43,334131,JTC/ 26-27 / n-121,"GETCO-GETCO Circle Office, Jambuva","Survey, Design, Supply, Installation, Testing, commissioning with Comprehensive Maintenance contract of 5 years for Solar Rooftop Projects on Control Room building at various Substations under Godhra AM Division under Jambuva Circle under RE R & M plan 2026-27 ( Lot- 2)",6565566.00,21-08-2026 16:00:00,,,no,Hard-reject: civil/electrical-infra signal 'substation' — not a Meril product.
44,333839,Dy.Commissioner/ S.E.Z./03/2026-27 Work no :- 12,SMC-Surat Mahanagar Seva Sadan,"PROVIDING & LAYING 250 MM DIA R.C.C NP3 CLASS DRAINAGE LINE ON INTERNAL ROAD OF SHIVNAGAR-NEW BALAJINAGAR(EXCEPT RESERVATION PART) , D.T.P.S. NO. 62 ( DINDOLI- BHESTAN- BHEDVAD), F.P. NO. 106/B IN SOUTH EAST ZONE (LIMBAYAT) SURAT.",6499615.43,29-08-2026 18:00:00,,,no,"The title refers to civil construction of a drainage line, unrelated to medical or diagnostic products."
45,334118,03/2026-27/01,AMC-Traffic Department,"Supplying of Chhota hathi and Supervisor with labour For Traffic Department related Maintenance and Repairing work in South, East and Central zone of Ahmedabad city",789789.15,24-08-2026 17:00:00,,,no,"The title concerns traffic department maintenance and repair work, unrelated to medical or diagnostic products."
46,334090,AMTS/RFP/08,AMTS-Workshop Department,Selection and Empanelment of a Fare Collection Agency for Ahmedabad Municipal transport Services for 6 years (2nd Call),,31-08-2026 15:00:00,,,no,"Tender concerns selection of a fare collection agency for municipal transport, unrelated to medical or diagnostic products."
47,334109,05 of 2026-27,NAGARPALIKA-Bavla Nagar Palika,BEAUTIFICATION WORKS TO BE CARRIED OUT UNDER THE “SWACHH AND SUNDAR SHAHER SCHEME IN BAVLA MUNICIPALITY (THIRD ATTEMPT),5367952.46,24-08-2026 18:00:00,,,no,"The title refers to municipal beautification works under a civic scheme, with no medical, surgical, or diagnostic context."
48,334133,03/2026-27/04,AMC-Traffic Department,Topography Survey and Demarcation Work By Traffic Engineering Project at the Various Junctions of Different Zone of Ahmedabad City (Empanelment Tender),975000.00,24-08-2026 17:00:00,,,no,"The title concerns a topography survey and traffic engineering work, unrelated to medical, surgical, or diagnostic products."
49,334092,MRMC/0269/08/2026,MMC-Morbi Municipal Corporation,"BEAUTIFICATION OF VARIOUS CIRCLES AT DIFFERENT LOCATIONS UNDER MORBI MUNICIPAL CORPORATION, MORBI.( 2ND ATTEMPT)",69750477.00,27-08-2026 18:00:00,,,no,"The tender concerns municipal beautification work, which is unrelated to medical/surgical or diagnostic products."
50,334134,"DMC/EZ-A/03/2026-27,Work No.-07",SMC-Surat Mahanagar Seva Sadan,"Providing & Laying 250mm dia NP3 CLASS RCC Spigot Socket rubber ring/flush type rubber ring joint pipe line on internal road of BHAGUNAGAR CO.OP.HOUSING SOCIETY. F.T.P.No.127, T.P.S. No.03 (Karanj) in East (Varachha) Zone-A.",6378966.95,24-08-2026 18:00:00,,,no,"The title describes civil construction pipeline work with rubber ring joints, unrelated to medical, surgical, or diagnostic products."
1,334128,Dy.Commissioner / S. W.(Athwa) Zone/ No.03/ 2026-2027 WORK NO.9,SMC-Surat Mahanagar Seva Sadan,COLOUR WORK OF VARIOUS MUNICIPAL BUILDINGS IN SUB ZONE-2 IN SOUTH WEST (ATHWA) ZONE.,4542000.00,25-08-2026 18:00:00,,,no,"The tender concerns painting work for municipal buildings, which is a civil construction activity unrelated to medical or diagnostic products."
2,334113,2026-27/HTC / 38,GETCO-GETCO Transmission Circle Office - Himatnagar,"Tender For Work Of Survey, Design, Supply, Installation, Testing, commissioning with Comprehensive Maintenance contract of 5 years for Solar Rooftop projects at Jamla AM Division Various locations under Himatnagar TR. Circle",4689690.00,20-08-2026 16:00:00,,,no,"The tender concerns solar rooftop design, installation and maintenance, which is unrelated to surgical or diagnostic products."
3,334100,"DMC/EZ-A/03/2026-27,Work No.-06",SMC-Surat Mahanagar Seva Sadan,"Repairing, Maintenance and Extension of Drainage/Storm Drainage line including construction of drainage/Storm Drainage machineholes, Storm Inlet Chember where required in various area of T.P.S.no.11 (Puna), T.P.S.no.12 (Puna), T.P.S.no.17 (Puna), T.P.S.no.64 (Dumbhal-Magob), T.P.S.no.35 (Saroli, Saniya-Hemad) and Puna Gamtal & Other Area in East (Varachha) Zone-A",7509355.67,24-08-2026 18:00:00,,,no,"The title concerns civil drainage and storm water infrastructure construction, unrelated to medical or diagnostic products."
4,334070,LS- 03/2026,DPA-Civil Engineering Department,TENDER NO. LS-03/2026 – “E-TENDER CUM E-AUCTION FOR ALLOTMENT OF PLOT ADMG. 17439.66 SQ. MTRS FOR THE PURPOSE OF LIQUID STORAGE TANK ON 30 YEARS LEASE ON ‘AS IS WHERE IS BASIS.’,,10-09-2026 12:30:00,,,no,"The tender is for lease of land for a liquid storage tank, unrelated to medical or diagnostic products."
5,333096,"Dy. Commissioner/S.W.(Athwa) Zone/ No. 03/ 2026-2027,WORK NO. 26",SMC-Surat Mahanagar Seva Sadan,Housekeeping work of Althan Bhatar Community hall and Althan bhatar Party Plots T.P.S. No.28 (Althan- Bhatar) F.P.No.51 Near Soham circle in South West (Athwa)Zone.,,25-08-2026 18:00:00,,,no,"The title pertains to housekeeping work for a community hall, unrelated to medical, surgical, or diagnostic products."
6,334074,JTC/ 26-27 / n-120,"GETCO-GETCO Circle Office, Jambuva","Survey, Design, Supply, Installation, Testing, commissioning with Comprehensive Maintenance contract of 5 years for Solar Rooftop Projects on Control Room building at various Substations and office building under Godhra AM Division under Jambuva Circle under RE R & M plan 2026-27 ( Lot- 1)",6565566.00,21-08-2026 16:00:00,,,no,Hard-reject: civil/electrical-infra signal 'substation' — not a Meril product.
7,333034,8 OF 2026-27,R&B-Surat Division 2,"Consultancy Services for Preparation of Detailed Project Report & Design for various works under Surat (R&B) Division No.2, Surat, Dist.Surat.",0.00,20-08-2026 18:00:00,,,no,"The title describes consultancy services for project report and design of works, with no medical, surgical, or diagnostic context."
8,334069,03/2026-27/03,AMC-Traffic Department,Supplying of Chhota hathi and Supervisor with labour For Traffic Department related Maintenance and Repairing work in North west zone and South west zone of Ahmedabad city,790029.15,24-08-2026 17:00:00,,,no,"The title describes traffic department maintenance and labor work, unrelated to medical, surgical or diagnostic products."
9,334056,2026-27/HTC / 37,GETCO-GETCO Transmission Circle Office - Himatnagar,"Tender For Work Of Survey, Design, Supply, Installation, Testing, commissioning with Comprehensive Maintenance contract of 5 years for Solar Rooftop projects at Vijapur AM Division Various locations under Himatnagar TR. Circle",7503504.00,24-08-2026 16:00:00,,,no,"The tender is for solar rooftop project design, supply, installation and maintenance, with no medical or diagnostic context."
10,334028,MRMC/0269/08/2026,MMC-Morbi Municipal Corporation,"BEAUTIFICATION WORK SUCH AS FOOTPATHS, PLANTATION, GARDEN, OPEN GYM AREA,ETC. FOR GHB ROAD IN THE MORBI MUNICIPAL CORPORATION AREA. ( 2ND ATTEMPT)",13981619.00,27-08-2026 18:00:00,,,no,"The tender concerns municipal beautification and construction work, not medical or diagnostic products."
11,334065,"DMC/EZ-A/03/2026-27,Work No.-05",SMC-Surat Mahanagar Seva Sadan,"Repairing, Maintenance and Extension of Drainage/Storm Drainage line including construction of drainage/Storm Drainage machineholes, Storm Inlet Chember where required in various area of T.P.S.no.4 (Ahwanikumar -Navagam), T.P.S.no.15 (Fulpada), T.P.S.no.17 (Fulpada) & different Area in East (Varachha) Zone-A",5866166.20,24-08-2026 18:00:00,,,no,"The tender concerns civil drainage and storm water infrastructure construction, which is unrelated to Meril's surgical or diagnostic products."
12,334043,2026-2027,AMC-Traffic Department,Supplying of Chhota hathi and Supervisor with labour For Traffic Department related Maintenance and Repairing work in west zone and North zone of Ahmedabad city,790587.15,24-08-2026 17:00:00,,,no,"The title concerns traffic department maintenance and labour, unrelated to medical, surgical, or diagnostic products."
13,334018,07/01 OF 2026/2027,"R&B-High Court Electrical Sub Division -1, Ahmedabad","AMC For Water Coolers Installed in High Court Campus Under High Court Section at Sola,Ahmebad.",245420.26,27-08-2026 16:00:00,,,no,"The title concerns maintenance of water coolers, which is unrelated to surgical or diagnostic products."
14,334001,2026-27/HTC / 36,GETCO-GETCO Transmission Circle Office - Himatnagar,"Tender For Work of Survey, Design, Supply, Installation, Testing, commissioning with Comprehensive Maintenance contract of 5 years for Solar Rooftop projects at Agiyol AM Division Various locations under Himatnagar TR. Circle",8441442.00,24-08-2026 16:00:00,,,no,"The tender is for solar rooftop projects, which are unrelated to surgical or diagnostic products."
15,333560,06 (Amendment) of 2026 – 2027,NWR-Drainage Division Gandhinagar,"Constructing New R.C.C. Box Culvert with using Precast Box across Rupal-Sardhav drain at chainage 8460 meter near Village Jalund, Ta. Gandhinagar, Dist. Gandhinagar.",3443367.44,01-09-2026 18:00:00,,,no,"The title describes a civil construction project for a precast RCC culvert, which is unrelated to Meril's surgical or diagnostic products."
16,333556,06 ( Amendment) of 2026 – 2027,NWR-Drainage Division Gandhinagar,"Constructing New R.C.C. Box Culvert with using Precast Box across Dhanap-Muthiya drain at chainage 3610 meter near Village Mahundra Ta. Gandhinagar, Dist. Gandhinagar.",4442673.95,01-09-2026 18:00:00,,,no,"The title describes a civil construction project for a box culvert, which is unrelated to Meril's surgical or diagnostic product lines."
17,333717,03/02 OF 2026/2027,"R&B-High Court Electrical Sub Division -1, Ahmedabad","AMC for Motor pump-set installed in High court campus under High court section at Sola, Ahmedabad.",298537.11,27-08-2026 16:00:00,,,no,"The title is for an AMC of a motor pump-set in a court campus, unrelated to medical or diagnostic products."
18,333962,21/2026-27,AMC-Central Workshop,"Comprehensive Operation and Maintenance contract for 5 (Five) Years of Heavy Duty Truck Mounted Dewatering Pump ‐ 03 Nos. As per AMC tender specifications, scope of work & terms ‐ conditions.",,24-08-2026 18:00:00,,,no,"The tender is for operation and maintenance of heavy duty truck mounted dewatering pumps, unrelated to surgical or diagnostic products."
19,333973,04-P/2026,DPA-Civil Engineering Department,Creek Carrying Capacity and Intake-Outfall Optimization Study for Desalination Projects in Kandla,4075000.00,27-08-2026 16:00:00,,,no,"The title concerns a civil/engineering study for desalination projects, unrelated to medical or diagnostic products."
20,333985,GDR/ERECTION/2026-27/29,MGVCL-Godhra (O & M) Division,"Works Advertised Tender for Erection, Dismantaling and Maintenance of HT/LT and Transformer center and Chandanbuag Feeder bifurcation Under ground work For Godhra East Sdn OR Any Other SDn Under Godhra O&M Division. Rates are inclusive of Supply of N B.",4999942.49,25-08-2026 16:00:00,,,no,"The tender concerns electrical and infrastructure work (transformer, HT/LT, underground feeder), not medical or diagnostic products."
21,333961,Tender Notice No.11 of 2026-27 (Sr.No.5),"R&B-Capital Project Division No.3, Gandhinagar","2215 Water supply and sanitation. - (101) Gandhinagar Water supply Scheme Providing Brick work, Plaster and Razor wire fencing at Sarita Udhayan Head work and Sector No.5 Head work campus for protection of the campus area in G.T.S.",4997360.61,20-08-2026 17:00:00,,,no,"The title relates to water supply, construction, brick work and fencing, with no medical or diagnostic context."
22,333966,06 OF 2026-27,R&B-Panchayat Division Tapi,MMGSY 2025-26 Construction of Box Culvert at Ranveri Nalotha Kelkui Road Ch 0/6 To 0/8 Ta:Valod Dist:Tapi,18377012.33,18-08-2026 18:00:00,,,no,"The tender is for construction of a box culvert, a civil infrastructure project unrelated to medical or diagnostic products."
23,333891,07(2026-2027),GSPHC-Ahmedabad Division,"Providing and Fixing Furniture work of Office Building (G+1), Automization/Machine & Garrage Block (GF) and Security Room for Centre of Excellence at Miroli Dist : Ahmedabad.(Including Electrification work) (First attempt)(SBD)",7642671.78,31-08-2026 18:00:00,,,no,"The title concerns furniture, building, automation and electrification work with no medical, surgical or diagnostic context."
24,333945,2026,Co-operative Banks-Shri Rajkot District Co-Operative Bank Ltd,"Item Rate Tender For Supply, Delivery, And Installation Of Furniture Items Of Office Furniture For Bank Branches Of Shri Rajkot District Co-Operative Bank",,19-08-2026 17:00:00,,,no,"The tender concerns office furniture for a bank, with no medical, surgical, or diagnostic context."
25,333939,Notice No. SK-7 of 2026-27 (Sr.No.2),"R&B-Capital Project Division No.3, Gandhinagar","2215 Water supply and sanitation. - (101) Gandhinagar Water supply Scheme Providing, fixing and repairing different parts of H.S.C.F. pumps and other mechanical components as and when required for Charedi water supply scheme in G.T.S.",1426847.20,20-08-2026 17:00:00,,,no,"The tender concerns water supply and mechanical pump repairs, which are unrelated to Meril's surgical or diagnostic product lines."
26,333904,PD/TRANS-REP/2026-27/N Procure/53/PR-231937,MGVCL-HALOL (O & M) DIVISION,"ARC for providing outsource labours for Repairing of Various rating (5KVA to 500 KVA) DTRs having CRGO & Amorph. core on rating wise Fixed rate at in-house repairing center, Halol Division under Godhara (O&M) Circle of MGVCL.",2537843.00,31-08-2026 14:00:00,,,no,"The title pertains to repair services for electrical transformers, unrelated to medical or diagnostic products."
27,333940,03/2026-27 (6th Attempt),GWSSB-Public Health Mechanical Division - Vadodara,"Tender for Drilling of 165 mm dia. x 90 Mts. Deep bore by DTH Rig and installation of I.M.II Hand pump and construction of C.C.platform as per UNICEF design & drawing with soak pit Drilling of Different Scheme bore 165 mm dia x 200 Mts. Deep bore by DTH Rig at diff. villages of Tal. Savli, Desar and Vaghodia of Dist. Vadodara under Different Programme.",919633.71,24-08-2026 18:00:00,,,no,"The title describes bore drilling, hand pump installation, and construction work, which are civil/ water infrastructure projects unrelated to medical or diagnostic products."
28,333932,JTC/ 26-27 / n-119,"GETCO-GETCO Circle Office, Jambuva","Survey, Design, Supply, Installation, Testing, commissioning with Comprehensive Maintenance contract of 5 years for Solar Rooftop Projects on Control Room building at various Substations under Gotri AM Division under Jambuva Circle under RE R & M plan 2026-27",4220721.00,21-08-2026 16:00:00,,,no,Hard-reject: civil/electrical-infra signal 'substation' — not a Meril product.
29,333897,Notice No.SK- 7 of 2026-27 (Sr.No.1),"R&B-Capital Project Division No.3, Gandhinagar",Repairing and rewinding of submersible pump / motor set for Sarita Udhyan water supply scheme in G.T.S. (Sector No.1 to 13 & included villages for water supply scheme in G.T.S.),2035460.08,20-08-2026 17:00:00,,,no,"Title involves repair of submersible pumps for a water supply scheme, unrelated to medical, surgical, or diagnostic products."
30,333804,"Dy.Commissioner/SEZ/03/2026-27,Work No.01",SMC-Surat Mahanagar Seva Sadan,"REPAIRING, MAINTENANCE AND EXTENSION OF DRAINAGE / STORM LINE INCLUDING CONSTRUCTION OF DRAINAGE/STORM MACHINEHOLES, STORM INLET CHAMBERS CIVIL MAINTENANCE WORK WHERE REQUIRED IN VARIOUS AREAS OF P.T.P.S NO. 41 (NAVAGAM-DINDOLI)IN SOUTH EAST ZONE (LIMBAYAT) SURAT.",4015445.70,29-08-2026 18:00:00,,,no,"The title is about civil drainage and storm line construction/maintenance, unrelated to medical or diagnostic products."
31,332869,05 of 2026-2027,NWR-Petlad Irrigation Division - Petlad,Constructing and Providing gabion wall at ch. 6400 mt on RHS side of Alang 5 Drain.,2667216.40,25-08-2026 18:00:00,,,no,"The title refers to constructing a gabion wall, a civil engineering work unrelated to medical or diagnostic products."
32,333905,"DMC/SZ-B/05/2026-27, WORK NO. 02",SMC-Surat Mahanagar Seva Sadan,"Supply, Installation, Testing and Commissioning of 8/10 Passanger Lift (Ground Plus 2 Upper Floor) for Health Center at mojeGabheni R.S.No.218/paikee (Amenities space) in South Zone -B (kanakpur)",1249799.25,24-08-2026 18:00:00,,,no,"The tender concerns the supply and installation of a passenger lift, which is a civil/elevator project unrelated to Meril's surgical or diagnostic products."
33,333871,JTC/ 26-27 / n-118,"GETCO-GETCO Circle Office, Jambuva","Survey, Design, Supply, Installation, Testing, commissioning with Comprehensive Maintenance contract of 5 years for Solar Rooftop Projects on Control Room building at various Substations and office building under Koyali AM Division under Jambuva Circle under RE R & M plan 2026-27",7972473.00,21-08-2026 16:00:00,,,no,Hard-reject: civil/electrical-infra signal 'substation' — not a Meril product.
34,333878,06 OF 2026-27,R&B-Panchayat Division Tapi,"MMGSY 2025-26 CONSTRUCTION OF BOX CULVERT AT CH: 0/600 TO 0/800 AT KAVLA VILLAGE TO KANSARIMATA JOINING ROAD, TA. UKAI, DIST. TAPI",6896812.72,18-08-2026 18:00:00,,,no,"The tender is for construction of a box culvert, which is civil infrastructure unrelated to surgical or diagnostic products."
35,333587,20/2026‐27,AMC-Central Workshop,Comprehensive Operation and Maintenance Contract for 3 (Three) Years of Existing Truck Mounted Garbage Compactor Vehicles of AMC as per AMC Tender Scope of Work & Conditions.,,24-08-2026 18:00:00,,,no,"The tender concerns maintenance of truck-mounted garbage compactor vehicles, which is unrelated to surgical or diagnostic products."
36,333825,2026-27,AMC-Bridge Projects,"Construction of Fly Over Bridge at Silverstar Junction in Chandlodiya, Ahmedabad Municipal Corporation, Ahmedabad on EPC Basis. (Design, Engineering, Procurement and Construction)",393242252.49,16-09-2026 18:00:00,,,no,"The tender is for civil construction of a fly over bridge, unrelated to medical or diagnostic products."
37,333753,04/2026-27 (2nd Attampt),GWSSB-Public Health Mechanical Division - Vadodara,"Drilling of 125mm dia X 60.00 mtr. Deep Bore by MDR Rig & Installation of IM - II Hand pump on successful bores including supply & delivery of required material and construction of C.C. platform as per UNICEF design and drawing with soak pit under different programme at diff. villages At Taluka:- Vadodara, Padara,Karjan, Dabhoi and Shinor of Dist: - Vadodara",1977368.00,24-08-2026 18:00:00,,,no,"The tender concerns drilling boreholes, hand pump installation, and construction work, unrelated to medical or diagnostic products."
38,333851,"DMC/SZ-B/05/2026-2027, Work No : 01",SMC-Surat Mahanagar Seva Sadan,"Supply, Erection, Testing and Commissioning of Street light system on Internal roads of Glorina Valley Society in Moje-Kanakpur Kansad at South Zone-B (Kanakpur),Surat Municipal Corporation.",7366683.00,24-08-2026 18:00:00,,,no,"The tender concerns supply, erection, testing and commissioning of street light systems, which is unrelated to medical, surgical, or diagnostic products."
39,332707,Tender Notice No 03 of 2026-27,NWR-Himmatnagar Irrigation Sub Division-2 - Himmatnagar,Renovation and Restoration Of Ilol Minor No.2/2 Of D5R Distry Guhai Main Canal At-Ilol Ta- Himmatnagar,533338.62,19-08-2026 18:00:00,,,no,"The title refers to civil renovation of a canal, unrelated to medical or diagnostic products."
40,333785,JRD/2026/51,PGVCL-Rural Division-Jamnagar,Erection & Maint. Work of HT/LT Line & TC for Various Scheme under Jodiya S/Dn,2000000.00,18-08-2026 18:00:00,,,no,Hard-reject: civil/electrical-infra signal 'lt line' — not a Meril product.
41,333807,RND-521 DGVCLDRND/0125/08/2026 Approved Date: 10-08-2026,DGVCL-Division Office - Rander,"RND-521 Work of Supply, Installation, testing and commissioning earthing for transformer center with Maintenance free, ready capsule, Pipe-in-cage (PIC) type earthing and connections to the various parts of transformer center using GI Strip and GI nut bolts at Ramnagar Sub division under Rander Division. And if it is required work to be carried out in other Scheme & Other Sub Division under Rander Division.",1000000.00,25-08-2026 18:00:00,,,no,"The title describes electrical earthing work for transformer centers, which is unrelated to surgical or diagnostic products."
42,333808,UGVCL/TALOD DO/WORKS / 2026-27 /32,UGVCL-Talod Division,"Annual Rate Contract Tender for Erection, Maintenance and Dismantling work of Overhead HT/LT LINE, TC & HT/LT AB Cable under Dhansura S/Dn, Talod DO, UGVCL",4499995.00,20-08-2026 16:00:00,,,no,Hard-reject: civil/electrical-infra signal 'lt line' — not a Meril product.
43,333686,MTC/072026/n-44 (Reinvitation-I),GETCO-GETCO Transmission Circle Office-Mehsana,"Bi-Annual Rate Contract for providing & fixing of 11 KV XLPE cable termination kit at Various s/s under GETCO, Mehsana Circle.”",1485030.00,27-08-2026 16:00:00,,,no,Hard-reject: civil/electrical-infra signal '11 kv' — not a Meril product.
44,333122,Tender Notice No.11 Of 2026-27,NWR-Aravalli Irrigation Division - Modasa,"Providing the services of continuous monitoring, operation, functioning and vigilant inspection of Khatriba pipeline connected villages valve At Limb to Bhudasan Ta.Bayad Dist.Arvali For month July 2026 to march 2027",349487.10,18-08-2026 15:00:00,,,no,"Tender is for pipeline monitoring and valve inspection, which is unrelated to medical or diagnostic products."
45,333710,2026-27,AMC-Bridge Projects,"Labour Work for providing and laying new water pipe line, Shifting Existing Water Pipe line, Repairing Lekages and other water network Related Works at Ongoing and Proposed Bridge site alignment Portion in AMC Limit (West Side) in Bridge Project in AMC (Excluding GST) (A.R.C.)",24999987.80,14-09-2026 18:00:00,,,no,"The title describes civil water pipeline and bridge related works, unrelated to medical or diagnostic products."
46,333736,UGVCL/TALOD DO/WORKS / 2026-27 /31,UGVCL-Talod Division,"Annual Rate Contract Tender for Erection, Maintenance and Dismantling work of Overhead HT/LT LINE, TC & HT/LT AB Cable under Bayad S/Dn, Talod DO, UGVCL",4499995.00,20-08-2026 16:00:00,,,no,Hard-reject: civil/electrical-infra signal 'lt line' — not a Meril product.
47,333742,RND-520 DGVCLDRND/0122/08/2026 Approved Date: 10-08-2026,DGVCL-Division Office - Rander,RND-520 Works of transformer reactivation of earthing by installation of chemical Neutral Earthing & body earthing work for distribution transformer under various area of Rander Town-1 S/DN under Rander Division. And if it is required work to be carried out in other Scheme & Other Sub Division under Rander Division.,1000000.00,25-08-2026 18:00:00,,,no,Hard-reject: civil/electrical-infra signal 'distribution transformer' — not a Meril product.
48,333673,2026-27,AMC-Bridge Projects,"Labour Work for providing and laying new water pipe line, Shifting Existing Water Pipe line, Repairing Lekages and other water network Related Works at Ongoing and Proposed Bridge site alignment Portion in AMC Limit (East Side) in Bridge Project in AMC (Excluding GST) (A.R.C.)",24999987.80,14-09-2026 18:00:00,,,no,"The title pertains to civil works involving water pipeline installation and bridge project construction, unrelated to medical or diagnostic products."
49,333743,DYMC/ P.I.C / 05/ 2026-27,SMC-Surat Mahanagar Seva Sadan,"Carrying out Area Development Work (incl. Street Furniture) and interior works for Gandhi Smruti Bhavan Auditorium at T.P 02 (Nanpura) F.P 07, Central Zone, Surat",17289895.05,18-08-2026 18:00:00,,,no,"The title describes construction and interior work (area development, street furniture) with no medical or diagnostic context."
50,333738,DMC/EZ-A/03/2026-2027 Work No.: 04,SMC-Surat Mahanagar Seva Sadan,Trimming of avenue trees as and when required in East (Varachha) Zone – A,,24-08-2026 18:00:00,,,no,"The tender concerns tree trimming, which is a civil/municipal activity unrelated to medical or diagnostic products."
1,333732,06 OF 2026-27,R&B-Panchayat Division Tapi,"MMGSY 2025-26 CONSTRUCTION OF BOX CULVERT CONNECTING NAVAGAM FALIYA AND HANUMAN FALIYA (MISSING LINK), TA. UCHCHHAL, DIST.TAPI.",9828785.21,18-08-2026 18:00:00,,,no,"The title concerns construction of a box culvert, a civil engineering project unrelated to medical or diagnostic products."
2,333630,2026-27,AMC-Bridge Projects,The Work of shifting the drainage lines and stormwater lines at Ongoing and Proposed Bridge site alignment Portion in AMC Limit(West Side) in Bridge Project in AMC (A.R.C.)(Excluding GST),49895000.00,14-09-2026 18:00:00,,,no,"Tender concerns civil construction work (shifting drainage and stormwater lines for a bridge), unrelated to surgical or diagnostic products."
3,333733,NTC/CIVIL/Aug26/ORIGINAL/157,GETCO-GETCO Transmission Circle Office - Nadiad,Construction of 10 nos 66 KV Feeder bay at various 66 KV Substation for lines terminate as downstream from proposed 220 KV Kanbha S/S under Ranasan AM Division Under Nadiad Circle.,5939703.57,01-09-2026 16:00:00,,,no,Hard-reject: civil/electrical-infra signal 'substation' — not a Meril product.
4,332873,05 of 2026-2027,NWR-Petlad Irrigation Division - Petlad,Constructing Protection wall in place of damaged protection wall at ch. 9960 mt on Jalsan Distry.,1923038.27,25-08-2026 18:00:00,,,no,"The tender is for constructing a protection wall, which is a civil construction project unrelated to medical or diagnostic products."
5,332872,05 of 2026-2027,NWR-Petlad Irrigation Division - Petlad,Constructing Box type V.R.B. in place of damaged Pipe type VRB at ch. 24300 ft m on Sinjiwada Distry.,1957007.98,25-08-2026 18:00:00,,,no,"The title refers to construction of a box type VRB replacing a pipe, which is unrelated to medical, surgical, or diagnostic products."
6,332871,05 of 2026-2027,NWR-Petlad Irrigation Division - Petlad,Constructing Barrel Type RCC Canal VRB in Place of Pipe Type Canal VRB at Ch. 7240 mt of Daheda Distributory.,2021211.74,25-08-2026 18:00:00,,,no,"The title describes a civil construction project (RCC canal), unrelated to medical, surgical or diagnostic products."
7,333611,2026-27,AMC-Bridge Projects,The Work of shifting the drainage lines and stormwater lines at Ongoing and Proposed Bridge site alignment Portion in AMC Limit(East Side) in Bridge Project in AMC (A.R.C.)(Excluding GST),49895000.00,14-09-2026 18:00:00,,,no,"The title describes civil construction work for drainage and stormwater lines in a bridge project, unrelated to medical or diagnostic products."
8,331334,Tender Notice 2026-27,ACD-Tthe Banaskantha Dist.Panchayat Prathmik Sixkoni Dhiran Ane Grahak Sahkari Mandali Limited,SUPPLY OF BACK PACK (LAPTOP),0.00,13-08-2026 18:00:00,,,no,"The title refers to a laptop backpack, which is unrelated to Meril's surgical or diagnostic product lines."
9,333712,Anj/CMC/R&M/e-Tn-97/2026,GETCO-GETCO Transmission Circle Office - Anjar,Conductor replacement with Hardware & SRI of 66KV Reladi Anjar Tower line (on 132KV Tower) under Bhuj AM Division under Anjar AM Circle (Work approved under R&M 2026-27),2879832.48,31-08-2026 16:00:00,,,no,"The title pertains to electrical conductor replacement on high-voltage towers, unrelated to medical/surgical or diagnostic products."
10,333594,2026-27,AMC-Bridge Projects,"CCTV Desilting Work of Main Drainage/Strom Water Line at Ongoing and Proposed Bridge alignment portion in AMC limit (West Side) , Bridge Project , Ahmedabd Municipal Corporation (A.R.C)",49981747.30,14-09-2026 18:00:00,,,no,"Title concerns civil drainage and bridge construction work, not medical or diagnostic products."
11,332870,05 of 2026-2027,NWR-Petlad Irrigation Division - Petlad,Constructing Box type VRB in place of damaged pipe VRB at ch. 0 mt on Baliya kaka kyari lateral drain.,2131494.62,25-08-2026 18:00:00,,,no,"The title describes a civil/irrigation construction project for a pipe, unrelated to medical or diagnostic products."
12,332868,05 of 2026-2027,NWR-Petlad Irrigation Division - Petlad,Construction new box type V.R.B. at ch. 585 m on Parallel drain Tarapur Rinza road near village Kanawada.,2880661.28,25-08-2026 18:00:00,,,no,"The title describes a civil construction work on a road drain, unrelated to medical or diagnostic products."
13,333357,07 of 2026-27,R&B-Panchayat-Surat,"New Gujrat pattern yojna 2025-26. Construction of paver block,fencing and solar roof top installation in Various model sub center in ambika Taluka Dist- Surat. 1 .Construction of paver block and solar roof top installation At model sub center Butvada, Ta.Ambika, Di. Surat 2. Construction of fencing and solar roof top installation At model sub center Kos-1, Ta.Ambika, Di. Surat",599223.36,24-08-2026 19:00:00,,,no,Hard-reject: civil/electrical-infra signal 'paver block' — not a Meril product.
14,332867,05 of 2026-2027,NWR-Petlad Irrigation Division - Petlad,Constructing Box Type VRB in place of damaged pipe type VRB @ ch. 1110 m on Hariyan Malu emergent drain.,3128681.06,25-08-2026 18:00:00,,,no,"The title describes construction of a box type VRB for an emergent drain, which is civil infrastructure work unrelated to medical or diagnostic products."
15,333713,"Dy.Muni.Commissioner/SEZ/03/2026-27, Work No.14",SMC-Surat Mahanagar Seva Sadan,"Pay & Park at T.P.Scheme No.8 (Umarwada),F.P.No.150, Opp. Sagar Textile Market, Umarwada, Surat In South East (Limbayat) Zone.",,29-08-2026 18:00:00,,,no,"The title refers to a Pay & Park scheme, which is unrelated to medical, surgical, or diagnostic products."
16,333697,NTC/CIVIL/Aug26/ORIGINAL/156,GETCO-GETCO Transmission Circle Office - Nadiad,"Construction of Extension of Control Room Building, RCC Road, Yard Metaling, Toilet Block Renovation and Maintenance work of Existing CR, Compound wall, etc. at 66 KV Raipur S/S of Dist. Ahmedabad under Narol AM Division of Nadiad Circle.",7500226.51,01-09-2026 16:00:00,,,no,Hard-reject: civil/electrical-infra signal 'cc road' — not a Meril product.
17,332866,05 of 2026-2027,NWR-Petlad Irrigation Division - Petlad,"Constructing Inleting Structure and gabion wall at ch, 26940 m on Gada Sinjiwada Drain near village Kasbara.",3415112.07,25-08-2026 18:00:00,,,no,The title describes civil construction (gabion wall) with no medical or diagnostic context.
18,332864,05 of 2026-2027,NWR-Petlad Irrigation Division - Petlad,Constructing and providing gabion wall at ch. 5060 m of Tarapur Moraj Zhichaka Drain.,4120189.87,25-08-2026 18:00:00,,,no,"The title refers to a civil construction project (gabion wall), unrelated to medical or diagnostic products."
19,332862,05 of 2026-2027,NWR-Petlad Irrigation Division - Petlad,Constructing New Pipe inlet in place of damaged pipe inlet at various chainage on limbali devataj Gada drain.,4589825.03,25-08-2026 18:00:00,,,no,"The tender concerns civil construction of pipe inlets for a drain, which is unrelated to medical/surgical or diagnostic products."
20,333646,"Dy.Muni.Commissioner/SEZ/03/2026- 27, Work No.04 & 13",SMC-Surat Mahanagar Seva Sadan,"Work No.04 : Pay & Park at T.P.Scheme No.8 (Umarwada), F.P.No.146, Opp.Multilevel Parking, Umarwada, Surat In South East Zone (Limbayat). (2nd Attempt), Work No.13 : Pay & Park at Sai Darshan Market to Salasar Gate(both side of road) In South East (Limbayat) Zone. (3rd Attempt)",,29-08-2026 18:00:00,,,no,"The title concerns parking and road work infrastructure, which is unrelated to surgical or diagnostic products."
21,332842,04 of 2026-2027,NWR-Petlad Irrigation Division - Petlad,"Constructing R.C.C. Box Type Barrel in place of existing VRB @ Ch. 67,400’ Feet On Cambay Branch Canal (MRBC) (Sojitra to Trambovad).",8599455.05,31-08-2026 18:00:00,,,no,"The tender is for constructing a concrete barrel for a canal, which is civil infrastructure and unrelated to medical or diagnostic products."
22,332841,04 of 2026-2027,NWR-Petlad Irrigation Division - Petlad,"Constructing R.C.C. Box Type Barrel in place of existing VRB @ Ch. 49,100’ Feet On Cambay Branch Canal (MRBC) (Kasor to Ladkui).",10475696.20,31-08-2026 18:00:00,,,no,The title describes a civil construction project (R.C.C. barrel for a canal) with no medical or diagnostic relevance.
23,332840,04 of 2026-2027,NWR-Petlad Irrigation Division - Petlad,"Constructing R.C.C. Box Type Barrel in place of existing VRB @ Ch. 57,200’ Feet On Cambay Branch Canal (MRBC) (Kasor to Malataj).",10600542.60,31-08-2026 18:00:00,,,no,"The title describes a civil construction project (R.C.C. barrel for a canal), not medical or diagnostic products."
24,333669,Notice No. 07 of 2026-27,"GWSSB-Public Health Works Division, Gandhinagar","Providing cleaning services, mechanized environmental support services (up keeping) with supplying skilled operator & other Materials for Jalbhavan Bhavan GWSSB, Sector 10/A, Gandhinagar",3980640.00,20-08-2026 18:00:00,,,no,"The tender is for cleaning and environmental support services, which are unrelated to surgical or diagnostic products."
25,333663,6-15 of 2026-27,R&B-Surat Division 1,"Providing Security Services at Transfery Hostel at Athwagate , Surat.",776737.31,25-08-2026 18:00:00,,,no,"The tender is for security services at a hostel, which is unrelated to medical, surgical, or diagnostic products."
26,333593,4 For 2026-2027 Sn- 5,R&B-Mehsana Division,"Quarantine Station at Mehsana & Demolation of ICDP Building , Artificial incimention center & over head water tank in ICDP Mehsana Ta & Dist : Mehsana",4313780.13,24-08-2026 18:00:00,,,no,"The title refers to construction and demolition works for a quarantine station and related infrastructure, not medical or diagnostic products."
27,333559,10 of 2026-27,R&B-Navsari Division,"Package : Chikhli Section Part 02 CR to Various Road Under Chikhli (R & B) Sub Division Dist. Navsari (Jungle Cutting, White Lime & Geru Washing To Tree, Painting of km stone, hectometer stone, Boards and repairs to side shoulders)",3806511.74,19-08-2026 18:00:00,,,no,"The tender title refers to road construction and civil works, not medical or diagnostic products."
28,333607,TCNS/ET/CIVIL/36/2627,GETCO-GETCO Transmission Circle Office - Navsari,"Hiring Closed Body Petrol/Diesel driven AC SUV 07 seater vehicle model (Preferably Eartiga / Scorpio / TUV / Marazzo / KIA) not more than 3 years old as on the date of tender opening for the period of 24 months for DE (Civil), Sub-division Office Ichhapore for 12 hrs. per day service for minimum 4000kMs per month under Navsari Transmission Circle Office (Head quarter at 220kV Ichhapore SS).",2017839.60,25-08-2026 16:00:00,,,no,"The tender is for hiring a vehicle, which is unrelated to surgical or diagnostic products."
29,333473,NTC/CIVIL/AUG26/155,GETCO-GETCO Transmission Circle Office - Nadiad,"Providing Gabion revetment to tower location No 116(T) of 220kV Gavasad-Salejada Line at Village: Bhalada, Dist. Kheda under Nadiad Circle.",3579514.09,07-09-2026 16:00:00,,,no,"The tender concerns civil construction of a gabion revetment for a power line tower, unrelated to medical or diagnostic products."
30,333612,DHD/TRANS-REP/2026-27/30,MGVCL-Dahod (O & M ) Division Office,On line Tenders (e-tendering)”for Annual Rate Contract for providing outsource labours for Repairing of failed/damaged Distribution Transformers having CRGO Core (STACK/WOUND/DRY/PAT/SDT) & Amorphous Core of various ratings on rating wise rate from existing agencies and new entrepreneurs who fulfill tender conditions any suitable Place of Dahod Division jurisdiction under Godhara (O&M) Circle of MGVCL,2537843.00,31-08-2026 18:00:00,,,no,Hard-reject: civil/electrical-infra signal 'distribution transformer' — not a Meril product.
31,333557,10 of 2026-27,R&B-Navsari Division,"Package : Chikhli Section Part 01 CR to Various Road Under Chikhli (R & B) Sub Division Dist. Navsari (Jungle Cutting, White Lime & Geru Washing To Tree, Painting of km stone, hectometer stone, Boards and repairs to side shoulders)",3504593.22,19-08-2026 18:00:00,,,no,"The title describes road construction and civil work activities, not medical or diagnostic products."
32,333554,10 of 2026-27,R&B-Navsari Division,Package : Khergam Section Part 02 CR to Various Road Under Chikhli (R & B) Sub Division Dist. Navsari (Headwall and Divider Painting etc.),4175960.26,19-08-2026 18:00:00,,,no,"The title refers to road construction and painting works, not medical or diagnostic products."
33,333225,6-14 of 2026-27,R&B-Surat Division 1,"Security of Government Staff Quarter at Khatodara Colony, Surat.",708389.60,25-08-2026 18:00:00,,,no,"The title refers to security services for a government staff quarter, with no medical, surgical, or diagnostic context."
34,333549,10 of 2026-27,R&B-Navsari Division,"Package : Khergam Section Part 01 CR to Various Road Under Chikhli (R & B) Sub Division Dist. Navsari (Jungle Cutting, White Lime & Geru Washing To Tree, Painting of km stone, hectometer stone, Boards and repairs to side shoulders etc.)",4192906.69,19-08-2026 18:00:00,,,no,"The title describes road construction and civil works, not medical or diagnostic supplies."
35,332838,WTPS/S/ET/03/2026/SUPPLY-12 RFQ NO 77430M,GSECL-Wanakbori Thermal Power Station,Supply of Various CDS tubes and bend for drain & Vent line for Boiler Stage-I at WTPS.,,01-09-2026 18:00:00,,,no,"The title refers to boiler drain and vent line supplies, not medical or diagnostic products."
36,333177,6-13 of 2026-27,R&B-Surat Division 1,"Security of Campus of Government Staff Quarter at Navsari Bazar, Surat.",708389.60,25-08-2026 18:00:00,,,no,"The title refers to security services for a government staff campus, unrelated to medical or diagnostic products."
37,333584,ME-292,GSECL-Kutch Lignite Thermal Power Station,Supply of spare for bosch make loudophone at switchyard KLTPS,,02-09-2026 18:00:00,,,no,"The title refers to spare parts for a Bosch loudophone at a switchyard, which is unrelated to medical or diagnostic products."
38,333075,6-12 of 2026-27,R&B-Surat Division 1,Providing Security Services Athwalines Govt. Quarters at Athwalines Surat.,2330209.43,25-08-2026 18:00:00,,,no,"The tender is for security services, unrelated to medical, surgical, or diagnostic products."
39,333222,33-2026/2027,R&B-Panchayat-Bhuj,Construction of Javaharanagar Approch Road Km 0/00 to 0/70 Ta:Bhuj Dist:Kutch under MMGSY Year-2025-26,12535695.61,29-08-2026 18:00:00,,,no,"The tender is for road construction, unrelated to surgical or diagnostic products."
40,333589,2026-27,AMC-Bridge Projects,"CCTV Desilting Work of Main Drainage/Strom Water Line at Ongoing and Proposed Bridge alignment portion in AMC limit (East Side), Bridge Project , Ahmedabd Municipal Corporation (A.R.C.)",49981747.30,14-09-2026 18:00:00,,,no,The title describes civil engineering work (CCTV desilting of drainage and bridge project) with no medical or diagnostic context.
41,332837,WTPS/S/ET/03/2026/SUPPLY-12 RFQ NO 77474M,GSECL-Wanakbori Thermal Power Station,Supply of SH-RH Spray station and PRDS piping and Fittings of boiler stage I at WTPS,,01-09-2026 18:00:00,,,no,"Title refers to a spray station and boiler piping/fittings for a water treatment plant, which are industrial items unrelated to Meril's surgical or diagnostic product ranges."
42,333141,33-2026/2027,R&B-Panchayat-Bhuj,CONSTRUCTION OF ATALWADI AT VILLAGE BHADRESHWAR TA. MUNDRA,4662612.89,29-08-2026 18:00:00,,,no,"The title refers to a construction project, which is unrelated to medical or diagnostic products."
43,333012,33-2026/2027,R&B-Panchayat-Bhuj,CONSTRUCTION OF ATALWADI AT VILLAGE VAYOR TA. ABDASA,4662612.89,29-08-2026 18:00:00,,,no,"The title refers to a construction project, with no medical, surgical or diagnostic context."
44,331665,UGVCL/IDAR DO/E-TENDER/2026-27/ No- 31,UGVCL-IDAR - DIVISION,TENDER FOR AUG. & REPLACEMENT OF FAIL & HEALTHY TRANSFORMERS WORK FOR VADALI S/DN UNDER IDAR DO,2501895.00,25-08-2026 16:00:00,,,no,"The title refers to augmentation and replacement of electrical transformers, unrelated to medical or diagnostic products."
45,331682,UGVCL/IDAR DO/E-TENDER/2026-27/No-30,UGVCL-IDAR - DIVISION,TENDER FOR FABRICATION OF VARIOUS ITEM IDAR DIVISION STORE UNDER IDAR DIVISION,1000000.00,25-08-2026 16:00:00,,,no,Title refers to generic fabrication of various items with no medical or diagnostic context.
46,332836,WTPS/S/ET/03/2026/SUPPLY-12 RFQ NO 77540M,GSECL-Wanakbori Thermal Power Station,Supply of Brass Bush and Various U-Clamps for BMD-I at WTPS,,01-09-2026 18:00:00,,,no,"The title refers to brass bush and U-clamps, which are mechanical/industrial parts unrelated to medical or diagnostic products."
47,331633,UGVCL/IDAR DO/2026-27 / NO-29,UGVCL-IDAR - DIVISION,"Hiring of Closed body Diesel Bolero & Equielent vehicle Taxi/Maxi passing in up to date condition along with driver for 24 Hrs for Two Years, maximum 3000 KM per month(offered Vehicle Model shall not registered before 3 years as on the date of tender opening } for with head quarter at Deputy Engineer ,Vehicle DESHOTAR SDN Under Idar Division",1601040.00,25-08-2026 16:00:00,,,no,"The tender is for hiring diesel vehicles and drivers, which is unrelated to any surgical or diagnostic products."
48,332835,WTPS/S/ET/03/2026/SUPPLY-12 RFQ NO 77296M,GSECL-Wanakbori Thermal Power Station,Supply of various pumps for BMD stg-1 at WTPS,,01-09-2026 18:00:00,,,no,"The title mentions pumps, which are not among Meril's surgical or IVD products and lacks any medical or diagnostic context."
49,333569,10 of 2026-27,R&B-Amreli,"Repairs to office of Deputy Director of Horticulture at Amreli, Ta. & Dist. Amreli. (Alluminium Window, Door, Cill-Jamb, Plywood Cupboard, Parking Shed, and misc. Civil Works)",770932.17,21-08-2026 18:00:00,,,no,"The tender involves civil repairs and construction items, not medical or diagnostic products."
50,333568,10 of 2026-27,R&B-Amreli,"Repairs to Consumer Forum Office at Amreli, Dist. Amreli. (Construction of Dissablled friendly Toilet, Ramp, Signages & Wheelchair (Right of Person with Dissability Act-2016) & Provision of Fire Fighting System)",1961427.05,21-08-2026 18:00:00,,,no,"The tender is for construction of accessible facilities and fire fighting system, unrelated to surgical or diagnostic products."
1,333567,10 of 2026-27,R&B-Amreli,"Repairs to Govt. Children Home at Amreli, Dist. Amreli. (Providing Fire Fighting System) (Institutional Bldg Less than 15M in height with plot area more than 1000 Sqm.)",6065053.54,21-08-2026 18:00:00,,,no,"The title concerns building repairs and fire fighting systems for a children home, unrelated to medical or diagnostic products."
2,333566,10 of 2026-27,R&B-Amreli,"Repairing & Renovation of Assistant Director of Agriculture (Extension) Sub Division at Amreli, Ta. & Dist. Amreli. (Interior and exterior plaster patches, Color Work, parpet repairing, door window replacement, water proofing, paving block, drainage, plumbing, wire fencing and other Civil Work)",6456590.82,21-08-2026 18:00:00,,,no,"The tender concerns civil renovation and construction work, not medical/surgical or diagnostic products."
3,333565,10 of 2026-27,R&B-Amreli,"Construction of CC Road in Dhari city between Ch. 74/00 to 76/00 on Chavad Lathi Amreli Dhari Kodinar Road and Ch. 89/30 to 90/20 on Gondal Bagasara Dhari Tulsishyam Road, Dist. Amreli.",224789686.35,21-08-2026 18:00:00,,,no,Hard-reject: civil/electrical-infra signal 'cc road' — not a Meril product.
4,333045,06/2026-27,"GWSSB-Public Health Works Div. No. 1, Bhavnagar","Lowering and Laying of 914MM Dia.MS pipeline at valavad H.W. Under Sihor RWSS M & R Programme, Ta.Sihor Dist. :Bhavnagar",914597.86,20-08-2026 18:00:00,,,no,"Title describes civil pipeline installation for a water supply program, unrelated to medical or diagnostic products."
5,333562,RMC/ENGG/WZ/26-27/19,RMC-Rajkot Municipal Corporation,CONSTRUCTION OF PETA WARD OFFICE AT SOCIAL INFRASTRUCTURE USAGE RESERVATION PLOT OF TP 22 RAIYA FP 21A IN WARD NO.01,3900854.00,31-08-2026 18:00:00,,,no,"The tender is for construction of an office building, unrelated to medical or diagnostic products."
6,333561,RMC /ENGG/CZ/26-27/30,RMC-Rajkot Municipal Corporation,DISPOSAL OF DRAINAGE COMPLAINS THROUGH PRIVATIZATION IN WARD NO 14 RETENDER.,2625650.00,25-08-2026 18:00:00,,,no,"The tender concerns disposal services for ward drainage, not procurement of any Meril surgical or diagnostic product."
7,333552,PMC/2026/08/LOKMELA 2026 /01,PMC-Porbandar Municipal Corporation,Event Management Services for Organizing and Managing Shri Krishna sakha Sudama Janmashtami Lok Mela–2026 at Porbandar,15000000.00,18-08-2026 17:30:00,,,no,"The tender is for event management of a cultural festival, unrelated to medical or diagnostic products."
8,333555,06 OF 2026-27,R&B-Panchayat Division Tapi,MMGSY 2025-26 Package no.29 CONSTRUCTION OF BOX CULVERT W.S. (1) JUNI THUTI DARJIBHAI RADATIYA HOUSE TO NAVI UKAI ROAD AT CH. 0/400 TO 0/600 (2) BHAD BHUNJA LONJA FALIYA TO MAHARASTRA (MISSING LINK). TA.UCHCHHAL DIST. TAPI,17746305.92,18-08-2026 18:00:00,,,no,"The title describes a civil construction project for a box culvert, unrelated to medical, surgical, or diagnostic products."
9,333553,Tender Notice No.Reparing & Rewinding 2026-27,NAGARPALIKA-Godhara Nagarpalika,Reparing & Rewinding Electric Submersible Moter’s (SECOND ATTEMPT),,18-08-2026 18:00:00,,,no,"The tender involves repairing and rewinding electric submersible motors, which is unrelated to Meril's surgical or diagnostic product offerings."
10,333551,2026-27,"CP-Dy.Conservator of Forest, Kachchh East Div. Bhuj","Construction of Pond at Amrapar Taluka -Rapar, Dist - Kachchh",814624.48,25-08-2026 18:00:00,,,no,"The title refers to construction of a pond, a civil infrastructure project unrelated to medical or diagnostic products."
11,333550,TCNS/TR/ET-104/2026-27,GETCO-GETCO Transmission Circle Office - Navsari,"Survey, Design, Supply, Installation, Commission and maintenance of Solar PV System for 5 years as a rooftop at Control Room terrace of various Substation of Vav AM Division - Package-III under Navsari Circle.",7927057.90,25-08-2026 16:00:00,,,no,Hard-reject: civil/electrical-infra signal 'substation' — not a Meril product.
12,333548,2026-27,"CP-Dy.Conservator of Forest, Kachchh East Div. Bhuj","Construction of pointing wall at Bambhanka Portion 2 At Rapar Ta.Rapar,Dist.Kachchh",916619.48,25-08-2026 18:00:00,,,no,The title describes a civil construction project (building a pointing wall) with no medical or diagnostic relevance.
13,333547,06 OF 2026-27,R&B-Panchayat Division Tapi,Package No.24 /VAY/MMGSY/ER TO BT /2-RD/25-26 (1) Chikalvav Village Petki Faliya Road 0/000 To 1/550 Km (2) Sarkuva Village Mahendrabhai House to Juni Dudh Dairy Road. Ch. 0/000 To 1/600 Km Ta. Vyara Di. Tapi,12422923.28,18-08-2026 18:00:00,,,no,"The title pertains to road and civil works, not medical or diagnostic products."
14,333516,TENDER NOTICE NO. 10 OF 2026-27,"R&B-R&B Electrical Division, Surat","Engaging Wiremen for Vyara District Under R and B Electrical Sub-division, Vyara 2026-27 (for 11 Months)",1421847.00,18-08-2026 12:00:00,,,no,"The title pertains to electrical work and wiremen, unrelated to medical or diagnostic products."
15,333546,TCNS/TR/ET-103/2026-27,GETCO-GETCO Transmission Circle Office - Navsari,"Survey, Design, Supply, Installation, Commission and maintenance of Solar PV System for 5 years as a rooftop at Control Room terrace of various Substation of Navsari AM Division - Pkg IV under Navsari Circle.",9635098.00,25-08-2026 16:00:00,,,no,Hard-reject: civil/electrical-infra signal 'substation' — not a Meril product.
16,333543,10 of 2026-27,R&B-Navsari Division,"Package : Vansda Section 02 CR to Various Road Under Chikhli (R & B) Sub Division Dist. Navsari (Jungle Cutting, White Lime & Geru Washing To Tree, Painting of km Stone, Hectometer Stone, Boards and repairs to side shoulders).",4104663.05,19-08-2026 18:00:00,,,no,"The title describes road construction and civil works, not medical or diagnostic products."
17,333033,"DMC/Drainage/03 /2026-27, Work No.20",SMC-Surat Mahanagar Seva Sadan,"BID DOCUMENTS FOR DESIGN, CONSTRUCTION, ERECTION, TESTING AND COMMISSIONING OF 53 MLD SEWAGE TREATMENT PLANT AT KANAKPUR KANSAD FOR NEWLY ADDED AREA OF NEW SOUTH ZONE, SURAT MUNICIPAL CORPORATION. (INCLUDING 10 YEAR OF OPERATION AND MAINTENANCE)",799533400.00,10-09-2026 18:00:00,,,no,"The tender concerns design and construction of a sewage treatment plant, which is unrelated to Meril's surgical or diagnostic product lines."
18,333151,Tender Notice No.of 2024-25,NAGARPALIKA-Godhara Nagarpalika,"Maintaining and repairing pumping machinery and control panels of Bhamaiya water works and Kantadi Head water works site Under Nagar Palika, GodharaDist –Panchmahal. (Second Attempt)",,18-08-2026 18:00:00,,,no,"The title concerns maintenance of water works pumping machinery, which is unrelated to surgical/endosurgery or diagnostic products."
19,333518,Muni/PWD/- dt. 06/08/2026:T75p-QZ27c,NAGARPALIKA-Kodinar Nagarpalika,Annual rate contract for door to door collection of solid waste from each areas of ward no. 1 to 6 of Kodinar Nagarpalika and dumping it at dumping site (Including Vehicles and Staff),5972400.00,24-08-2026 18:00:00,,,no,"The tender is for solid waste collection and disposal services, unrelated to medical, surgical, or diagnostic products."
20,333529,07 of 2026-27,R&B-Panchayat - Navsari,NGP-10 Taka Year 2025-26. Construction of Smashan Building with Gas based Cremation Furnace System at Village Khergam Ta. Chikhli Dist.Navsari.,6560739.94,20-08-2026 18:00:00,,,no,"The tender is for construction of a cremation building with a gas furnace, which is unrelated to medical, surgical, or diagnostic products."
21,333530,UGVCL/ SND-R/DO/07/2026-27/Sr.No.2,UGVCL-Sanand Rural Division Office,"Executive Engineer, Sanand R Division has invited E-Tender for hiring of vehicle close body jeep (BS-6) 7-seater(Non AC) for 24hrs at Viramgam-R Sdn under Sanand R Do",1997079.20,31-08-2026 17:00:00,,,no,"The tender is for hiring a vehicle, which is unrelated to any surgical or diagnostic products."
22,333539,DGVCL/NVSR/2026-27/NVSR/002,DGVCL-Rural Division (O&M) - Navsari,Fabrication work of various line materials for erection HT /LT & TC center under Navsari Rural Division,1000000.00,19-08-2026 18:00:00,,,no,"The title describes civil/electrical fabrication work for a rural division, with no medical, surgical, or laboratory context."
23,333533,RRC/TECH-2/Advt./2026-27/04/1784/6 DT.24.07.2026,PGVCL-Rural Circle Office -PGVCL - Rajkot,"Carting of 11,500 Nos. of 8 Meter PSC Poles from Rampar beti Pole Factory- or any other pole factory of PGVCL to any location of PGVCL.",2475500.00,31-08-2026 18:00:00,,,no,"The tender concerns transportation of PSC utility poles, which is a civil/infrastructure activity unrelated to medical or diagnostic products."
24,333505,10 of 2026-27,R&B-Navsari Division,"Package : Vansda Section 01 CR to Various Road Under Chikhli (R & B) Sub Division Dist. Navsari (Jungle Cutting, White Lime & Geru Washing To Tree, Painting of km Stone, Hectometer Stone, Boards and repairs to side shoulders)",3694427.90,19-08-2026 18:00:00,,,no,"The title refers to road construction and maintenance activities, unrelated to medical/surgical or diagnostic products."
25,333522,NIT-50 of 2025-26,R&B-Kheda R&B Division Nadiad,"Consultancy Services for Preparation of Detailed Project Report (DPR) Land Acquisition, Forest Clearance & Utility Shifting for Dakor & Umreth Bypass Road Km. 0/0 to 20/67 (District Kheda)",25800000.00,24-08-2026 18:00:00,,,no,"The tender concerns consultancy for a road project (land acquisition, forest clearance, utility shifting), unrelated to medical/surgical or diagnostic products."
26,333528,TCNS/TR/ET-102/2026-27,GETCO-GETCO Transmission Circle Office - Navsari,"Survey, Design, Supply, Installation, Commission and maintenance of Solar PV System for 5 years as a rooftop at Control Room terrace of various Substation of Navsari AM Division - Pkg III under Navsari Circle.",9635098.00,25-08-2026 16:00:00,,,no,Hard-reject: civil/electrical-infra signal 'substation' — not a Meril product.
27,333499,BRCL/Transaction Advisor/Miscellaneous Civil Works/2026-27/T-34,GRIDE-Gujarat Rail Infrastructure Development Corporation Limited,Execution of various miscellaneous works in Katosan Road – Ranuj Section.,,24-08-2026 12:00:00,,,no,"The title refers to road construction works, with no medical, surgical, or diagnostic context."
28,333520,06 OF 2026-27,R&B-Panchayat Division Tapi,"Package No.23 /VAY/MMGSY/ER TO BT /4-RD/25-26 1)Uchamala Holi Faliya Village The Canal to Crematorium Road, Ch. 0/000 To 1/200 (2) Uchamala village Ghumati Faliya to main Road. 0/000 To 1/200 Km (3) Chapavadi Game bhati Faliya thi Mukhya Rasta thi prathmik shala thai AtulBhai na Ghar Pase Taraf Jata Damar Rasta nu Kam 0/000 To 0/510 (4) Const.of Maypur Game Mukhya Rasta thi Chaudhari Faliya smashan thai Borakhadi gaam na Mukhya Rastane Jodta Damar Rasta nu kam 0/000 To 0/700 Km Ta.Vyara Di. Tapi",16152637.64,18-08-2026 18:00:00,,,no,The title describes road and canal construction work with no medical or diagnostic context.
29,333513,DGVCL/NVSR/2026-27/NVSR/001,DGVCL-Rural Division (O&M) - Navsari,Fabrication work of various line materials for erection HT /LT & TC center under Navsari Rural Division,1000000.00,19-08-2026 18:00:00,,,no,"The title refers to construction/fabrication work for a power/telecom center, not medical or diagnostic products."
30,333339,02 OF 10TH AUGUST 2026/27,NAGARPALIKA-Sanand Nagarpalika,BID DOCUMENTS FOR ANNUAL RATE CONTRACT FOR CATCHING STRAY CATTLE IN SANAND MUNICIPALITY AREA - 2026,2000000.00,17-08-2026 19:00:00,,,no,"The tender concerns a municipal stray cattle control contract, unrelated to medical, surgical, or diagnostic products."
31,333492,14/2026-27,GWSSB-PH Mechanical Dn. Rajkot,"ITC of HMSM Pumset with associated electro-mechanical accessories and Comp.operation,maintenance,repair & security of End suction(Backpullout)/HMSM pumpset with all associated equipments/accessories,MCC panels and all elctro-mechanical equipments installed at Machchhu-2 Dam HW & Lilapar Filter HW under Lilapar Khanpar RWSS Of Morbi district for 24 months. (Pl see detailed scope of work)",1738009.00,18-08-2026 18:00:00,,,no,"The tender concerns pumps, MCC panels and electro‑mechanical work for a dam and water supply system, which is unrelated to Meril's surgical or diagnostic products."
32,333497,BVNC/16/2026/02,PGVCL-Circle Office - Bhavnagar,Furniture work at newly approved Akwada Sdn under city-2 Division of Bhavnagar circle,298376.19,25-08-2026 18:00:00,,,no,"The title refers to furniture work, which is unrelated to medical, surgical, or diagnostic products."
33,333502,RRC/TECH-2/Advt./2026-27/04/1784/5 DT.24.07.2026,PGVCL-Rural Circle Office -PGVCL - Rajkot,"Carting of 11,500 Nos. of 8 Meter PSC Poles from Shiv Shakti Pole Factory- or any other pole factory of PGVCL to any location of PGVCL.",2475500.00,31-08-2026 18:00:00,,,no,"The tender concerns transport of PSC poles, which is unrelated to Meril's surgical or diagnostic product lines."
34,333173,Tender Notice No.Moter Revinding 2026-27,NAGARPALIKA-Godhara Nagarpalika,Reparing and Rewinding Electric Submersible Moter’s and Fan.,,18-08-2026 18:00:00,,,no,"The title refers to repair of electric submersible motor and fan, unrelated to medical or diagnostic products."
35,333506,TCNS/TR/ET-101/2026-27,GETCO-GETCO Transmission Circle Office - Navsari,"Survey, Design, Supply, Installation, Commission and maintenance of Solar PV System for 5 years as a rooftop at Control Room terrace of various Substation of Navsari AM Division - Pkg II under Navsari Circle.",8627792.30,25-08-2026 16:00:00,,,no,Hard-reject: civil/electrical-infra signal 'substation' — not a Meril product.
36,333395,07 of 2026-27,R&B-Panchayat - Navsari,"New Gujarat Pattern (10 Taka) Yojna Year : 2025-26 Construction of Various Road in Gandevi Taluka Dist: Navsari. [Pakage No.12 Total 2 Roads, Total Km-1.3) (1) Kesli Village Gram Panchayat to Halpativas Road km 0/0 to 0/7 (2) Desad Village Naykiwad to Halpativas to Gram Panchayat toward Primary School Joining Road km 0/0 to 0/6",2897649.13,20-08-2026 18:00:00,,,no,"The tender is for road construction, which is a civil work unrelated to medical/surgical or diagnostic products."
37,333483,13 of 2026-27,R&B-Division Office - Chhotaudepur,"Renovation of B - Type 3 units, C - Type 2 units & D - Type 1 unit staff quarters building in Adarsh Nivashi School at Naswadi Ta. Naswadi Dist. Chhotaudepur",3694911.58,20-08-2026 18:05:00,,,no,"Tender is for renovation of school staff quarters, a construction activity unrelated to medical or diagnostic products."
38,333302,NIT-50 of 2025-26,R&B-Kheda R&B Division Nadiad,"Consultancy Services for Preparation of Detailed Project Report (DPR) Land Acquisition, Forest Clearance & Utility Shifting for Kapadwanj Bypass Road Km. 0/0 to 13/0 (District Kheda)",16300000.00,24-08-2026 18:00:00,,,no,"Tender is for consultancy on road and land acquisition, unrelated to medical or diagnostic products."
39,333178,Online Tender Notice No. 10 of 2026-27 (Third Attempt),"R&B-R&B Electrical Division, Surat","Engaging Wiremen services for Residential Buildings of Ramnagar Colony section of Electrical Sub division, Surat (for 11 months) (Year 2026-27)",406241.14,18-08-2026 12:00:00,,,no,"The title refers to electrical wiring services for residential buildings, which is unrelated to medical/surgical or diagnostic products."
40,333383,TCBRH/26-27/E-142,GETCO-GETCO Transmission Circle Office - Bharuch,"Bi-Annual ARC for upkeeping & housekeeping of Control room , switchyard ,adjoining offices of 132kV Ankleshwar sub-station under AM Division Zagadia",908599.81,03-09-2026 16:00:00,,,no,"The title concerns maintenance and housekeeping of an electrical sub-station, which is unrelated to surgical or diagnostic products."
41,333268,C-I: 09/2026,DPA-Pipeline Division,Development of Container Terminal at Tuna-Tekra “Common Road connectivity from Take-off point up to back up area” Stage-II.,259184420.00,25-08-2026 16:00:00,,,no,"The title describes a civil construction project for a container terminal, unrelated to medical or diagnostic products."
42,333480,CHWD/30-CCROAD/RT00,NAGARPALIKA-Chorwad Nagarpalika,"CONSTRUCTION OF C.C. ROAD AT JAGARIYAPA AREA NAGARPALIKA AREA, CHORVAD, DIST. JUNAGADH",731400.00,31-08-2026 18:00:00,,,no,"The tender is for road construction, which is unrelated to surgical or diagnostic products."
43,333390,TCJ/26-27/48,GETCO-GETCO Transmission Circle Office - Jamnagar,"Work of shifting of 132KV D/C Jamnagar-Kansumara line between location no. 108 to 109 for Jamnagar Municipal Corporation, under Deposit Scheme for construction of flyover bridge at Theba Chokdi Junction.",1168044.58,31-08-2026 16:00:00,,,no,"The tender concerns electrical line shifting and flyover bridge construction, which are civil/electrical works unrelated to surgical or diagnostic products."
44,333131,02/ General Stores / VSGH/2026-27,AMC-Vadilal Sarabhai General Hospital,Supply / Providing of Printing Items For Two Years on Rate Contract Base,8300000.00,17-08-2026 18:30:00,,,no,"The title refers to printing items on a rate contract, with no medical, surgical, or diagnostic context."
45,333490,TCNS/TR/ET-100/2026-27,GETCO-GETCO Transmission Circle Office - Navsari,"Survey, Design, Supply, Installation, Commission and maintenance of Solar PV System for 5 years as a rooftop at Control Room terrace of various Substation of Navsari AM Division - Pkg I under Navsari Circle.",8006518.40,25-08-2026 16:00:00,,,no,Hard-reject: civil/electrical-infra signal 'substation' — not a Meril product.
46,333321,RRC/TECH-2/Advt./2026-27/04/1784/4 DT.24.07.2026,PGVCL-Rural Circle Office -PGVCL - Rajkot,"Carting of 11,500 Nos. of 8 Meter PSC Poles from Rameshwar Pole Factory- or any other pole factory of PGVCL to any location of PGVCL.",2475500.00,31-08-2026 18:00:00,,,no,"The tender concerns transportation of 8‑meter PSC poles for a power utility, unrelated to surgical/endosurgery or diagnostic products."
47,333427,"DMC/SZ-B/05/2026-2027,WORK NO.05",SMC-Surat Mahanagar Seva Sadan,"Repairing and Maintanance work of footpath of Newly Added Area in DTP-34 (Pali-Sachin-Kansad), DTP-59 (Sachin-Pardi), DTP-33 (Talangpor, Umber), Kanakpur, Kansad of South Zone-B (Kanakpur) (2nd Attempt)",5079125.40,24-08-2026 18:00:00,,,no,"The title refers to civil footpath repair and maintenance, unrelated to medical or diagnostic products."
48,333428,RMC/Water Works Project/2026-27/2,RMC-Rajkot Municipal Corporation,Dismatling Work of ESR tank at various location under water management unit in RMC Area THIRD ATTEMPT.,2282000.00,31-08-2026 17:00:00,,,no,"The title refers to dismantling work of an ESR tank in a water management unit, which is civil/industrial work unrelated to medical or diagnostic products."
49,332661,8/2026-27(2nd Attempt),R&B-Panchayat R&B Division - Bharuch,(Package No. 2) Constructing Aanganwadi building at (1) Sarbhan-1 Sector Matar (2) Sarbhan-2 Sector Matar & (3) Sarbhan-4 Sector Matar Tal. Amod Dist. Bharuch,4474634.27,18-08-2026 18:00:00,,,no,"The title refers to construction of community buildings, which is a civil work unrelated to medical/surgical or diagnostic products."
50,333417,RND-519 DGVCLDRND/0119/08/2026 Approved Date: 10-08-2026,DGVCL-Division Office - Rander,"RND-519 Work of Supply, Installation, testing and commissioning earthing for transformer center with Maintenance free, ready capsule, Pipe-in-cage (PIC) type earthing and connections to the various parts of transformer center using GI Strip and GI nut bolts at Rander Twon 2 Sub division under Rander Division. And if it is required work to be carried out in other Scheme & Other Sub Division under Rander Division.",1000000.00,25-08-2026 18:00:00,,,no,"The tender concerns electrical earthing and transformer equipment, not medical or diagnostic products."
1,333184,Tender Notice No.18 of 2025-26,NWR-Irrigation Division-Gir Somnath,"construction of Paver Block and Repairing of ISR Building, Construction work of Security Cabin Without Toilet Block At (1) Near Spillway (2) On Earthen bund and (3) Security Cabin With Toilet block at downstream Side near Existing of Room at Machhundri Dam site.(Third Attempt)",2638126.64,19-08-2026 18:00:00,,,no,Hard-reject: civil/electrical-infra signal 'paver block' — not a Meril product.
2,333069,GUDC/PROJECTS/SJMMSVY/SWD/BHANVAD,GUDC-Project Department,"Bhanvad Storm Water Drainage Scheme (SWD) Project under SJMMSVY : Working Survey, Soil Investigation, Design and Construction Work of R.C.C. Box Drain with other related works on Mokhana Bhanvad Road from Court building via Nagapalika office to Sathvara Samaj ni Wadi to falku river for Bhanvad Storm Water Drainage Scheme (SWD) Project under SJMMSVY for Bhanvad Nagarpalika, District- Devbhoomi Dwarka, Gujarat” Under SJMMSVY",110401345.00,09-09-2026 18:30:00,,,no,"The tender is for civil construction of a storm water drainage scheme, unrelated to medical or diagnostic products."
3,333360,VMC/SL/ARC ROSH/2026-27,VMC-STREET LIGHT,"ANNUAL RATE CONTRACT FOR PROVIDING TEMPORARY DECORATIVE & EXTRA LIGHTING ON DIFFERENT BUILDINGS, BRIDGES, ROADS ON FESTIVAL DAYS AND OCCASIONS.",30000000.00,24-08-2026 13:00:00,,,no,"Tender is for decorative lighting on buildings, bridges, and roads, unrelated to medical or diagnostic products."
4,332746,8/2026-27(3rd Attempt),R&B-Panchayat R&B Division - Bharuch,Upgradation Smashan Gruh at Village Jhagadia Tal. Jaghadiya Dist. Bharuch,1605045.37,18-08-2026 18:00:00,,,no,"The title concerns upgrading a cremation facility, which is unrelated to medical, surgical, or diagnostic products."
5,333270,14/2026-2027(2nd Attempt),GWSSB-P.H Works Division - Devbhumi Dwarka,"Demolition of existing Civil and Machenical Office Buildings under M&R to Office at Jal Bhavan Ta. Khambhaliya, Dist. Devbhoomi Dwarka.(2nd Attempt)",141793.98,25-08-2026 18:00:00,,,no,"The title describes demolition of civil and mechanical office buildings, which is unrelated to surgical or diagnostic products."
6,333235,06 OF 2026-27,R&B-Panchayat Division Tapi,Package No. 22 /VAY/MMGSY/ER TO BT /3-RD/25-26 (1) Chikhlda Village dairy Near Veldha village joining Road 0/000 To 1/600 Km (2) Chinchbardi Village dairy near Vadpada village joining Road 0/000 To 1/000 Km (3) Kapura Village Moti Canal Bridge to Patel Faliya Road 0/000 To 1/000 Ta. Vyara Di.Tapi,14472575.29,18-08-2026 18:00:00,,,no,"The title describes road and bridge construction for villages, which is unrelated to medical or diagnostic products."
7,333188,04 of 2026-27,WASMO-DWSU - Patan,"Wasmo Type Design & Drawing R.C.C. E.S.R of 80,000 Lit Capacity And 12 m Height & Pump Room size 2.00 x 2.00 x 3.00 mtr 2 Nos, Providing, Supplying, Excavation, Lowering, Laying Jointing & Refilling 110/140 mm Dia PVC Pipe Line & GI Pipeline 100mm/150mm Dia. GI Pipe Heavy Duty for Valve Stand as a Water Rising & Distribution & Providing Supply and Fitting Pumping Machinery for Existing Sump. At Village: - Laxmipura (Vadani), Ta: - Saraswati, Dist:- Patan Under Augmentation of Tap Connectivity in Rural Area Programme-2026-27.",2711358.99,27-08-2026 18:00:00,,,no,"The title describes civil engineering and water supply infrastructure works, not medical or diagnostic products."
8,333405,288/2026-27,VMC-Water Works Project,PROVIDING AND LAYING 1400 MM DIAMETER NEW FEEDER LINE RELATED TO SHIFTING OF EXISTING 1400 MM DIA. OF SINDHROT FEEDER LINE WHICH IS OBSTRUCTED IN THE CONSTRICTION OF SUNPHARMA BHAYALI BRIDGE. (RE-INVITE),21163583.03,31-08-2026 16:00:00,,,no,"The title describes civil construction of a feeder line and bridge, unrelated to medical or diagnostic products."
9,333283,2026-2027,NAGARPALIKA-Palanpur Municipality,ANGANVADI RENOVATION AT PALANPUR NAGARPALIKAS AREA,1351015.00,18-08-2026 18:00:00,,,no,"The title refers to a renovation project, not medical or diagnostic supplies."
10,333287,CHWD/30-PAVERBLOCK/RT00,NAGARPALIKA-Chorwad Nagarpalika,"CONSTRUCTION OF PAVER BLOCK ROAD AT SASRIVAV AREA NAGARPALIKA AREA, CHORVAD, DIST. JUNAGADH",731352.00,31-08-2026 18:00:00,,,no,Hard-reject: civil/electrical-infra signal 'paver block' — not a Meril product.
11,333364,TCNS/TR/ET-97/2026-27,GETCO-GETCO Transmission Circle Office - Navsari,"Survey, Design, Supply, Installation, Commission and maintenance of Solar PV System for 5 years as a rooftop at Control Room terrace of various Substation of Vapi AM Division - Pkg IV under Navsari Circle.",9897873.40,25-08-2026 16:00:00,,,no,Hard-reject: civil/electrical-infra signal 'substation' — not a Meril product.
12,333318,14 of 2026-27,SYCAD-Sports Authority of Gujarat,Reconstruction of Archaeology Office Building at Bhuj. (2nd Attempt),47594201.89,24-08-2026 18:00:00,,,no,"The title refers to reconstruction of an office building, which is a civil construction project unrelated to medical or diagnostic products."
13,333327,MTC/082026/n-52,GETCO-GETCO Transmission Circle Office-Mehsana,"Hiring of Diesel Driven, Air-Conditioned, Minimum 9 Seater close body SUV Vehicle along with Driver for 12 Hrs./Day and 3000 KM/Month for period of two years for 220kV Sankhari S/s of Patan AM Division under Mehsana Circle.”",1441320.00,31-08-2026 16:00:00,,,no,"Tender is for hiring a diesel SUV vehicle for power line work, unrelated to medical/surgical or diagnostic products."
14,333060,19 / 2026 ‐ 27,AMC-Central Workshop,Tender for Comprehensive Operation and Maintenance Contract for 5 (Five) Years of Existing Truck Mounted Road Sweeping Machines of AMC ‐15 Nos. as per AMC tender conditions and requirements.,,24-08-2026 18:00:00,,,no,"The tender concerns maintenance of truck-mounted road sweeping machines, unrelated to surgical or diagnostic products."
15,333369,14 of 2026-27,SYCAD-Sports Authority of Gujarat,"Upgradation & Construction of multi outdoor sports facilities at Gandhidham District Sport Complex, Kutch (2nd Attempt)",294751058.63,24-08-2026 18:00:00,,,no,"The tender concerns construction of outdoor sports facilities, which is unrelated to medical, surgical, or diagnostic products."
16,333275,HLD/TECH/EE/FABRICATION STORE/JULY-2026/1,MGVCL-HALOL (O & M) DIVISION,LABOUR WORK FOR FABRICATION OF VARIOUS ITEMS FOR HT LT & TC UNDER HALOL DIV STORE.,2044340.00,31-08-2026 16:00:00,,,no,"The title refers to labour work for fabricating items, with no medical, surgical, or diagnostic context."
17,333401,DC/FES/05/2026-27 Work No.– 01,SMC-Surat Mahanagar Seva Sadan,SUPPLY OF CHASSIS AND FABRICATION OF MINI FIRE ENGINE- 12 Nos.,,24-08-2026 18:00:00,,,no,"The tender is for fire engine chassis and fabrication, unrelated to medical or diagnostic products."
18,333358,"DMC/SZ-B/05/2026-27, Work No.04",SMC-Surat Mahanagar Seva Sadan,"Providing and Laying 250 mm Dia R.C.C NP3 class pipe line with simple chamber on Internal road of Haridarshan Nagar Society (Moje-Gabheni) R. S. No. 224/1, Block No. 228 and 230 in South Zone-B (Kanakpur) Surat Municipal Corporation.",4209684.90,24-08-2026 18:00:00,,,no,The tender concerns civil infrastructure (R.C.C pipeline) and not medical or diagnostic products.
19,333303,RND-518 DGVCLDRND/0112/08/2026 Approved Date: 10-08-2026,DGVCL-Division Office - Rander,"RND-518 Tender for provide knowledge skill person and Overseers for 11kv/22kv underground cable / overhead line for HT cable route patrolling, cable safe guarding, cable fault joint pit excavation etc. work as per Instruction of Engineer in charge Under Rander Town-1 Sub Division under Rander Division.",345580.00,24-08-2026 18:00:00,,,no,"The tender is for electrical cable patrolling and excavation work, unrelated to medical/surgical or diagnostic products."
20,333009,ACE(P&C)/TN-11/2026-2027,GETCO-Gujarat Energy Transmission Corporation Limited vadodara,Purchase of G.I. Earth-wire & GI Stay -wire as per GETCO technical specification on firm price basis against tender no. ACE(P&C)/SE(P&C)/EE(Proc)/I/E-3110/G.I. Earth wire & Stay wire/2026-27,139042000.00,03-09-2026 16:00:00,,,no,"The tender concerns galvanized iron earth and stay wires for electrical work, unrelated to medical or diagnostic products."
21,333085,ACE(P & C)/Contracts/Civil-664/26-27/66kV Sanand 3 SS,GETCO-Gujarat Energy Transmission Corporation Limited vadodara,"Construction of First Floor Control Room Building, Foundations, Precast Cable Trench, Precast Compound Wall, RCC Road and Misc. Civil works at 66kV Sanand 3 GIDC SS Ta. Sanand and Dist. Ahmedabad under Surendranagar Circle",62135346.00,24-08-2026 16:00:00,,,no,Hard-reject: civil/electrical-infra signal 'cc road' — not a Meril product.
22,333304,BUILDING / Main office House keeping work / 2025-2026,BMC-Bhavnagar Municipal Corporation,Tender for Outsourced provision of cleaning work at the Main Office of Bhavnagar Municipal Corporation from the date of order placement till 31/03/2027.,,25-08-2026 18:00:00,,,no,"The tender is for cleaning services at a municipal office, unrelated to medical, surgical, or diagnostic products."
23,333299,06 of 2026 - 2027,"GWSSB-P. H. Mechanical Division, Ahmedabad",Drilling 200 / 250 mm dia. up to 300 meters (Total 8 numbers) deep tube wells by DR / RR drilling rig with M.S. Cabin at various villages in Mansa Taluka (Group E) of Gandhinagar district including supply of various type of MS bore materials & slotting work of MS ERW pipes,4994043.00,31-08-2026 18:00:00,,,no,"The tender concerns drilling tube wells and supplying steel bore materials, unrelated to surgical or diagnostic products."
24,333319,"DMC/PPG/03/2026-27 work no. 1, 2, 3",SMC-Surat Mahanagar Seva Sadan,"Offer for horticultural works at Suman Nursery in Work no.1 South West Zone, Work no. 2 South East Zone, Work no. 3 East-B Zone.",,17-08-2026 18:00:00,,,no,"The tender concerns horticultural works, which are unrelated to surgical or diagnostic products."
25,333212,01 of 2026-27 (Re-invite),R&B-Panchayat - Navsari,"MMGSY Year 2025-26 (86-5054-04-337-15 Sr. No. 1)(ER TO BT) Construction Of Nimlai Village Asal Juna Road To Swaminarayan Sankul Towards Road (VR NP) K.M. 0/00 to 1/500 Tal :- Jalalpore, Dist:- Navsari. (Re-invite)",5836217.57,24-08-2026 18:00:00,,,no,"The title describes a road construction project with no medical, surgical, or diagnostic context."
26,333311,BD/44/2026,"MGVCL-O&M Division, Baroda",Annual Rate Contract for providing outsource labours for Repairing of Various rating (5KVA to 500 KVA) Distribution Transformers having CRGO & Amorphous core on rating wise Fixed rate at in-house repairing center at CHHANI MGVCL CAMPUS or any suitable place under BARODA (O&M) Division of MGVCL.,2981544.94,31-08-2026 16:00:00,,,no,Hard-reject: civil/electrical-infra signal 'distribution transformer' — not a Meril product.
27,333043,TCBRH/26-27/E-141,GETCO-GETCO Transmission Circle Office - Bharuch,Tender for Work of replacement of 220kV flyover single Zebra conductor and Jumper/Dropper by single zebra conductor of various 220kV Lines and 220/132kV TR bays at 220kV Haldarwa S/s under Haldarwa AM Division under Bharuch Circle,1142752.71,03-09-2026 16:00:00,,,no,"The tender is for electrical power line and flyover conductor replacement, unrelated to medical, surgical, or diagnostic products."
28,333179,10 of 2026-27,R&B-Morbi Division,"Repairing/Renovation of I.T.I Building at MORBI, Dist. Morbi ( By providing Toilet Renovation, Vitrified Tiles, Plaster, color, Door-Window etc.)",7310197.25,25-08-2026 18:00:00,,,no,"The tender concerns building renovation and construction supplies, with no medical, surgical, or diagnostic relevance."
29,333106,GNFC/TAO/SANITATION/ARC/2026,GNVFC-Township Administration Office (TAO),"Annual rate contract(ARC) for rendering health, sanitation and other Misc. services in GNFC’s residential Township and Angareshwar Guest House area",16000000.00,24-08-2026 17:30:00,,,no,"The title refers to a service contract for health and sanitation services, not to medical/surgical products or diagnostic kits."
30,333214,TCNS/TR/ET-96/2026-27,GETCO-GETCO Transmission Circle Office - Navsari,"Survey, Design, Supply, Installation, Commission and maintenance of Solar PV System for 5 years as a rooftop at Control Room terrace of various Substation of Vapi AM Division - Pkg III under Navsari Circle.",9591302.10,25-08-2026 16:00:00,,,no,Hard-reject: civil/electrical-infra signal 'substation' — not a Meril product.
31,333185,DBH/TECH/3699 dated: 10.08.2026 PR-231913,MGVCL-Dabhoi (O & M) Division,"Annual Rate Contract for providing outsource labours for Repairing of Various rating (5KVA to 500 KVA) Distribution Transformers having CRGO & Amorphous core on rating wise Fixed rate at in-house repairing center, Dabhoi Division (or any suitable place) under Baroda (O&M) Circle of MGVCL",2981544.94,31-08-2026 16:00:00,,,no,Hard-reject: civil/electrical-infra signal 'distribution transformer' — not a Meril product.
32,333259,Anj/CMC/e-Tn-96/2026,GETCO-GETCO Transmission Circle Office - Anjar,"Bi-ARC for hiring of Non A/C diesel/Petrol Utility Vehicle (1 MT carrying capacity, 4+1 seating capacity) Back side open type jeep maxi taxi passing vehicle along with driver for JE 66 KV Gadhsisa GSS for 12hrs per day, 3000kms per month under Nakhatrana AM Division under Anjar AM Circle (Vehicle with registration not older than 5 years as on Technical bid opening date)",1566860.64,31-08-2026 16:00:00,,,no,"The tender is for hiring a utility vehicle, unrelated to surgical or diagnostic products."
33,333202,T.E.NO.GMSCL/D-796/RC/2026-27,GMSCL-Gujarat Medical Services Corporation Ltd,"T.E.NO.GMSCL/D-796/RC/2026-27 TABLET & CAPSULE, INJECTION,MISSELENEOUS ITEMS (25 ITEMS)",,25-08-2026 18:00:00,,,no,"Title lists tablets, capsules, injections and miscellaneous items, which do not match Meril Endo surgical or Meril Diagno IVD product ranges."
34,333220,01 OF 2026-27 (Second Attmpt),"APMC-Agricultural Produce Market Committee, Kadana","PROPOSED CONSTRUCTION OF A SHOP CUM GODOWN BUILDING,AAUCTION HALL BUILDING WORK,COMPOUND WALL,INTERIAR C C ROAD,OFFICE BUILDING,TOILET BLOCK,WEIGH BRIDGE WORK IN R.S.No. 27 paiky AT MAIN MARKET YARD SALIYAVADI ( KADANA )",14983052.00,21-08-2026 16:00:00,,,no,"The title describes construction and civil works (building, road, toilet block, weigh bridge) unrelated to surgical or diagnostic products."
35,333157,UGVCL/SND-R/ DO /05/2025-26/Sr.No.1,UGVCL-Sanand Rural Division Office,"Executive Engineer, Sanand Rural Division has invited E-tender for Hiring of crane at Sanand Rural Divisional store under Sanand Rural Division",1472640.00,31-08-2026 17:00:00,,,no,"The tender is for hiring a crane, which is unrelated to surgical/endosurgery or diagnostic products."
36,333199,BCD-II-ONLINE TENDER-145-AUG-2026,PGVCL-City2 Division - Bhavnagar,Tender for Providing & Fixing Cable Jointing Kit work for all subdivision under City-2 Division Bhavnagar.,2000000.00,18-08-2026 18:00:00,,,no,"The title refers to cable jointing kit work, which is a civil/utility activity unrelated to medical or diagnostic products."
37,333244,BSD/ARC/TRC/2026-27/231912,MGVCL-Borsad (O & M) Division,"Annual Rate Contract for providing outsource labours for Repairing of Various rating (5KVA to 500 KVA) Distribution Transformers having CRGO & Amorphous core on rating wise Fixed rate at in-house repairing center, Borsad Division or any suitable location",2516503.00,01-09-2026 16:00:00,,,no,Hard-reject: civil/electrical-infra signal 'distribution transformer' — not a Meril product.
38,333200,"DMC/PPG/03/2026-27., Work No.04 & 05",SMC-Surat Mahanagar Seva Sadan,Work no. 4 Unit rate tender for trimming of dangerous or obstructed trees in society area of SMC City Limit. (2nd Attempt) Work no.05 Unit rate tender for trimming of dangerous or obstructed trees on main or internal roads of SMC City Limit. (2nd Attempt),,17-08-2026 18:00:00,,,no,"Tender is for tree trimming works, which are unrelated to surgical or diagnostic products."
39,333193,BD/43/2026,"MGVCL-O&M Division, Baroda",Annual Rate Contract for providing outsource labours for Repairing of Various rating (5KVA to 500 KVA) Distribution Transformers having CRGO & Amorphous core on rating wise Fixed rate at in-house repairing center at Desar sdn or any suitable place under BARODA (O&M) Division of MGVCL.,2981544.94,31-08-2026 16:00:00,,,no,Hard-reject: civil/electrical-infra signal 'distribution transformer' — not a Meril product.
40,331557,E-37(2026-27),"DGVCL-O and M Division, Ankleshwar","Hiring of Diesel driven Taxi / Maxi passing Close Body Jeep Model not more than three months old for 3 years & 12 Hrs.(4+1) Person for Lab Section under Rural Division, Ankleshwar",1724400.00,17-08-2026 18:00:00,,,no,"The tender concerns hiring diesel vehicles for transport, not medical or diagnostic products."
41,333207,JAM-41/08-2026,MGVCL-Jambuva Division,Annual Rate Contract for providing outsource labours for Repairing of Various rating (5KVA to 500 KVA) Distribution Transformers having CRGO & Amorphous core on rating wise Fixed rate at in-house repairing center at Jambuva Division or any suitable place of jambuva division area under Baroda (O&M) Circle of MGVCL,2981545.00,31-08-2026 16:00:00,,,no,Hard-reject: civil/electrical-infra signal 'distribution transformer' — not a Meril product.
42,332380,MDCMPUL/2026-27/69/DHD/ ARC for Supply of Ultra and Aqua snap ATP Surface and Water Test Swab,DAIRIES-Dudhsagar Dairy,ARC for Supply of Ultra and Aqua snap ATP Surface and Water Test Swab at Dudhmotisagar Dairy-Dharuhera,1600000.00,27-08-2026 17:00:00,,,no,"The tender concerns ATP surface and water test swabs for a dairy, which are unrelated to Meril's surgical or diagnostic product lines."
43,332562,ACE(P&C)/Contract/E-503/TL/66kV/S&E,GETCO-Gujarat Energy Transmission Corporation Limited vadodara,"Supply, Erection, testing & commissioning of 66kV D/C Becharaji-Vithalapur line on M/C Tower with ACSR Panther Conductor (AP-14 to AP-34) 11.86Rkm Under KSY Scheme.",126591627.97,03-09-2026 16:00:00,,,no,"The title concerns supply and commissioning of a 66kV power transmission line, unrelated to surgical or diagnostic products."
44,333035,NIT-50 of 2025-26,R&B-Kheda R&B Division Nadiad,"Consultancy Services for Third Party Inspection, Quality Assurance & Technical Audits Services for Various Ongoing Roads & Bridges Projects in Kapadwanj Taluka (District Kheda)",9881500.00,24-08-2026 18:00:00,,,no,"The tender relates to consultancy for road and bridge projects, which is a civil infrastructure activity unrelated to medical or diagnostic products."
45,333053,04/2026-27,NAGARPALIKA-Vyara Nagarpalika,"Repairing, Renovation and Upgradation Work Of Existing SWIMMING POOL For Vyara Nagar Palika, Vyara, Dist: Tapi. ( with 3 year maintnace grantee period ) under SJMMSVY 2025-26",22262590.00,29-08-2026 18:00:00,,,no,"The tender concerns construction and renovation of a swimming pool, which is unrelated to surgical/endosurgery or diagnostic products."
46,333198,UGVCL/TALOD DO/WORKS /2026-27/29,UGVCL-Talod Division,Tender for hiring of Articulated Hydraulic Elevating Platform Mounted on Vehicle For Talod-1 Sdn Under Talod Division.,3000000.00,20-08-2026 16:00:00,,,no,"The title refers to hiring a hydraulic elevating platform for a vehicle, unrelated to medical, surgical, or diagnostic products."
47,333187,AND/ARC/TRC/2026-27/231914,MGVCL-Anand(O and M)Division Office,Annual Rate Contract for providing outsource labours for Repairing of Various rating (5KVA to 500 KVA) Distribution Transformers having CRGO & Amorphous core on rating wise Fixed rate at Anand RSO compound (V V Nagar SS compound) or any suitable location under Anand (O&M) Division of MGVCL,2516503.00,01-09-2026 16:00:00,,,no,Hard-reject: civil/electrical-infra signal 'distribution transformer' — not a Meril product.
48,333158,DGVCL/VALSAD-CITY DO/E-TENDER/2026-27/27,DGVCL-City Division Valsad,"Dismantling of existing HT, LT & TC & Erection with maintenance & supply, laying, testing & commissioning of 11/22 KV underground cable under (Gujarat wire free city mission) SI scheme & other various scheme under Valsad East, Coastal, Nanakwada and other sub- division under valsad city Division. (Time Limit- six Months)",2950000.00,19-08-2026 18:10:00,,,no,"The title describes dismantling, erection, and commissioning of underground electrical cables, which is unrelated to medical, surgical, or diagnostic products."
49,333159,01 of 2026-27,R&B-Panchayat - Navsari,"MMGSY : Year 2025-26 (ET to BT) (Resurfacing) Construction of Ambheta main Road to Ashramshala Joining Road (VR-NP) Ta.Gandevi, Dist.Navsari (km 0.3)",1490103.08,24-08-2026 18:00:00,,,no,"The tender is for road construction/resurfacing, unrelated to medical or diagnostic products."
50,333136,TCNS/TR/ET-95/2026-27,GETCO-GETCO Transmission Circle Office - Navsari,"Survey, Design, Supply, Installation, Commission and maintenance of Solar PV System for 5 years as a rooftop at Control Room terrace of various Substation of Vapi AM Division - Pkg II under Navsari Circle.",9240934.90,25-08-2026 16:00:00,,,no,Hard-reject: civil/electrical-infra signal 'substation' — not a Meril product.
1,333155,RFP No. GMDC/GEO/06/2026,GMDC-Purchase,"Supply, Installation, Testing, Commissioning and Demonstration of Centrifuge Machine, Vibratory Cup Mill, Hydraulic Core Splitter, Jaw Crusher and Pulveriser At Copper Project Ambaji & Fluorspar Project Kadipani GMDC Ltd.",,25-08-2026 18:00:00,,,no,"The title concerns industrial mining equipment (centrifuge, crusher, etc.) unrelated to medical or diagnostic products."
2,333105,DMC/PPG/03/2026-27 Work No.06,SMC-Surat Mahanagar Seva Sadan,Horticultural Development and Maintenance work at Draft T.P.S. No. 29 (Vesu-Rundh-Magdalla) Shahid Smarak-Shaurya Smarak in South West Zone. (Phase-III) (10th Attempt),8629910.00,17-08-2026 18:00:00,,,no,"The title concerns horticultural development and maintenance work, unrelated to medical, surgical, or diagnostic products."
3,331039,MDCMPUL/2026-27/072/DHD/ Replacement of Resin,DAIRIES-Dudhsagar Dairy,"Supply and Installation of Resin in WTP at Dudhmotisagar Dairy, Dharuhera",600000.00,25-08-2026 17:00:00,,,no,"The tender is for supplying and installing resin in a water treatment plant for a dairy, unrelated to medical or diagnostic products."
4,333076,10 of 2026-27,R&B-Morbi Division,"Repairing/Renovation of I.T.I Building at TANKARA, Dist. Morbi ( By providing Ots Sheet Rooftop, General Plumbing, Vitrified Tiles, Plaster, color, Door-Window etc.)",2940552.65,25-08-2026 18:00:00,,,no,"Title is for building renovation and construction works, not medical or diagnostic products."
5,333138,UGVCL/TALOD DO/ TENDER/2026-27/26,UGVCL-Talod Division,TENDER FOR HIRING OF CLOSED BODY JEEP DIESEL BOLERO NON AC VEHICLE HAVING JEEP/TAXI/MAXI PASSING WITH DRIVER AT Choila SDN UNDER TALOD DIVISION.,1893612.00,20-08-2026 16:00:00,,,no,"The title is for hiring a diesel jeep vehicle, unrelated to medical or diagnostic products."
6,331034,MDCMPUL/2026-27/070/DHD/Yogurt FFS Machine spares,DAIRIES-Dudhsagar Dairy,Supply of spares for FFS Machine in Yougurt Section at Dudhmotisagar Dairy - Dharuhera.,5000000.00,25-08-2026 17:00:00,,,no,"The tender is for spares for a dairy yogurt machine, which is unrelated to medical, surgical, or diagnostic products."
7,333135,01 of 2026-27,R&B-Panchayat - Navsari,"MMGSY : Year 2025-26 (ET to BT) Construction of Undach Vaniya Faliya Luhar Faliya to NH Joining Main Road to Arogya Center Joining Road (VR-NP) km 0/0 to 0/2 Ta.Gandevi, Dist.Navsari",816182.01,24-08-2026 18:00:00,,,no,"The tender concerns road construction work, not medical, surgical or diagnostic products."
8,331036,MDCMPUL/2026-27/071/ Civil Ubkhal boiler house modification,DAIRIES-Dudhsagar Dairy,"Civil construction, modification, repair and demolition work required for installation of new boiler in the existing boiler house at Cattle Feed Plant- Ubkhal.",840000.00,25-08-2026 17:00:00,,,no,"The title describes civil construction and boiler installation, unrelated to medical or diagnostic products."
9,333116,Unit Price Rate Asphalt Road,NAGARPALIKA-Godhara Nagarpalika,Asphalt road and C.C.road (Petchwork) work from Various area at Godhra,,18-08-2026 18:00:00,,,no,Hard-reject: civil/electrical-infra signal 'asphalt' — not a Meril product.
10,333016,Tender Notice No 07 of 2026-27,NWR-Sabarkantha Irrigation Division - Himatnagar,Providing consultancy service for Lift Irrigation Project for feeding various tank of Khedbrahma Taluka from Dharoi reservoir Project Ta.Khedbrahma Dist.S.k,2652000.00,24-08-2026 18:10:00,,,no,"The title refers to a lift irrigation consultancy project, which is unrelated to medical, surgical, or diagnostic products."
11,333124,UGVCL/TALOD DO/WORKS /2026-27/25,UGVCL-Talod Division,Tender for Hiring of vehicle Closed Body Jeep Diesel Bolero Non AC Vehicle Having Jeep/Taxi/Maxi Passing with Driver at Dhansura MMG sdn Under Talod do.,1893612.00,20-08-2026 16:00:00,,,no,"The tender is for hiring a diesel jeep vehicle, unrelated to surgical or diagnostic products."
12,333120,01 of 2026-27,R&B-Panchayat - Navsari,"MMGSY Earthan to BT 2025-26. Const. of Various Roads in Vansda Taluka Package No. 35 Total 2 road 2.050 km. 1.Construction of Ambabari School faliya to Nava faliya road Sec-I 0/0 to 1/100, Sec-II 0/0 to 0/350, 2.Construction of Nanibhamti main road to Primary School and Primary Health Center joining road Ch 0/0 to 0/600.",12442441.95,24-08-2026 18:00:00,,,no,"Title describes construction of roads and school infrastructure, with no medical, surgical, or diagnostic context."
13,315982,MDCMPUL/2026-27/049/DMD Bore well,DAIRIES-Dudhsagar Dairy,"Drilling of new Borewell at Dudhmansagar Dairy, Manesar",1600000.00,25-08-2026 17:00:00,,,no,"The title refers to borewell drilling for a dairy, which is a civil/irrigation activity unrelated to medical or diagnostic products."
14,332887,Tender Notice 6 Year 2026-2027,NWR-Kachchh Irrigation Division,Providing Pipeline in watercourse near 10 No. Kundi of Gajod Medium Irrigation Scheme in Mundra Taluka of Kachchh District,2539530.84,24-08-2026 18:00:00,,,no,"The tender is for a civil irrigation pipeline project, unrelated to medical or diagnostic products."
15,333125,284-5/26-27,VMC-Vadodara Mahanagar Seva Sadan,"Tender for Selection of Service Provider for Security Services by deploying required number of security personnel (Ex-Serviceman) to Safeguard, monitor & maintain security at Offices/ locations / Vital installations for One Years Vadodara Municipal Corporation, Vadodara.",60000000.00,31-08-2026 16:00:00,,,no,"The tender is for security personnel services, which is unrelated to medical, surgical, or diagnostic products."
16,333118,01/ General Stores / VSGH/2026-27,AMC-Vadilal Sarabhai General Hospital,Supply / Providing of General and Sanitation Items For Two Years on Rate Contract Base,1800000.00,17-08-2026 15:00:00,,,no,"The title refers to general sanitation items, which are unrelated to Meril's surgical or diagnostic product lines."
17,332980,2026-2027 & 2027-2028,GCRI-General Store,Re-Tender Document For Rate Contracts for Petty Supply For the year 2026-2027 & 2027-2028,8700000.00,20-08-2026 17:00:00,,,no,"The title refers to generic petty supply rate contracts with no medical, surgical, or diagnostic context."
18,332928,01/2026-2027,HFW-General Hospital - Mehsana,PURCHASE OF Implants AT GENERAL HOSPITAL MEHSANA. Year 2026-28,,31-08-2026 18:00:00,,Unknown,no,"[2nd-pass REJECTED] The tender seeks generic medical implants without specifying any of Meril's listed surgical or IVD products, so it does not match our product portfolio."
19,332886,Tender Notice 6 Year 2026-2027,NWR-Kachchh Irrigation Division,Construction Work of Compound wall at Section Colony of Rudramata Dam in Loriya Village of Bhuj Taluka of Kachchh District,2314896.60,24-08-2026 18:00:00,,,no,"The title refers to civil construction of a compound wall, unrelated to medical or diagnostic products."
20,333121,284-3/26-27,VMC-Vadodara Mahanagar Seva Sadan,"Tender for Selection of Service Provider for Security Services by deploying required number of security personnel to Safeguard, monitor & maintain security at different offices / locations/ installations for One Year, North Zone, Vadodara Municipal Corporation, Vadodara.",140000000.00,31-08-2026 16:00:00,,,no,"The tender is for security personnel services, unrelated to medical or diagnostic products."
21,332885,Tender Notice 6 Year 2026-2027,NWR-Kachchh Irrigation Division,FDR Work of Kaila Big River Checkdam near Village Zura in Bhuj Taluka of Kachchh District,1646306.00,24-08-2026 18:00:00,,,no,"The title describes civil construction work for a checkdam, unrelated to medical or diagnostic products."
22,333074,07(2026-2027),GSPHC-Ahmedabad Division,"Demolition of PSQ B-24 Units at Bagodara police line ,Dist : Ahmedabad Rural removing debris and leveling the land(First attempt)",172200.00,31-08-2026 18:00:00,,,no,"The tender is for demolition and land leveling, unrelated to medical or diagnostic products."
23,331213,02/2026-27,WASMO-District Water and Sanitation Unit - Navsari,"(02) Leakage Repairing Work in Different Villages of Vansda Taluka, Dist. Navsari ,under AUGMENTATION IN TAP CONNECTIVITY IN RURAL AREAS TRIBAL PROGRAMME 2026-27. (2nd Call)",4500000.00,24-08-2026 18:00:00,,,no,"The tender concerns civil water leakage repair and tap connectivity, unrelated to medical or diagnostic products."
24,333100,UGVCL/TALOD DO/ TENDER/2026-27/24,UGVCL-Talod Division,TENDER FOR HIRING OF CLOSED BODY JEEP DIESEL BOLERO NON AC VEHICLE HAVING JEEP/TAXI/MAXI PASSING WITH DRIVER AT Talod-1 SDN UNDER TALOD DIVISION.,1893612.00,20-08-2026 16:00:00,,,no,"The tender is for hiring a diesel jeep vehicle with driver, which has no relation to surgical or diagnostic products."
25,332928,01/2026-2027,HFW-General Hospital - Mehsana,PURCHASE OF Implants AT GENERAL HOSPITAL MEHSANA. Year 2026-28,,31-08-2026 18:00:00,,Unknown,no,"[2nd-pass REJECTED] The tender seeks generic medical implants, which are not among Meril's listed surgical/endosurgery or IVD diagnostic products."
26,332882,Tender Notice 5 Year 2026-2027,NWR-Kachchh Irrigation Division,Construction of Mekran Kotay Recharge Tank across Local Vokla near Village Kunariya in Bhuj Taluka of Kachchh District,27689963.72,31-08-2026 18:00:00,,,no,"The title describes a civil construction project for a recharge tank, unrelated to medical, surgical, or diagnostic products."
27,333117,284-4/26-27,VMC-Vadodara Mahanagar Seva Sadan,"Tender for Selection of Service Provider for Security Services by deploying required number of security personnel to Safeguard, monitor & maintain security at different offices / locations/ installations for One Year South Zone, Vadodara Municipal Corporation, Vadodara.",70000000.00,31-08-2026 16:00:00,,,no,"The tender is for security personnel services, unrelated to medical, surgical, or diagnostic products."
28,333099,RW No.:- 02/2026-27 (Re-Invite),AUDA-Ahmedabad Urban Development Authority,"Repairing, Maintaining & Patchwork of various TP Road From Ramol Toll plaza to Kamod Junction including Mahemdavad & Bareja Growth center and various other TP Road of Section- 02 in AUDA Area. (RW No.:- 02/2026-27) Re-invite",29944876.00,19-08-2026 18:00:00,,,no,"The tender concerns road repair and maintenance, unrelated to medical/surgical or diagnostic products."
29,333056,14 of 2026 -27,SYCAD-Sports Authority of Gujarat,"Construction of Nagarpalika Library at Chorwad, Dist. Junagadh (2nd Attempt)",24584459.40,24-08-2026 18:00:00,,,no,"The tender is for construction of a library, which is unrelated to medical, surgical or diagnostic products."
30,333070,14 of 2026 -27,SYCAD-Sports Authority of Gujarat,"Construction of Nagarpalika Library at Devbhoomi Dwarka, Dist. Devbhoomi Dwarka (2nd Attepmt)",24588622.35,24-08-2026 18:00:00,,,no,"The title refers to construction of a library, which is unrelated to surgical or diagnostic products."
31,332881,Tender Notice 5 Year 2026-2027,NWR-Kachchh Irrigation Division,Construction of Kunariya Pond across Local Vokla near Village Kunariya in Bhuj Taluka of Kachchh District,13111731.38,31-08-2026 18:00:00,,,no,"The title refers to civil construction of a pond, which is unrelated to Meril's surgical or diagnostic product lines."
32,333098,284-2/26-27,VMC-Vadodara Mahanagar Seva Sadan,"Tender for Selection of Service Provider for Security Services by deploying required number of security personnel to Safeguard, monitor & maintain security at different offices / locations/ installations for One Year West Zone, Vadodara Municipal Corporation, Vadodara.",90000000.00,31-08-2026 16:00:00,,,no,"The tender is for security personnel services, unrelated to medical, surgical, or diagnostic products."
33,331208,02/2026-27,WASMO-District Water and Sanitation Unit - Navsari,"(01) Leakage Repairing Work in Different Villages of Chikhli & Khergam Taluka, Dist. Navsari, under AUGMENTATION IN TAP CONNECTIVITY IN RURAL AREAS TRIBAL PROGRAMME 2026-27 (2nd Call)",4500000.00,24-08-2026 18:00:00,,,no,"The title describes civil water tap connectivity and leakage repair work, unrelated to medical, surgical, or diagnostic products."
34,333094,Tender No.02/Electric Department/ VSGH/2026-27,AMC-Vadilal Sarabhai General Hospital,Tender for Electric Accessories Purchase Rate contract For One Years,500000.00,31-08-2026 16:00:00,,,no,"The title concerns electric accessories, which are unrelated to Meril's surgical or diagnostic products."
35,333039,284-1/26-27,VMC-Vadodara Mahanagar Seva Sadan,"Tender for Selection of Service Provider for Security Services by deploying required number of security personnel to Safeguard, monitor & maintain security at different offices / locations/ installations for One Year East Zone, Vadodara Municipal Corporation, Vadodara",135000000.00,31-08-2026 16:00:00,,,no,"The tender seeks security personnel services, unrelated to medical or diagnostic products."
36,333078,TCNS/TR/ET-94/2026-27,GETCO-GETCO Transmission Circle Office - Navsari,"Survey, Design, Supply, Installation, Commission and maintenance of Solar PV System for 5 years as a rooftop at Control Room terrace of various Substation of Vapi AM Division - Pkg I under Navsari Circle.",9616695.70,25-08-2026 16:00:00,,,no,Hard-reject: civil/electrical-infra signal 'substation' — not a Meril product.
37,333087,01 of 2026-27,WASMO-District Water and Sanitation Committee - Ahmedabad,"Own Designing and Constructing RCC ESR 50000 liter capacity and 12.0 meter height, Distribution and Rising Main Pipe line, Pump room, Pumping machinery at Moti Rantai, Taluka: Detroj , District Ahmedabad ( 11 trial)",1629174.00,27-08-2026 16:00:00,,,no,"The title describes construction of a large RCC storage tank, pipelines, and pumping machinery, which is civil infrastructure, not medical or diagnostic equipment."
38,333028,Tender No.03/ 2026-27/Account Department,AMC-Vadilal Sarabhai General Hospital,"Providing Professional Service of Accounting, Finance and Taxation Work in Sheth V.S.General Hospital & Sheth Chinai Maternity Hospital For Two Year",,17-08-2026 14:00:00,,,no,"The tender is for accounting, finance and taxation services, not medical or diagnostic products."
39,333067,MGVCL/MBAD/08/TC/01 PR NO:-231910.,MGVCL-Mahemdabad (O & M) Division Office,"Annual Rate Contract for providing outsource labours for Repairing of Various rating (5KVA to 500 KVA) Distribution Transformers having CRGO & Amorphous core on rating wise Fixed rate at in-house repairing center, at any place under jurisdiction of Mahemdabad Division under Nadiad (O&M) Circle of MGVCL",2946010.00,01-09-2026 16:00:00,,,no,Hard-reject: civil/electrical-infra signal 'distribution transformer' — not a Meril product.
40,333042,TCJ/26-27/47,GETCO-GETCO Transmission Circle Office - Jamnagar,"Work of erection of 66KV equipment, structures, control wiring, yard lighting, installation of earthing, control room electrification, providing & fixing of furniture etc. at 66KV Tankariya S/S.",3425145.50,31-08-2026 16:00:00,,,no,"The title describes electrical and civil works for a 66KV substation, which is unrelated to medical or diagnostic products."
41,333077,09/2026-2027,R&B-Road and Building Department Jilla Panchayat Ahmedabad,"Construction of Anganwadi @ Vani-2, Ta. Viramgam Dist. Ahmedabad. PKG No AHD/Anganwadi -56/ 2026-27 (Third Time)",1478451.02,20-08-2026 18:00:00,,,no,"The tender is for construction of an Anganwadi facility, which is a civil work unrelated to surgical or diagnostic products."
42,333079,01 of 2026-27,WASMO-District Water and Sanitation Committee - Ahmedabad,"RCC ESR 80000 Liter capacity and 12.0 meter height, Distribution pipeline, Pumping machinery At:- Arnej, Taluka:- Dholka ,District : Ahmedabad",1689616.79,27-08-2026 16:00:00,,,no,"Tender concerns a large RCC distribution pipeline and pumping machinery, unrelated to surgical or diagnostic products."
43,332935,01/2026-2027,HFW-General Hospital - Mehsana,PURCHASE OF Laboratory Items AT GENERAL HOSPITAL MEHSANA. Year 2026-28,,31-08-2026 18:00:00,,Diagno,no,"[2nd-pass REJECTED] The tender only refers to generic laboratory items without specifying IVD diagnostic or surgical products covered by Meril, so it cannot be confirmed as relevant."
44,333065,UGVCL/TALOD DO/WORKS /2026-27/23,UGVCL-Talod Division,Tender for Hiring of vehicle Closed Body Jeep Diesel Bolero Non AC Vehicle Having Jeep/Taxi/Maxi Passing with Driver at Talod-2 sdn Under Talod do.,1893612.00,20-08-2026 16:00:00,,,no,"The tender is for hiring a closed-body vehicle, unrelated to medical or diagnostic products."
45,331111,CE(P & C)/Contracts/Civil-661/26-27/66kV Dediyasan SS,GETCO-GETCO- Vadodara,"Construction of Control Room Building, Foundations, Cable Trench, Compound Wall, RCC Road & misc. Civil works etc at 66 KV Dediyasan GIDC SSTa and Dist Mehsana under Mehsana circle",19153153.00,01-09-2026 16:00:00,,,no,Hard-reject: civil/electrical-infra signal 'cc road' — not a Meril product.
46,333058,6-11 of 2026-27,R&B-Surat Division 1,"Providing Security Services in Campus of Jilla Seva Sadan-2 at Athwalines, Surat.",2071297.41,25-08-2026 18:00:00,,,no,"The tender is for security services, which is unrelated to medical, surgical, or diagnostic products."
47,333015,07(2026-2027),GSPHC-Ahmedabad Division,Demolition of Old RB Units of Danapith police line removing debris and leveling the land(First attempt),96150.00,31-08-2026 18:00:00,,,no,"The title describes demolition and land leveling, which are construction activities unrelated to medical or diagnostic products."
48,333050,2026-27/02/Legacy Waste,NAGARPALIKA-Chotila Nagarpalika,"Operation Bio-Mining of Legacy Waste Works at Various Locations of Chotila Nagarpalika Area, Chotila. (Under SBM 2.0 Solid Waste Management Grant)",1756800.00,24-08-2026 18:00:00,,,no,"Tender pertains to solid waste management and bio‑mining, unrelated to medical, surgical or diagnostic products."
49,333055,E-TENDER NOTICE NO-UGVCL-RDN-DO-04-2026-27 SNR-02,UGVCL-Division Office - Radhanpur,E-TENDER FOR HIRING OF JEEP-DALU (ARTICULATED HYDRAULIC ELEVATING PLATFORM MOUNTED WITH FRP LADDER (LATEST MODEL) FOR UTILIZATION IN VARIOUS S/DN UNDER HEADQUARTER AT BHABHAR SDN UNDER RADHANPUR DIVISION OFFICE FOR 2 YEAR.,2910871.20,20-08-2026 15:00:00,,,no,"The tender is for hiring a hydraulic elevating platform, which is unrelated to Meril's surgical or diagnostic product lines."
50,333032,WE-373,GSECL-Kutch Lignite Thermal Power Station,Job contract for works of attending daily/routine defects preventive maintenance shutdown emergency maintenance of Electrical auxiliaries under EMD 2 SWYD at KLTPS GSECL,,01-09-2026 18:00:00,,,no,"The title refers to electrical auxiliary maintenance work, not medical or diagnostic products."
1,333055,E-TENDER NOTICE NO-UGVCL-RDN-DO-04-2026-27 SNR-02,UGVCL-Division Office - Radhanpur,E-TENDER FOR HIRING OF JEEP-DALU (ARTICULATED HYDRAULIC ELEVATING PLATFORM MOUNTED WITH FRP LADDER (LATEST MODEL) FOR UTILIZATION IN VARIOUS S/DN UNDER HEADQUARTER AT BHABHAR SDN UNDER RADHANPUR DIVISION OFFICE FOR 2 YEAR.,2910871.20,20-08-2026 15:00:00,,,no,"The tender is for hiring a hydraulic elevating platform, which is unrelated to surgical or diagnostic products."
2,333032,WE-373,GSECL-Kutch Lignite Thermal Power Station,Job contract for works of attending daily/routine defects preventive maintenance shutdown emergency maintenance of Electrical auxiliaries under EMD 2 SWYD at KLTPS GSECL,,01-09-2026 18:00:00,,,no,"The title refers to electrical auxiliary maintenance work, not medical or diagnostic products."
3,333007,Tender no 01/Electric Department/ VSGH/2026-27,AMC-Vadilal Sarabhai General Hospital,Comprehensive Maintenance Contract of Different types of SPLIT & WINDOW Air-Conditioners in V.S.Hospital ( one year rate tender),400000.00,31-08-2026 16:00:00,,,no,"The tender concerns maintenance of air‑conditioners, which is unrelated to Meril's surgical or diagnostic product lines."
4,327837,MDCMPUL/CF/2026-27/19,DAIRIES-Dudhsagar Dairy,Supply of Cattle Feed Raw Material and Packaging material for the cattle feed plants located at Jagudan and Ubkhal,95000000.00,17-08-2026 17:00:00,,,no,"The tender concerns cattle feed raw material and packaging, which are unrelated to surgical/endosurgery or IVD products."
5,333041,"DMC/EZ-A/03/2026-27, Work No.02",SMC-Surat Mahanagar Seva Sadan,Construction of Cement Concrete Pavement and allied works on 18.00 mt.T.P. Road. From F.P-37 Rachana circle to F.P-58 Bhagvati Circle in T.P-16(Kapodra) in East (Varachha) Zone-A. (4th Attempt),57820107.58,24-08-2026 18:00:00,,,no,"The title concerns road construction and concrete pavement, which is unrelated to surgical or diagnostic products."
6,333024,UGVCL/TALOD DO/E-TENDER/2026-27/NO.22,UGVCL-Talod Division,"Annual Tender for Loading, Un-Loading & Stacking of Store Materials for Talod Do.",1000000.00,20-08-2026 15:00:00,,,no,"The title refers to logistics services for loading and stacking store materials, with no medical or diagnostic context."
7,333031,6-10 of 2026-27,R&B-Surat Division 1,"Security of R&B Bhavan at Nanpura, Surat.",1553473.37,25-08-2026 18:00:00,,,no,"The title refers to security services for a building, which does not involve medical, surgical, or diagnostic products."
8,333017,E-TENDER NOTICE NO-UGVCL-RDN-DO-04-2026-27 SNR-01,UGVCL-Division Office - Radhanpur,E-TENDER FOR LOADING & UNLOADING OF MATERIAL AND TRANSFORMER FROM RSO AND VARIOUS STORES TO RADHANPUR STORE UNDER RADHANPUR DIVISION OFFICE.,1999994.00,20-08-2026 15:00:00,,,no,The title concerns material and transformer logistics with no medical or diagnostic context.
9,333025,09/2026-2027,R&B-Road and Building Department Jilla Panchayat Ahmedabad,"Construction of Anganwadi @ Liya-2 & Thori Thambhal-1, Ta. Viramgam Dist. Ahmedabad. PKG No AHD/Anganwadi -51/ 2026-27 (Third Time)",2956901.98,20-08-2026 18:00:00,,,no,"The tender is for construction of an Anganwadi center, which is unrelated to surgical or diagnostic products."
10,333027,2026-27/01/Under 15th FC Grant,NAGARPALIKA-Chotila Nagarpalika,"Various Water Supply Department Works In Chotila Municipality Area, Chotila (Under 15th FC Grant)",3235166.00,24-08-2026 18:00:00,,,no,"The tender concerns water supply department works, which are civil infrastructure and not related to medical, surgical or diagnostic products."
11,332987,05/2026-27,NAGARPALIKA-Vyara Nagarpalika,"Proposed Development Of Saiyaji Cricket Ground At Vyara, For Vyara Nagar Palika Di.-Tapi. Tapi ( with 3 year maintnace grantee period ) under SJMMSVY-Aagvi odakh",44725620.00,29-08-2026 18:00:00,,,no,"The tender is for the development and maintenance of a cricket ground, unrelated to medical, surgical, or diagnostic products."
12,332996,17/2026,GWIL-Gujarat Water Infrastructure Ltd,"Supply, Installation, Testing & Commissioning of 700 KW, 989 RPM, 6.6 KV HT 3-Phase Induction Motor compatible to existing base frame of Wilo make HSCF Pump installation with suitable Coupling & other required accessories including Insurance, Transportation, Loading, Unloading, Inspection charges etc. complete for NC-6, Khirai Pumping Station, Tal-Maliya, Dist-Morbi (3rd Attempt)",3798020.00,29-08-2026 18:00:00,,,no,"The tender concerns an industrial induction motor and pump accessories, not medical or diagnostic products."
13,333021,279/2026-27,VMC-Vadodara Mahanagar Seva Sadan,"Hiring of Commercial Vehicles (Taxi) for various activities under the Programs supported by Urban Health Society, VMC",8400000.00,18-08-2026 16:00:00,,,no,"The title pertains to hiring taxis, unrelated to medical, surgical, or diagnostic products."
14,333023,"Dy. Commissioner/ S. W. (Athwa) Zone / No.03/ 2026-2027,WORK NO.08",SMC-Surat Mahanagar Seva Sadan,"MAINTENANCE AND REPAIRING WORK OF SURAT URBAN OBSERVATORY AND RESPONSE CENTRE (ICCC) BUILDING NEAR BREADLINEAR CIRCLE IN SOUTH WEST (ATHWA) ZONE, SURAT.",11199900.01,25-08-2026 18:00:00,,,no,"The title refers to building maintenance and repair work, which is unrelated to medical, surgical, or diagnostic products."
15,332999,8 OF 2026-27,R&B-Surat Division 2,"Providing and Placing Partition ILR Office at Taluka Seva Sadan Olpad, Tal.Olpad, Dist.Surat.",754113.75,20-08-2026 18:00:00,,,no,"The tender is for providing and placing office partitions, which is a construction activity unrelated to medical or diagnostic products."
16,333004,11 of 2026-27,"NWR-NWRWS And Kalpsar Dept. Irrigation Mech. Dn. No. 7, Ahmedabad","Providing and erecting LED Street light, Flood light, pole, Pole box, cable, cable tray, Stabilizer, Starter repairing, Magnetic Brake servicing and Dismantling of existing old material and other electrical works at Khedva Irrigation Project. (Dist.: Sabarkantha)",699709.00,24-08-2026 18:00:00,,,no,"The tender concerns LED street lights, poles, cables and electrical works for an irrigation project, which are civil/electrical items unrelated to Meril's surgical or diagnostic products."
17,333022,DY. COMMISSIONER/NEW EAST(SARTHANA) ZONE/ NO.05/2026-27 Work No.07,SMC-Surat Mahanagar Seva Sadan,"Repairing & desilting of machine holes by entering skill labour with using necessary protecting gears and safety equipments, placing plugs and dewatering pumps etc. In various existing sewage/storm drainage lines, machineholes etc. Including carting of desilted materials and debris from site and finding the machinehole chamber cover with the use of metal detector machine and level the machinehole to the existing road level at various places in South Side area of Tapi River in New East (Sarthana) Zone. (II ATTEMPT)",,29-08-2026 18:00:00,,,no,"The title describes civil drainage and desilting work, not medical or diagnostic products."
18,333018,6-9 of 2026-27,R&B-Surat Division 1,"Security of Old MS Building at Nanpura, Surat.",1889036.35,25-08-2026 18:00:00,,,no,"The title concerns building security services, unrelated to medical, surgical, or diagnostic products."
19,333001,09/2026-2027,R&B-Road and Building Department Jilla Panchayat Ahmedabad,"Construction of Anganwadi @ Gunjala-2, Dadhana-2 & Bajaniyapura Ta. Mnadal Dist.Ahmedabad. PKG No AHD/Anganwadi -40/ 2026-27 (Third Time)",4435353.00,20-08-2026 18:00:00,,,no,"The title refers to construction of Anganwadi facilities, which is civil work unrelated to surgical or diagnostic products."
20,333002,DY. COMMISSIONER/NEW EAST(SARTHANA) ZONE/ NO.05/2026-27 Work No.06,SMC-Surat Mahanagar Seva Sadan,"Repairing & desilting of machine holes by entering skill labour with using necessary protecting gears and safety equipments, placing plugs and dewatering pumps etc. In various existing sewage/storm drainage lines, machineholes etc. Including carting of desilted materials and debris from site and finding the machinehole chamber cover with the use of metal detector machine and level the machinehole to the existing road level at various places in North Side area of Tapi River in New East (Sarthana) Zone.( II ATTEMPT )",,29-08-2026 18:00:00,,,no,The tender concerns civil infrastructure work (sewage/storm drainage repair) with no medical or diagnostic relevance.
21,333013,Dy.Commissioner/S.W.(A) Zone/No.03/2026-2027 (Work No.3),SMC-Surat Mahanagar Seva Sadan,Providing and Fixing Chainlink Fencing Including Civil Work on Existing Road Divider From Jolly Party Plot Junction (Udhna- Magdalla Road) to Chai -Bike Junction (Vip Road) in D.T.P.No.29 (Rundh-Vesu-Magdalla) & P.T.P.No-07(Vesu- Magadalla) in South West (Athwa) Zone. (2nd Attempt),3569816.15,25-08-2026 18:00:00,,,no,"The tender concerns chainlink fencing and civil work on road dividers, which is unrelated to surgical or diagnostic products."
22,333006,6-8 of 2026-27,R&B-Surat Division 1,"Upkeeping work for Cleaning the Toilet block, passage and campus of Transfery Hostel at Athwagate, Surat.",880547.58,25-08-2026 18:00:00,,,no,"The title describes cleaning and upkeep of hostel facilities, unrelated to medical, surgical, or diagnostic products."
23,333003,Dy.Commissioner/S.W.(A.) Zone/No.03/2026-2027 (Work no.02),SMC-Surat Mahanagar Seva Sadan,"ANNUAL RATE FOR REPARING OF EXISTING R.C.C.PARDI OF DIVIDER IN SOUTH WEST (ATHWA) ZONE AREA, SURAT.",3511025.00,25-08-2026 18:00:00,,,no,"The title refers to repairing reinforced cement concrete structures, which is a civil construction activity unrelated to medical or diagnostic products."
24,332711,MSNCO/99/2026,"UGVCL-Circle Office, Mehsana",Renovation work of Chanasma Sub Division Office with modular furniture work at Chanasma under Patan Division,4460436.89,24-08-2026 18:00:00,,,no,"The title refers to renovation and modular furniture work, which is unrelated to surgical or diagnostic products."
25,332861,HDQ-02/26,DPA-Town Development Division,Providing Portable cabin of MS container for Fire personnel at Cargo Berth No. 03,480000.00,25-08-2026 16:02:00,,,no,"The tender concerns a portable cabin for fire personnel, unrelated to medical, surgical or diagnostic products."
26,332984,33-2026/2027,R&B-Panchayat-Bhuj,CONSTRUCTION OF ATALWADI PKG 02 AT VILLAGE VANDHIYA TAL. BHACHAU &MOTI CHIRAI TAL.BHACHAU,9325225.72,29-08-2026 18:00:00,,,no,"The title refers to a construction project, which is unrelated to surgical or diagnostic products."
27,332985,Muni/PWD/- dt. 06/08/2026:T75q,NAGARPALIKA-Kodinar Nagarpalika,"Maintenance of Panel Board at Various Pumping stations, Kodinar",1724000.00,24-08-2026 18:00:00,,,no,"The tender concerns maintenance of panel boards at pumping stations, which is unrelated to medical or diagnostic products."
28,332998,6-7 of 2026-27,R&B-Surat Division 1,Upkeeping of Cleaning the Passage and Campus of Government Staff Quarters at Khatodara Colony at Surat,2954869.31,25-08-2026 18:00:00,,,no,"The tender concerns cleaning and upkeep of government staff quarters, which is unrelated to medical, surgical, or diagnostic products."
29,332995,6-6 of 2026-27,R&B-Surat Division 1,Upkeeping work for Cleaning the Passage and Campus of Government Staff Quarters at Navsari Bazar at Surat.,935300.17,25-08-2026 18:00:00,,,no,"The title describes cleaning and maintenance work for government staff quarters, which is unrelated to medical, surgical, or diagnostic products."
30,332990,TCJ/26-27/45,GETCO-GETCO Transmission Circle Office - Jamnagar,"Hiring of AC, Diesel/Petrol driven SUV/MUV with airbag and minimum 6+1 seating capacity for 12 Hrs. per day for One Years, maximum 3000 km per month for DE (Tech-2) Construction under Jamnagar Construction Division of Jamnagar TR Circle (Model Preferable: Mahindra Scorpio N Z8,Mahindra Bolero Neo or Higher Model with RTO Taxi/Maxi Passing).",756693.00,31-08-2026 16:00:00,,,no,"Tender is for hiring a vehicle for construction purposes, unrelated to surgical or diagnostic products."
31,332992,10/2026-27,NAGARPALIKA-Mahemdabad Nagarpalika,Construction of new compound wall at sr no 910 at mehmadabad nagarpalika dist.kheda,1104240.00,19-08-2026 18:00:00,,,no,"The title refers to construction of a compound wall, which is a civil work unrelated to medical, surgical, or diagnostic products."
32,332986,6-5 of 2026-27,R&B-Surat Division 1,Upkeeping work for Cleaning the passage & Campus of Government Staff Quarters at Athwalines at Surat.,1683866.21,25-08-2026 18:00:00,,,no,"The tender is for cleaning work at staff quarters, which is unrelated to medical, surgical, or diagnostic products."
33,332876,25 of 2026,UNMICRC-U N Mehta Institute of Cardiology and Research Centre,E-Tender For Rate Contract For Painting Work and Material Supply for U. N. Mehta Institute of Cardiology and Research Centre,,31-08-2026 15:00:00,,,no,"The tender is for painting work and material supply, which is unrelated to Meril's surgical or diagnostic product lines."
34,332684,6-4 of 2026-27,R&B-Surat Division 1,"Upkeeping work for Cleaning the Passage & Campus of Government Officers at Prant House, Athwalines at Surat.",1683866.21,25-08-2026 18:00:00,,,no,"The tender concerns cleaning services for a government building, which is unrelated to surgical or diagnostic products."
35,332981,Muni/PWD/- dt. 06/08/2026:T75o-QZ27c,NAGARPALIKA-Kodinar Nagarpalika,Bid Documents for Remediation of Legacy waste 3.0 (MSW) at dumpsite through bio-mining process under SBM 2.0 Grant for Kodinar Nagarpalika,2324800.00,24-08-2026 18:00:00,,,no,"The tender is about waste remediation and bio‑mining, unrelated to medical, surgical, or diagnostic products."
36,332940,33-2026/2027,R&B-Panchayat-Bhuj,CONSTRUCTION OF ATALWADI PKG 01 AT VILLAGE BHARUDIYA TAL. BHACHAU & LODRANI TAL.RAPAR,9325225.72,29-08-2026 18:00:00,,,no,"Title refers to construction work, no medical or diagnostic relevance."
37,332982,E Tender Notice no – 6/2026-27 Tender no – 21,AMC-North Zone,REPAIRING OF RCC ROAD AT DIFF. LOCATION IN SARASPUR RAKHIYAL WARD OF NORTH ZONE.,1000000.00,17-08-2026 17:00:00,,,no,Hard-reject: civil/electrical-infra signal 'cc road' — not a Meril product.
38,332936,01/2026-2027,HFW-General Hospital - Mehsana,"Purchase of Surgical Items at General Hospital, Mehsana For Year 2026-2028",,31-08-2026 18:00:00,,Endo,proceed_futher,"[2nd-pass CONFIRMED] The tender explicitly requests purchase of surgical items for a hospital, matching Meril Endo's product range.  [Category: Surgical Kits]"
